-- ------------------------------------------------------------
-- MARK: schema.sql
-- ------------------------------------------------------------

-- Drop tables in reverse order
SET FOREIGN_KEY_CHECKS = 0;

DROP TABLE IF EXISTS movie_releases;
DROP TABLE IF EXISTS releases;
DROP TABLE IF EXISTS events;
DROP TABLE IF EXISTS countries;
DROP TABLE IF EXISTS movie_studios;
DROP TABLE IF EXISTS studios;
DROP TABLE IF EXISTS movie_languages;
DROP TABLE IF EXISTS languages;
DROP TABLE IF EXISTS movie_lists_tags;
DROP TABLE IF EXISTS tags;
DROP TABLE IF EXISTS movie_lists_movie;
DROP TABLE IF EXISTS movie_lists;
DROP TABLE IF EXISTS watch_comments;
DROP TABLE IF EXISTS watches;
DROP TABLE IF EXISTS user_follows;
DROP TABLE IF EXISTS users;        

SET FOREIGN_KEY_CHECKS = 1;

-- ---------------------------------------------------------
-- MARK: Create all tables
-- ---------------------------------------------------------


CREATE TABLE users (
  id BIGINT UNSIGNED AUTO_INCREMENT PRIMARY KEY,
  name VARCHAR(50) NOT NULL,
  email VARCHAR(50) NOT NULL UNIQUE,
  profile_image CHAR(200),
  password CHAR(64) NOT NULL,
  created_at DATETIME NOT NULL,
  updated_at DATETIME NOT NULL
);


CREATE TABLE user_follows (
  id BIGINT UNSIGNED AUTO_INCREMENT PRIMARY KEY,
  user_id BIGINT UNSIGNED NOT NULL,
  follow_user_id BIGINT UNSIGNED NOT NULL,
  created_at DATETIME NOT NULL,
  FOREIGN KEY (user_id) REFERENCES users(id) ON DELETE CASCADE,
  FOREIGN KEY (follow_user_id) REFERENCES users(id) ON DELETE CASCADE,
  UNIQUE (user_id, follow_user_id)
);


CREATE TABLE watches (
  id BIGINT UNSIGNED AUTO_INCREMENT PRIMARY KEY,
  liked TINYINT NOT NULL,
  is_private TINYINT NOT NULL,
  rating INT(10),
  review_text TEXT,
  movie_id BIGINT UNSIGNED NOT NULL,
  user_id BIGINT UNSIGNED NOT NULL,
  created_at DATETIME NOT NULL,
  updated_at DATETIME NOT NULL,
  FOREIGN KEY (movie_id) REFERENCES movie(id) ON DELETE CASCADE,
  FOREIGN KEY (user_id) REFERENCES users(id) ON DELETE CASCADE
);


CREATE TABLE watch_comments (
  id BIGINT UNSIGNED AUTO_INCREMENT PRIMARY KEY,
  liked TINYINT NOT NULL,
  comment_text TEXT,
  user_id BIGINT UNSIGNED NOT NULL,
  watch_id BIGINT UNSIGNED NOT NULL,
  created_at DATETIME NOT NULL,
  updated_at DATETIME NOT NULL,
  FOREIGN KEY (user_id) REFERENCES users(id) ON DELETE CASCADE,
  FOREIGN KEY (watch_id) REFERENCES watches(id) ON DELETE CASCADE
);


CREATE TABLE movie_lists (
  id BIGINT UNSIGNED AUTO_INCREMENT PRIMARY KEY,
  name CHAR(50) NOT NULL,
  is_watch_list TINYINT NOT NULL,
  is_private TINYINT NOT NULL,
  user_id BIGINT UNSIGNED NOT NULL,
  created_at DATETIME NOT NULL,
  updated_at DATETIME NOT NULL,
  FOREIGN KEY (user_id) REFERENCES users(id) ON DELETE CASCADE
);

CREATE TABLE movie_lists_movie (
  id BIGINT UNSIGNED AUTO_INCREMENT PRIMARY KEY,
  movie_list_id BIGINT UNSIGNED NOT NULL,
  movie_id BIGINT UNSIGNED NOT NULL,
  created_at DATETIME NOT NULL,
  FOREIGN KEY (movie_list_id) REFERENCES movie_lists(id) ON DELETE CASCADE,
  FOREIGN KEY (movie_id) REFERENCES movie(id) ON DELETE CASCADE,
  UNIQUE (movie_list_id, movie_id)
);


CREATE TABLE tags (
  id BIGINT UNSIGNED AUTO_INCREMENT PRIMARY KEY,
  name CHAR(50) NOT NULL,
  created_at DATETIME NOT NULL,
  updated_at DATETIME NOT NULL
);

CREATE TABLE movie_lists_tags (
  id BIGINT UNSIGNED AUTO_INCREMENT PRIMARY KEY,
  is_primary TINYINT NOT NULL,
  movie_list_id BIGINT UNSIGNED NOT NULL,
  tag_id BIGINT UNSIGNED NOT NULL,
  created_at DATETIME NOT NULL,
  FOREIGN KEY (movie_list_id) REFERENCES movie_lists(id) ON DELETE CASCADE,
  FOREIGN KEY (tag_id) REFERENCES tags(id) ON DELETE CASCADE,
  UNIQUE (movie_list_id, tag_id)
);


CREATE TABLE people (
  id BIGINT UNSIGNED AUTO_INCREMENT PRIMARY KEY,
  name CHAR(50) NOT NULL,
  bio TEXT NOT NULL,
  created_at DATETIME NOT NULL,
  updated_at DATETIME NOT NULL
);


CREATE TABLE languages (
  id BIGINT UNSIGNED AUTO_INCREMENT PRIMARY KEY,
  name CHAR(50) NOT NULL,
  created_at DATETIME NOT NULL,
  updated_at DATETIME NOT NULL
);

CREATE TABLE movie_languages (
  id BIGINT UNSIGNED AUTO_INCREMENT PRIMARY KEY,
  is_primary TINYINT NOT NULL,
  movie_id BIGINT UNSIGNED NOT NULL,
  language_id BIGINT UNSIGNED NOT NULL,
  created_at DATETIME NOT NULL,
  FOREIGN KEY (movie_id) REFERENCES movie(id) ON DELETE CASCADE,
  FOREIGN KEY (language_id) REFERENCES languages(id) ON DELETE CASCADE,
  UNIQUE (movie_id, language_id)
);


CREATE TABLE studios (
  id BIGINT UNSIGNED AUTO_INCREMENT PRIMARY KEY,
  name CHAR(50) NOT NULL,
  bio TEXT NOT NULL,
  created_at DATETIME NOT NULL,
  updated_at DATETIME NOT NULL
);

CREATE TABLE movie_studios (
  id BIGINT UNSIGNED AUTO_INCREMENT PRIMARY KEY,
  movie_id BIGINT UNSIGNED NOT NULL,
  studio_id BIGINT UNSIGNED NOT NULL,
  created_at DATETIME NOT NULL,
  FOREIGN KEY (movie_id) REFERENCES movie(id) ON DELETE CASCADE,
  FOREIGN KEY (studio_id) REFERENCES studios(id) ON DELETE CASCADE,
  UNIQUE (movie_id, studio_id)
);


CREATE TABLE countries (
  id BIGINT UNSIGNED AUTO_INCREMENT PRIMARY KEY,
  name CHAR(50) NOT NULL,
  flag_url CHAR(50) NOT NULL
);

CREATE TABLE events (
  id BIGINT UNSIGNED AUTO_INCREMENT PRIMARY KEY,
  name CHAR(50) NOT NULL,
  date DATE NOT NULL,
  created_at DATETIME NOT NULL,
  updated_at DATETIME NOT NULL
);

CREATE TABLE releases (
  id BIGINT UNSIGNED AUTO_INCREMENT PRIMARY KEY,
  name CHAR(50) NOT NULL,
  date DATE NOT NULL,
  release_type ENUM('theatrical','digital','dvd','festival') NOT NULL,
  event_id BIGINT UNSIGNED,
  country_id BIGINT UNSIGNED NOT NULL,
  created_at DATETIME NOT NULL,
  updated_at DATETIME NOT NULL,
  FOREIGN KEY (event_id) REFERENCES events(id),
  FOREIGN KEY (country_id) REFERENCES countries(id)
);

CREATE TABLE movie_releases (
  id BIGINT UNSIGNED AUTO_INCREMENT PRIMARY KEY,
  movie_id BIGINT UNSIGNED NOT NULL,
  release_id BIGINT UNSIGNED NOT NULL,
  created_at DATETIME NOT NULL,
  FOREIGN KEY (movie_id) REFERENCES movie(id) ON DELETE CASCADE,
  FOREIGN KEY (release_id) REFERENCES releases(id) ON DELETE CASCADE,
  UNIQUE (movie_id, release_id)
);

-- ------------------------------------------------------------
-- MARK: data.sql
-- ------------------------------------------------------------

-- Seed Data for Letterboxd Database
-- Generated: 2025-12-07T21:25:57.748Z

START TRANSACTION;

-- Users
INSERT INTO users (name, email, profile_image, password, created_at, updated_at) VALUES
('Delia Klein', 'craig_wiza@hotmail.com', NULL, '5c36941afda19b40f1faabc0eafebdfa6dfbf74adccec984c2791a45ce1bbfd8', '2025-06-14 03:21:45', '2025-06-14 03:21:45'),
('Connie Welch', 'vickie4@yahoo.com', NULL, 'c8c4de33f75b4ba0fa3511cd12dca47958ceba4cbd3b778ef3f9dfd81fb3c211', '2025-08-29 07:56:47', '2025-08-29 07:56:47'),
('Hope Smith MD', 'jeromy_okuneva1@hotmail.com', NULL, 'c6ede071354f3114c300e4e95deaac3ab8ccada12069ae2f3ebf73097f3da8e1', '2025-02-17 14:24:06', '2025-02-17 14:24:06'),
('Guy Lubowitz', 'alicia10@yahoo.com', NULL, '3bfbd92c3b6e0d25f845477b7019cd26ab2e2e0b77d61fcd74bcd4fb2ee95e9e', '2024-12-09 19:07:04', '2024-12-09 19:07:04'),
('Angie Pouros', 'gerardo.hartmann32@gmail.com', NULL, '815cf22790b4a7deab80a67ac5d571dd4a21fc5841dd3be78c62bedfafd95eb6', '2025-10-18 15:16:57', '2025-10-18 15:16:57'),
('Vernon Sanford', 'juliet45@hotmail.com', NULL, '8dddb4d21f692ba9ec261c56beecea3ba22f2a77e40878c2452b75020ea380d6', '2025-05-09 21:13:18', '2025-05-09 21:13:18'),
('Dr. Nancy Kovacek PhD', 'kiera9@yahoo.com', NULL, 'f3a7d96ba8f49d1e94f17e99a0b0d5eab2e2f8bcacb8fb0ed0a9e91f550e781a', '2024-05-29 13:52:45', '2024-05-29 13:52:45'),
('Toby Rice', 'hershel.blick54@yahoo.com', NULL, 'dd77a66dcee8ade5dff6d829c4ed5c76a9bfeb6d0e5b4c260f4bff4dcda9a2f0', '2023-08-21 15:16:46', '2023-08-21 15:16:46'),
('Robyn Friesen V', 'ryan57@yahoo.com', NULL, '04edfd8733ffc58492a301954c2ff64343d2f5926b3e2c61bcdcb0f4dca2e13f', '2025-01-29 20:21:24', '2025-01-29 20:21:24'),
('Janie VonRueden', 'dulce_leannon51@hotmail.com', NULL, '6ba6add16719f4d577b2a79abbc265394a8ec6ce04e73020d0fe841bc6aab709', '2024-11-03 07:52:34', '2024-11-03 07:52:34'),
('Mrs. Rosemary Lockman', 'sanford.schoen48@hotmail.com', NULL, 'a6e71e53bc8b01b09cd454bc02848a95b8dbd4a31aececea70a49c5e42bee741', '2024-06-30 14:15:36', '2024-06-30 14:15:36'),
('Warren Kling', 'bertram_yundt69@yahoo.com', NULL, 'ad5df6e6dc10138a89dbbcccfff1efa6dfdbbbc706d8788231a0f1d8b4d76dfe', '2024-03-07 19:03:07', '2024-03-07 19:03:07'),
('Ginger Franey', 'onie.mayert@hotmail.com', NULL, 'eab9b39ba110d91e2a0e61cac7acd81500ecd974bcbdaacae09d0b3afd6a961f', '2024-07-31 10:10:41', '2024-07-31 10:10:41'),
('Roman Ryan', 'emelie.blanda29@gmail.com', NULL, 'cdfb91b186cfa85bd89bb7372ede7b8da04e4edfef7beca14f8dcaa85e743cf2', '2023-06-09 00:38:41', '2023-06-09 00:38:41'),
('Timmy Christiansen-Boyer I', 'clay31@yahoo.com', NULL, '6d70b80df4fafb4efe668af1bebcc46beafebea565d6fc6b3e3ccff3409acc44', '2023-10-23 07:33:55', '2023-10-23 07:33:55'),
('Lawrence Von', 'blaze62@yahoo.com', NULL, 'ca3cd248b8299efda203245edb5a63bfd33230eb43adef0144cba2badc7a2df6', '2025-01-05 07:38:25', '2025-01-05 07:38:25'),
('Rosemarie Bartoletti', 'crystel_mraz@gmail.com', NULL, 'cfc46ade9b9b0133b424a5e0c7cb57e0efcea69a6a41e2fbc5364aa4c0beddcb', '2023-03-20 05:48:37', '2023-03-20 05:48:37'),
('Miss Claire Gislason', 'noah.schowalter@yahoo.com', NULL, 'b77ceb6ec5fdb44be7e6a41d82e38ca2f6b0baaea3d65edbcadc59b8092f29c2', '2025-09-01 14:19:41', '2025-09-01 14:19:41'),
('Kelly Gerlach MD', 'guido46@hotmail.com', NULL, '5da38eb3b1fef72b4ad086ed66df4bb96ba1b72ebd2b95d76e685ec57e7d517a', '2023-08-19 02:57:06', '2023-08-19 02:57:06'),
('Georgia Bernier-Ebert', 'gage.hackett@gmail.com', NULL, 'f73bbf1ddfd8b2dd97be5c3961cc0eefd4c0b7af6d4cc4446f1d9ddadab3df3c', '2024-04-12 13:06:32', '2024-04-12 13:06:32'),
('Judith Greenfelder', 'samanta_kutch19@gmail.com', NULL, 'cada8f1c96deb71dac654cafd616dc30d25e7aacbd9eac8b0dc280b1dab18d41', '2023-05-30 16:51:59', '2023-05-30 16:51:59'),
('Lynda Paucek', 'alta12@gmail.com', NULL, 'ddb1c0ced0c06e9d0a134e911ae9a9195d39ff54fbea4c2deead04c33d94e3d8', '2024-05-14 07:14:51', '2024-05-14 07:14:51'),
('Bertha Gleason', 'norene72@hotmail.com', NULL, '411dc5c89b0fc22bdb3d0b341eccec5a86cf0c7b790a39cf55442ec14f8fa5d9', '2023-04-21 03:09:49', '2023-04-21 03:09:49'),
('Pat Mann', 'rachael_bahringer85@hotmail.com', NULL, 'faee3ff456fd8a0a77dc75f1aefeb22fc3ca7ff64b6ff2ae7d4d02b0f7da41b8', '2023-05-11 07:33:48', '2023-05-11 07:33:48'),
('Jennie Kohler-Smith', 'al.sawayn74@gmail.com', NULL, 'ff49ff364ebf2df7e9d3f1dca414ca7effa67a1c7df8456baf33b4a6ccef9851', '2024-06-14 03:55:07', '2024-06-14 03:55:07'),
('Becky Anderson', 'tyshawn82@hotmail.com', NULL, 'ed8e7c8acbbfd66e91dea28746d4b89fbfd7c7dbdc5fb4e8e4eeb8d6bc6fbed2', '2024-10-28 13:28:45', '2024-10-28 13:28:45'),
('Darin Turcotte', 'rosetta25@gmail.com', NULL, 'b1efdbad5492f43d74fd6c6ec3fadadddd69effa0b2c987c89cb9820aba6cfd0', '2025-08-30 10:40:24', '2025-08-30 10:40:24'),
('Randall MacGyver Sr.', 'darion28@gmail.com', NULL, 'fcf1fccbcc9a475a3fddee97a8acd30de0cdf8f28edb0bd7425a2975abb1d9f4', '2024-07-09 12:32:57', '2024-07-09 12:32:57'),
('Armando Kunde', 'evalyn.treutel48@hotmail.com', NULL, '986cce583df75a2e6034ea9e8e96118dee6a850dcffdf0cdae7ddcab03acee89', '2022-12-25 18:23:25', '2022-12-25 18:23:25'),
('Roberta Hand', 'darrick_corkery42@hotmail.com', NULL, 'dc2b6b8ddb8dd4d75cecdba7f71c8e9f85df8fa3e5e8a5b467aeb6baad8aceeb', '2025-04-15 22:31:39', '2025-04-15 22:31:39'),
('Helen Kunde', 'rosamond71@hotmail.com', NULL, 'efaccab9cde71d11d14ab13dba88da07223d7edbd07ace0df91ad410fd18baaa', '2025-10-29 14:01:21', '2025-10-29 14:01:21'),
('Keith Ledner', 'florian92@gmail.com', NULL, 'ac0bd2a87fea1cfedfd0b4dfe34ac5efe8ecda0a7efdacfaedecac0bc59adf1c', '2025-01-24 11:31:38', '2025-01-24 11:31:38'),
('Barry Weissnat Sr.', 'brice_schuster@hotmail.com', NULL, 'd4aafd1c89ba7b084cdb0dd74196fca39cee519f8d1dbd93d1c5e9ab8ae9c685', '2023-10-20 01:09:05', '2023-10-20 01:09:05'),
('Johnny Moen', 'bessie.connelly@hotmail.com', NULL, 'a5e8eea6f06cc694e78a4fd744fd2f6bb0a0e0216badd99f1e8bee5fe5dff1b6', '2025-07-13 00:22:38', '2025-07-13 00:22:38'),
('Gail Moen', 'araceli_braun@yahoo.com', NULL, 'da6e9f510be33909db3f1c71ea2fa4bbab685e88da14dd38b7dbcc8bdc9ecae7', '2023-09-19 00:27:36', '2023-09-19 00:27:36'),
('Yvette Langosh', 'jessie_vandervort@yahoo.com', NULL, 'fb2cf96bbf2d659dc5dc2700de7eab4ca9cfcfddead3cc1cd2c5bdeef433e4d5', '2023-11-29 15:39:19', '2023-11-29 15:39:19'),
('Mae Jacobs', 'deborah_gutkowski@yahoo.com', NULL, '7e2717a849cd8e21b97ba31bca2e389ebd13f609e8fa6c31f3d49bfbfa5e8d5e', '2024-04-14 14:51:28', '2024-04-14 14:51:28'),
('Johanna Bartoletti', 'jean_deckow28@hotmail.com', NULL, 'f2cc3ac39f7e02dbb9bfcfdf569817ab63bd127b6acacedd396415613a1bd5ec', '2025-02-22 09:41:03', '2025-02-22 09:41:03'),
('Simon Towne', 'elian.batz99@hotmail.com', NULL, '7e74061d1bffc5b566ae8bad0cbbe0863e6ce975cd1ddb03ecd8b2f388decaaa', '2024-10-28 22:36:33', '2024-10-28 22:36:33'),
('Thelma Hoeger', 'oren.pollich@hotmail.com', NULL, 'ca53e5c8e1c1ed96a88fc3f5bb22ed5a86effad0a59ece2e8f058dceaba15bcd', '2024-10-25 00:19:51', '2024-10-25 00:19:51'),
('Celia Powlowski', 'skyla_purdy@gmail.com', NULL, '052d9a7eadd4e59ddf7ac295ddb3b042a86f07c0cf59d7b99bfb0d0b2ac26cbe', '2025-05-23 18:02:47', '2025-05-23 18:02:47'),
('Tracy Quitzon', 'hailee41@yahoo.com', NULL, '6bf49cbd9efd28f4178baacc8ce6aa47e3b97cbf956f5f083fe6e0f9d7ee3f4c', '2023-05-08 06:54:44', '2023-05-08 06:54:44'),
('Minnie Krajcik DDS', 'willow_leuschke@yahoo.com', NULL, 'd36ffaded57d0884ac41b22aca1be3c5e9af0db4a2afa8c55c313c7bef55443d', '2023-11-21 01:20:15', '2023-11-21 01:20:15'),
('Dr. Enrique Haag', 'harmon67@yahoo.com', NULL, 'e2ac318bf4d35cda375ad1dd69b2db3f352ef4c44e6bd4e518baed9dcdcce0ed', '2024-06-09 13:41:47', '2024-06-09 13:41:47'),
('Jermaine Grady DDS', 'opal_wilderman50@hotmail.com', NULL, '0099a8d3c54ba436120e19d8a86ff81ddebfeb245ffc28dcfa03d3d390f8b03d', '2023-08-21 12:33:10', '2023-08-21 12:33:10'),
('Mrs. Sarah Runolfsson Jr.', 'kris95@gmail.com', NULL, 'd7abbb3daa52cddd0e5e34c3120d9dcf80a9dbd85f72c1d4cfd38ab1770ccdf3', '2023-03-08 13:10:51', '2023-03-08 13:10:51'),
('Marshall Walter', 'bobby.doyle92@hotmail.com', NULL, '17ecd89e89ea845ebedfb85aea2e9e26fba8ac7281537d1fade6cdc85b8460a0', '2025-12-07 18:25:23', '2025-12-07 18:25:23'),
('Ms. Misty Krajcik', 'leopold_schoen@gmail.com', NULL, 'bbaabcde10ed8b3cfefadb8dec0eebbf1c35cdcf78bba379ec8afe3e5f7fde39', '2023-06-18 12:22:06', '2023-06-18 12:22:06'),
('Miss Kayla Ratke', 'tyree.huel@gmail.com', NULL, 'fcc62b1fd744ab9d00b2fe23ed4a6f953bd69bb394bb7670ecfded0240d57e31', '2024-11-11 22:05:11', '2024-11-11 22:05:11'),
('Connie Kiehn', 'tate50@yahoo.com', NULL, '83e0ee4bba8fa4e2cd2f0ad21ea89b0bc5d2fcddc65fa341b2df7a82fae1c770', '2023-11-30 02:39:43', '2023-11-30 02:39:43');

-- User Follows
INSERT INTO user_follows (user_id, follow_user_id, created_at) VALUES
(20, 32, '2024-02-01 16:13:33'),
(5, 22, '2025-03-17 12:54:35'),
(27, 4, '2025-09-08 02:19:55'),
(49, 17, '2024-07-02 15:12:54'),
(19, 38, '2024-04-05 09:42:25'),
(50, 2, '2025-09-28 08:21:53'),
(5, 4, '2024-06-10 05:43:01'),
(22, 9, '2025-03-11 09:59:24'),
(16, 30, '2024-06-10 06:01:21'),
(34, 35, '2025-03-16 00:18:42'),
(24, 39, '2024-05-11 09:18:35'),
(35, 38, '2024-05-07 15:25:28'),
(6, 24, '2025-11-24 14:53:16'),
(7, 15, '2024-08-19 08:40:21'),
(32, 33, '2024-04-11 18:21:33'),
(11, 45, '2024-04-23 08:20:51'),
(17, 15, '2023-12-15 08:46:46'),
(17, 3, '2024-03-29 15:12:14'),
(47, 46, '2024-07-09 04:59:16'),
(1, 15, '2025-01-19 01:25:23'),
(21, 7, '2024-04-06 23:09:23'),
(20, 1, '2023-12-28 17:37:09'),
(1, 14, '2025-07-14 05:15:16'),
(46, 33, '2025-05-01 12:02:20'),
(39, 48, '2025-02-22 08:14:15'),
(36, 16, '2024-09-13 06:44:12'),
(29, 2, '2025-10-27 20:39:49'),
(24, 6, '2025-09-20 21:01:10'),
(23, 20, '2025-02-09 07:48:26'),
(25, 8, '2025-10-18 01:21:30'),
(4, 22, '2024-07-22 23:29:15'),
(38, 1, '2024-06-17 13:36:51'),
(5, 17, '2024-09-02 09:21:33'),
(35, 33, '2025-11-12 03:49:50'),
(11, 24, '2024-04-16 02:15:52'),
(41, 50, '2025-06-13 09:08:06'),
(36, 37, '2024-08-15 03:28:51'),
(50, 41, '2024-12-29 18:09:41'),
(41, 31, '2025-03-06 01:18:31'),
(25, 38, '2023-12-10 04:24:35'),
(17, 20, '2024-09-24 09:31:31'),
(8, 35, '2024-09-23 01:29:10'),
(21, 50, '2025-10-18 01:22:55'),
(30, 32, '2024-07-28 11:13:00'),
(19, 27, '2025-08-17 13:49:59'),
(9, 1, '2023-12-09 23:24:20'),
(14, 4, '2024-01-05 05:23:46'),
(37, 15, '2025-07-06 02:46:37'),
(33, 8, '2024-07-11 11:24:28'),
(44, 47, '2024-03-04 10:30:36'),
(10, 16, '2025-03-23 10:43:35'),
(10, 25, '2025-12-03 16:37:01'),
(35, 15, '2024-12-22 00:58:09'),
(21, 26, '2024-05-31 19:54:34'),
(21, 42, '2025-11-11 21:17:21'),
(19, 17, '2025-08-19 15:28:12'),
(14, 28, '2024-08-24 14:47:30'),
(12, 2, '2024-11-21 14:38:54'),
(35, 18, '2024-04-14 00:43:43'),
(16, 11, '2024-07-14 10:27:52'),
(36, 10, '2024-09-03 04:08:54'),
(9, 22, '2024-03-23 15:17:48'),
(1, 10, '2025-06-03 14:20:22'),
(35, 50, '2024-03-16 08:43:55'),
(7, 4, '2024-09-11 15:15:09'),
(48, 44, '2025-05-05 06:30:42'),
(44, 33, '2025-04-09 18:37:50'),
(37, 22, '2024-05-02 17:38:41'),
(27, 8, '2024-02-04 11:27:12'),
(22, 27, '2024-04-12 23:56:06'),
(11, 27, '2024-07-12 21:00:17'),
(38, 18, '2024-07-07 11:37:50'),
(27, 44, '2024-11-18 11:26:15'),
(36, 49, '2024-01-14 09:49:13'),
(38, 29, '2024-05-15 22:08:59'),
(3, 46, '2024-01-11 19:30:04'),
(34, 31, '2025-01-16 20:00:28'),
(9, 34, '2025-06-10 05:36:56'),
(49, 21, '2024-08-02 00:11:59'),
(37, 39, '2024-07-30 19:32:32'),
(34, 23, '2024-06-24 06:06:41'),
(17, 22, '2024-11-29 14:17:56'),
(18, 35, '2025-01-18 08:18:08'),
(26, 33, '2024-10-14 21:10:26'),
(5, 31, '2025-01-11 09:33:18'),
(8, 2, '2024-08-29 12:01:41'),
(16, 14, '2025-02-13 16:46:14'),
(2, 50, '2024-04-07 18:18:10'),
(14, 47, '2025-06-06 05:25:24'),
(23, 5, '2024-11-12 12:55:36'),
(12, 33, '2024-09-25 05:09:28'),
(20, 36, '2023-12-30 21:25:31'),
(39, 45, '2024-12-13 06:11:16'),
(38, 25, '2025-10-01 00:11:30'),
(27, 26, '2025-04-09 08:34:31'),
(49, 5, '2024-07-27 22:12:14'),
(17, 8, '2024-07-02 22:07:41'),
(29, 42, '2024-01-12 11:11:45');

-- Languages
INSERT INTO languages (id, name, created_at, updated_at) VALUES
(1, 'English', '2025-01-25 07:49:26', '2025-01-25 07:49:26'),
(2, 'Spanish', '2022-01-10 03:56:54', '2022-01-10 03:56:54'),
(3, 'French', '2024-04-08 01:09:34', '2024-04-08 01:09:34'),
(4, 'German', '2025-01-29 12:51:38', '2025-01-29 12:51:38'),
(5, 'Japanese', '2023-04-30 14:30:52', '2023-04-30 14:30:52'),
(6, 'Korean', '2023-10-21 19:42:05', '2023-10-21 19:42:05'),
(7, 'Mandarin', '2021-10-09 03:13:53', '2021-10-09 03:13:53'),
(8, 'Hindi', '2024-09-01 22:47:47', '2024-09-01 22:47:47'),
(9, 'Portuguese', '2021-06-12 21:02:26', '2021-06-12 21:02:26'),
(10, 'Italian', '2023-04-07 23:35:55', '2023-04-07 23:35:55');

-- Countries
INSERT INTO countries (id, name, flag_url) VALUES
(1, 'United States', '/flags/un.png'),
(2, 'United Kingdom', '/flags/un.png'),
(3, 'France', '/flags/fr.png'),
(4, 'Germany', '/flags/ge.png'),
(5, 'Japan', '/flags/ja.png'),
(6, 'South Korea', '/flags/so.png'),
(7, 'China', '/flags/ch.png'),
(8, 'India', '/flags/in.png'),
(9, 'Brazil', '/flags/br.png'),
(10, 'Italy', '/flags/it.png'),
(11, 'Spain', '/flags/sp.png'),
(12, 'Canada', '/flags/ca.png'),
(13, 'Australia', '/flags/au.png'),
(14, 'Mexico', '/flags/me.png'),
(15, 'Russia', '/flags/ru.png'),
(16, 'Netherlands', '/flags/ne.png'),
(17, 'Sweden', '/flags/sw.png'),
(18, 'Norway', '/flags/no.png'),
(19, 'Denmark', '/flags/de.png'),
(20, 'Finland', '/flags/fi.png');

-- Studios
INSERT INTO studios (id, name, bio, created_at, updated_at) VALUES
(1, 'Gleichner and Sons', 'Extended empowering contingency', '2025-09-07 08:18:15', '2025-09-07 08:18:15'),
(2, 'Hickle, Leuschke and Sporer', 'Team-oriented incremental conglomeration', '2024-08-20 01:13:33', '2024-08-20 01:13:33'),
(3, 'Mills - Harber', 'Profound systematic parallelism', '2022-12-25 23:35:13', '2022-12-25 23:35:13'),
(4, 'Lockman, Hermann and Jacobs', 'Operative leading edge policy', '2025-10-06 11:59:19', '2025-10-06 11:59:19'),
(5, 'Wisoky, Price and Hagenes', 'Persistent responsive task-force', '2021-02-05 16:28:18', '2021-02-05 16:28:18'),
(6, 'Anderson - White', 'Stand-alone national hub', '2023-02-21 10:08:00', '2023-02-21 10:08:00'),
(7, 'Schmidt - Barrows', 'Compatible discrete orchestration', '2021-12-30 04:44:20', '2021-12-30 04:44:20'),
(8, 'Purdy, Simonis and Kuhic', 'Centralized static functionalities', '2021-06-30 17:01:30', '2021-06-30 17:01:30'),
(9, 'Klocko - Kris', 'Enhanced cohesive emulation', '2024-10-25 20:07:51', '2024-10-25 20:07:51'),
(10, 'Tillman LLC', 'Focused tangible model', '2023-02-08 04:51:53', '2023-02-08 04:51:53'),
(11, 'Mills - Gutmann', 'Profit-focused incremental orchestration', '2023-12-24 11:33:39', '2023-12-24 11:33:39'),
(12, 'Gerlach - Spinka', 'Enhanced logistical matrices', '2025-10-09 20:46:07', '2025-10-09 20:46:07'),
(13, 'Kreiger, Yundt and Gleichner', 'Progressive systemic hub', '2025-04-16 14:24:29', '2025-04-16 14:24:29'),
(14, 'Trantow - Ankunding', 'Robust demand-driven productivity', '2023-05-09 11:51:25', '2023-05-09 11:51:25'),
(15, 'Kub, Rath and Considine', 'Organic intangible hierarchy', '2024-03-12 13:46:54', '2024-03-12 13:46:54'),
(16, 'Hamill LLC', 'Networked human-resource task-force', '2022-03-23 04:30:40', '2022-03-23 04:30:40'),
(17, 'Larson LLC', 'Customizable fresh-thinking capacity', '2022-06-10 07:15:37', '2022-06-10 07:15:37'),
(18, 'Ryan, Rolfson and Corkery', 'Open-architected maximized website', '2024-10-22 22:50:07', '2024-10-22 22:50:07'),
(19, 'Collins - Purdy', 'Intuitive modular utilisation', '2025-03-28 08:19:06', '2025-03-28 08:19:06'),
(20, 'Corkery Inc', 'Cross-platform local concept', '2025-05-27 16:06:44', '2025-05-27 16:06:44'),
(21, 'Douglas, Ernser and Boyle', 'Customer-focused discrete framework', '2025-09-21 17:15:18', '2025-09-21 17:15:18'),
(22, 'Rempel - Quigley', 'User-centric dedicated matrices', '2021-11-04 18:39:40', '2021-11-04 18:39:40'),
(23, 'Rowe Inc', 'Horizontal impactful firmware', '2021-11-14 08:39:00', '2021-11-14 08:39:00'),
(24, 'Kuhic, Cormier and Greenfelder', 'Centralized stable project', '2024-03-30 18:46:54', '2024-03-30 18:46:54'),
(25, 'Wyman LLC', 'Diverse optimal solution', '2021-09-27 21:30:36', '2021-09-27 21:30:36');

-- Movies-Languages
INSERT INTO movie_languages (movie_id, language_id, is_primary, created_at) VALUES
(33613, 4, 1, '2024-09-18 12:58:59'),
(14560, 10, 1, '2024-04-17 01:09:25'),
(10946, 6, 0, '2024-01-22 18:40:57'),
(441183, 7, 1, '2024-04-12 03:10:12'),
(323661, 7, 0, '2024-12-20 13:59:31'),
(59482, 1, 1, '2024-09-24 16:17:47'),
(20870, 9, 0, '2024-11-09 20:23:01'),
(49051, 10, 0, '2024-10-23 03:05:32'),
(20223, 3, 0, '2025-11-16 11:11:06'),
(10719, 9, 1, '2023-05-27 03:19:54'),
(37024, 10, 0, '2024-08-08 18:13:35'),
(566525, 9, 1, '2024-12-23 06:21:53'),
(251994, 5, 0, '2024-07-20 09:57:46'),
(300654, 4, 1, '2023-08-22 21:02:54'),
(21435, 1, 1, '2023-05-08 16:07:17'),
(1005776, 3, 1, '2023-11-30 13:45:40'),
(34549, 3, 1, '2023-08-20 18:20:22'),
(9331, 3, 0, '2024-03-20 04:46:35'),
(10781, 6, 0, '2024-03-28 00:55:15'),
(10668, 6, 0, '2023-05-06 22:40:06'),
(300654, 7, 0, '2023-04-02 01:40:04'),
(438799, 7, 1, '2024-05-29 10:48:28'),
(11619, 1, 0, '2024-05-24 02:47:46'),
(9771, 4, 0, '2024-10-06 22:53:46'),
(676701, 1, 0, '2024-08-31 10:24:32'),
(277597, 6, 1, '2023-07-24 23:50:08'),
(39465, 4, 1, '2024-12-04 00:44:59'),
(352733, 2, 1, '2024-12-12 22:10:28'),
(596161, 3, 1, '2025-12-05 15:13:28'),
(799546, 8, 1, '2023-11-21 04:26:00'),
(6076, 10, 0, '2025-02-10 20:11:21'),
(18377, 4, 1, '2024-04-19 22:35:38'),
(77495, 7, 1, '2025-01-20 22:55:29'),
(11024, 9, 0, '2023-11-30 00:10:39'),
(22307, 5, 0, '2025-10-29 20:08:48'),
(689700, 7, 0, '2025-09-12 03:34:59'),
(275269, 5, 1, '2023-12-03 04:26:18'),
(24556, 5, 0, '2023-11-14 11:27:16'),
(4380, 1, 0, '2024-10-10 05:56:30'),
(440708, 10, 0, '2024-10-23 09:02:29'),
(56743, 9, 0, '2025-11-11 07:07:56'),
(15789, 1, 0, '2024-02-26 00:02:57'),
(385360, 2, 0, '2025-01-28 16:13:43'),
(889699, 10, 0, '2023-08-17 23:30:02'),
(15370, 5, 0, '2024-04-21 02:12:44'),
(5817, 5, 0, '2025-01-22 19:26:35'),
(460793, 10, 1, '2023-07-17 15:38:30'),
(11927, 8, 0, '2024-03-28 21:39:43'),
(463602, 4, 0, '2025-08-24 17:47:21'),
(1172648, 6, 1, '2024-07-03 03:51:29'),
(635, 10, 0, '2023-03-08 23:44:04'),
(364540, 1, 0, '2025-01-31 05:36:31'),
(444706, 1, 0, '2024-12-13 10:18:23'),
(203351, 8, 0, '2025-05-13 04:53:34'),
(770156, 5, 1, '2024-06-10 18:55:22'),
(784651, 3, 1, '2024-01-03 20:53:48'),
(1381, 6, 0, '2024-11-19 03:18:48'),
(592656, 10, 1, '2023-05-24 03:22:22'),
(508466, 3, 0, '2025-08-17 06:00:28'),
(61202, 3, 0, '2024-02-25 00:21:16'),
(744594, 10, 1, '2024-02-01 19:25:02'),
(42982, 8, 0, '2024-12-16 20:49:39'),
(10383, 4, 1, '2025-09-03 06:15:49'),
(16096, 3, 0, '2025-01-27 12:29:04'),
(45662, 10, 1, '2024-11-13 12:16:30'),
(10937, 5, 0, '2024-06-20 16:08:21'),
(10705, 2, 0, '2023-12-25 05:20:02'),
(24657, 5, 1, '2025-02-23 10:33:34'),
(49538, 6, 0, '2024-08-14 07:18:45'),
(227348, 1, 0, '2023-06-15 00:29:01'),
(192538, 5, 0, '2024-06-15 20:33:44'),
(18501, 4, 1, '2024-06-07 06:55:18'),
(661539, 2, 1, '2023-08-21 16:01:13'),
(56804, 10, 1, '2025-10-14 17:50:39'),
(375785, 9, 1, '2023-05-28 03:17:55'),
(536743, 9, 0, '2023-10-18 16:37:24'),
(10377, 10, 0, '2025-10-24 19:30:01'),
(8435, 4, 0, '2023-03-27 03:16:29'),
(298016, 2, 0, '2023-07-20 20:03:02'),
(20283, 9, 1, '2024-05-23 08:52:33'),
(45996, 7, 1, '2023-04-22 22:30:41'),
(21151, 6, 0, '2023-05-01 23:38:48'),
(17381, 1, 0, '2024-10-23 19:41:34'),
(9005, 3, 1, '2025-02-20 04:14:12'),
(12561, 6, 0, '2023-07-02 08:20:39'),
(35221, 9, 0, '2025-09-27 03:13:12'),
(497814, 7, 0, '2023-05-30 11:13:34'),
(24739, 4, 0, '2024-11-27 08:49:18'),
(497223, 9, 0, '2024-03-13 10:06:21'),
(874300, 2, 0, '2025-01-06 01:59:17'),
(13766, 3, 0, '2024-10-21 16:13:46'),
(493623, 4, 1, '2025-04-17 11:04:46'),
(12778, 4, 0, '2023-11-03 23:32:53'),
(921643, 7, 1, '2025-11-19 06:27:58'),
(10881, 9, 0, '2023-12-01 03:06:22'),
(21764, 6, 0, '2023-08-10 05:31:59'),
(491418, 3, 1, '2024-08-05 22:24:58'),
(514684, 8, 1, '2023-01-08 14:11:43'),
(20006, 7, 0, '2023-08-18 15:09:47'),
(9318, 6, 0, '2023-03-23 11:43:08'),
(310121, 5, 0, '2024-09-24 15:27:15'),
(490450, 4, 0, '2023-06-24 12:54:47'),
(47504, 10, 1, '2023-05-26 23:37:23'),
(122044, 1, 1, '2025-10-16 15:40:27'),
(9719, 10, 0, '2023-12-05 06:25:25'),
(6950, 4, 0, '2024-08-20 07:29:41'),
(603206, 9, 1, '2024-02-19 08:49:02'),
(10293, 3, 0, '2023-11-25 01:57:22'),
(76163, 10, 0, '2024-12-02 22:38:07'),
(26261, 10, 0, '2024-04-22 20:40:31'),
(853354, 10, 0, '2023-03-28 20:36:03'),
(291870, 9, 0, '2024-04-20 01:44:21'),
(49953, 5, 0, '2025-10-31 08:11:35'),
(31000, 4, 0, '2024-07-01 19:28:21'),
(2046, 10, 0, '2025-04-08 17:50:16'),
(8409, 2, 0, '2024-08-05 14:47:09'),
(285733, 7, 1, '2023-11-27 10:55:46'),
(18665, 2, 0, '2023-03-02 07:12:57'),
(24103, 1, 1, '2025-05-29 04:29:27'),
(7515, 9, 0, '2024-08-16 15:03:10'),
(50090, 3, 0, '2025-03-03 06:59:32'),
(36355, 4, 0, '2025-09-08 20:37:27'),
(29263, 3, 1, '2023-01-22 18:37:45'),
(159154, 4, 0, '2024-06-20 18:08:07'),
(10012, 2, 1, '2023-09-07 09:17:22'),
(36914, 2, 1, '2025-09-21 02:11:49'),
(152742, 5, 0, '2022-12-24 04:46:55'),
(28801, 9, 1, '2023-01-18 22:19:23'),
(955555, 5, 0, '2024-03-17 09:33:37'),
(435707, 9, 1, '2025-02-01 08:31:33'),
(26466, 1, 1, '2025-01-10 13:55:51'),
(148605, 5, 0, '2025-06-07 11:33:50'),
(244506, 7, 1, '2023-03-31 08:43:42'),
(299824, 1, 1, '2023-09-27 00:26:11'),
(20737, 7, 0, '2024-02-26 17:35:15'),
(521029, 4, 0, '2025-04-09 20:56:30'),
(550097, 2, 1, '2024-07-02 04:48:05'),
(937746, 6, 1, '2023-12-09 16:43:54'),
(59965, 6, 1, '2023-01-09 18:34:50'),
(37080, 6, 1, '2025-11-02 16:13:46'),
(921655, 5, 0, '2024-05-02 08:30:46'),
(323020, 1, 0, '2025-06-18 13:55:06'),
(260234, 3, 0, '2025-08-15 07:59:29'),
(1026999, 7, 1, '2024-06-13 00:54:17'),
(204342, 7, 0, '2023-04-02 10:15:31'),
(14576, 3, 0, '2025-04-19 04:16:44'),
(353686, 2, 0, '2025-11-26 16:50:11'),
(23919, 4, 0, '2025-06-02 16:40:54'),
(52999, 9, 1, '2023-07-07 19:53:42'),
(8833, 6, 1, '2025-07-03 15:41:27'),
(16290, 1, 0, '2025-03-03 17:53:39'),
(24418, 10, 0, '2024-04-04 09:00:44'),
(430155, 5, 0, '2024-05-25 08:20:34'),
(423093, 5, 0, '2023-06-28 09:38:11'),
(77941, 4, 0, '2024-10-23 17:09:01'),
(19176, 5, 1, '2025-07-10 04:57:47'),
(253849, 1, 0, '2023-05-23 18:06:13'),
(13889, 10, 0, '2023-11-20 03:54:22'),
(246127, 1, 0, '2025-01-11 02:17:35'),
(507441, 10, 1, '2025-02-05 21:27:21'),
(13185, 2, 0, '2024-07-21 23:34:05'),
(49565, 6, 0, '2025-04-09 01:03:31'),
(508747, 4, 0, '2024-07-05 13:08:58'),
(906126, 7, 1, '2023-11-01 00:54:05'),
(631843, 2, 0, '2025-01-08 06:19:31'),
(127533, 6, 0, '2024-10-16 06:28:32'),
(9501, 3, 0, '2023-10-22 23:10:43'),
(428045, 9, 1, '2024-12-04 20:32:19'),
(500853, 6, 1, '2025-07-16 00:38:10'),
(442811, 8, 0, '2024-06-14 15:42:13'),
(419508, 5, 0, '2025-07-24 00:38:09'),
(399055, 8, 0, '2023-03-10 16:23:07'),
(448763, 9, 0, '2025-10-26 07:10:17'),
(48211, 7, 0, '2024-01-03 00:20:28'),
(5491, 9, 0, '2023-12-02 19:09:21'),
(167, 2, 0, '2025-02-24 07:06:57'),
(400020, 2, 0, '2024-09-25 10:45:07'),
(12090, 5, 0, '2023-02-26 18:21:01'),
(962697, 7, 0, '2022-12-10 14:52:40'),
(16205, 8, 1, '2024-04-25 08:31:27'),
(707886, 2, 0, '2025-08-19 16:15:11'),
(1116488, 5, 0, '2023-08-29 10:46:42'),
(706503, 1, 0, '2025-07-20 21:55:25'),
(10276, 1, 0, '2025-01-11 21:35:03'),
(987750, 10, 0, '2023-06-03 13:07:56'),
(16395, 4, 0, '2023-04-01 06:46:54'),
(437018, 4, 0, '2024-11-28 02:33:51'),
(17386, 4, 1, '2025-03-01 20:08:30'),
(11315, 2, 0, '2023-07-29 12:06:41'),
(12618, 3, 0, '2023-05-09 22:01:10'),
(25523, 3, 0, '2024-03-13 06:49:01'),
(9320, 7, 0, '2025-08-25 12:55:07'),
(17227, 10, 0, '2022-12-31 20:32:05'),
(399131, 4, 0, '2025-02-05 01:02:44'),
(241554, 6, 0, '2025-02-09 17:59:27'),
(18971, 2, 0, '2023-05-17 00:43:50'),
(183836, 9, 0, '2024-04-05 02:35:25'),
(628900, 8, 0, '2024-06-13 13:47:34'),
(75491, 5, 0, '2024-01-13 17:23:53'),
(46221, 1, 0, '2023-07-24 13:12:07');

-- Movies-Studios
INSERT INTO movie_studios (movie_id, studio_id, created_at) VALUES
(345637, 10, '2023-11-01 12:35:04'),
(1029330, 17, '2024-12-06 07:00:33'),
(9535, 12, '2023-12-13 09:15:01'),
(40724, 13, '2024-01-17 21:05:17'),
(20, 5, '2024-05-24 14:41:47'),
(581644, 16, '2024-05-25 03:30:07'),
(21915, 10, '2025-10-04 06:06:53'),
(44125, 17, '2024-10-08 21:11:19'),
(441130, 6, '2023-02-15 06:13:04'),
(14842, 8, '2024-01-23 18:43:14'),
(485504, 3, '2023-09-25 15:53:30'),
(9683, 25, '2025-07-23 04:55:59'),
(39027, 16, '2023-06-02 11:02:01'),
(35558, 6, '2024-05-26 18:59:31'),
(9308, 1, '2023-11-17 18:29:01'),
(14913, 15, '2025-06-20 02:16:24'),
(45610, 1, '2023-06-15 02:21:40'),
(466190, 6, '2023-08-04 17:04:03'),
(31132, 14, '2025-07-30 02:33:10'),
(244783, 24, '2024-03-04 09:45:00'),
(432602, 3, '2025-04-22 13:45:14'),
(869641, 8, '2024-03-23 00:56:03'),
(474944, 10, '2025-04-30 19:17:18'),
(11851, 23, '2023-11-28 14:04:38'),
(26606, 6, '2023-07-28 07:07:28'),
(25756, 1, '2023-11-01 04:09:59'),
(102632, 25, '2023-06-08 16:49:22'),
(673319, 25, '2025-04-13 05:52:42'),
(637, 24, '2023-05-12 23:40:50'),
(408266, 8, '2023-04-14 18:35:20'),
(12187, 1, '2024-05-03 17:14:13'),
(68721, 9, '2024-11-11 00:37:39'),
(324558, 4, '2023-01-06 11:03:19'),
(555657, 22, '2024-05-22 07:31:29'),
(10281, 19, '2025-01-07 21:56:48'),
(587562, 20, '2023-01-19 10:08:22'),
(10162, 13, '2025-07-18 22:26:49'),
(550440, 10, '2023-05-11 08:37:49'),
(1174618, 21, '2023-03-16 21:14:44'),
(14577, 2, '2025-05-10 10:54:06'),
(293167, 3, '2025-10-26 02:30:21'),
(499086, 16, '2024-02-27 18:10:41'),
(693113, 4, '2025-12-02 17:05:00'),
(82812, 2, '2023-09-03 17:19:21'),
(2789, 7, '2024-06-03 17:38:18'),
(2642, 14, '2024-02-21 15:48:51'),
(948549, 3, '2025-02-25 06:06:36'),
(9994, 17, '2024-09-23 04:42:54'),
(8967, 15, '2023-10-12 02:53:52'),
(401200, 14, '2024-03-08 07:51:58'),
(316023, 15, '2023-08-15 17:11:43'),
(571391, 11, '2023-09-22 12:19:08'),
(177699, 5, '2024-03-23 07:27:53'),
(18971, 7, '2025-01-05 11:25:53'),
(449755, 4, '2023-04-13 08:46:28'),
(594328, 25, '2024-10-30 18:05:03'),
(24266, 9, '2023-02-10 23:41:57'),
(258893, 8, '2025-06-30 04:38:15'),
(47327, 25, '2025-01-26 03:57:02'),
(56903, 21, '2023-01-09 10:47:54'),
(16710, 24, '2025-03-25 01:47:14'),
(10144, 10, '2023-10-14 21:57:50'),
(606, 25, '2024-12-13 22:36:36'),
(8390, 13, '2025-11-24 16:25:54'),
(31894, 22, '2024-12-11 10:36:49'),
(192465, 4, '2023-10-05 11:27:49'),
(866413, 15, '2024-03-07 00:13:03'),
(12133, 20, '2025-02-22 18:24:06'),
(441393, 3, '2024-07-03 03:11:04'),
(306, 4, '2025-05-02 08:07:22'),
(18660, 18, '2024-04-23 06:14:11'),
(1008953, 22, '2024-04-22 01:20:53'),
(1265, 15, '2025-03-31 12:04:52'),
(35138, 8, '2024-01-08 21:51:29'),
(11565, 16, '2023-05-27 18:00:13'),
(10200, 20, '2024-07-16 16:29:36'),
(299438, 6, '2024-01-24 13:11:56'),
(334543, 15, '2024-08-13 07:00:33'),
(560964, 3, '2024-09-27 13:04:28'),
(12448, 8, '2024-04-20 19:50:38'),
(310972, 17, '2023-07-27 05:43:06'),
(4520, 13, '2023-04-15 09:29:30'),
(297806, 13, '2023-10-15 04:04:02'),
(97614, 23, '2023-11-07 20:44:37'),
(184352, 13, '2024-07-21 11:47:09'),
(419479, 23, '2023-11-24 20:23:58'),
(28324, 2, '2023-12-23 09:20:33'),
(40254, 2, '2025-04-25 00:17:53'),
(41903, 13, '2025-01-18 02:23:47'),
(430128, 13, '2024-07-20 01:36:43'),
(670428, 25, '2025-12-03 12:00:25'),
(17205, 3, '2025-03-25 16:39:10'),
(695721, 2, '2024-10-22 16:30:30'),
(9261, 21, '2023-07-22 02:34:58'),
(993729, 1, '2025-11-05 15:14:28'),
(323432, 5, '2024-08-08 16:37:20'),
(13673, 9, '2024-12-04 20:17:46'),
(1024721, 22, '2025-01-22 00:19:23'),
(203321, 10, '2025-09-10 16:02:34'),
(1125, 7, '2025-10-05 18:27:20'),
(620883, 21, '2025-09-03 21:59:27'),
(660353, 3, '2023-06-09 13:06:45'),
(276928, 13, '2023-11-01 15:09:15'),
(80468, 12, '2023-09-10 09:59:30'),
(164331, 25, '2023-06-17 19:27:33'),
(110, 4, '2025-09-24 21:27:10'),
(9593, 2, '2024-10-17 08:50:10'),
(13517, 1, '2024-05-18 19:38:21'),
(353464, 14, '2024-05-14 02:18:37'),
(490132, 21, '2023-06-24 11:46:44'),
(8067, 23, '2023-05-01 06:25:56'),
(10117, 6, '2024-07-19 21:44:08'),
(419507, 14, '2024-06-21 04:58:14'),
(29794, 1, '2023-09-23 22:12:35'),
(341174, 12, '2023-10-23 10:18:52'),
(52345, 12, '2025-01-25 21:21:36'),
(276935, 7, '2025-06-23 01:48:10'),
(790493, 23, '2024-07-18 18:54:00'),
(12584, 7, '2024-04-06 02:30:41'),
(63579, 24, '2024-02-24 00:00:59'),
(353610, 21, '2024-10-09 05:26:10'),
(924, 10, '2024-09-15 05:46:49'),
(63, 11, '2023-09-15 17:44:30'),
(44247, 18, '2023-02-11 09:41:53'),
(41827, 5, '2025-03-16 02:39:54'),
(31132, 1, '2024-09-25 04:01:25'),
(220882, 24, '2023-01-24 08:40:04'),
(18317, 3, '2025-10-06 19:38:37'),
(9490, 13, '2024-07-11 17:52:47'),
(532973, 21, '2024-12-24 14:25:43'),
(33665, 5, '2024-10-04 11:04:01'),
(39514, 1, '2024-09-16 03:24:01'),
(11285, 1, '2024-03-28 08:22:37'),
(9523, 6, '2023-09-12 05:21:49'),
(74119, 4, '2023-04-01 09:55:23'),
(304613, 19, '2023-12-06 02:28:12'),
(10292, 17, '2024-08-02 18:53:05'),
(57778, 11, '2022-12-23 01:12:05'),
(310569, 15, '2023-10-30 06:53:11'),
(794234, 9, '2023-11-28 06:16:06'),
(20182, 16, '2025-01-14 08:40:50'),
(18131, 19, '2023-12-07 09:16:20'),
(363579, 17, '2023-12-30 14:23:18'),
(24653, 15, '2023-08-27 10:32:19'),
(57308, 23, '2025-08-03 11:13:36'),
(85925, 25, '2024-04-18 01:49:26'),
(10105, 3, '2025-06-06 05:03:16'),
(4043, 9, '2023-06-19 14:21:20'),
(87178, 5, '2025-04-28 02:04:23'),
(20701, 23, '2023-04-29 01:43:08'),
(60049, 2, '2023-09-06 21:32:41'),
(25087, 19, '2024-03-09 14:00:10'),
(281979, 1, '2024-12-03 15:30:46'),
(2978, 24, '2024-10-24 16:18:16'),
(286567, 24, '2025-01-20 07:57:08'),
(2028, 2, '2024-01-16 00:18:00'),
(631060, 4, '2023-03-17 00:28:26'),
(276928, 9, '2024-05-20 06:14:13'),
(1247, 13, '2025-06-27 18:31:07'),
(9886, 21, '2025-01-31 18:00:20'),
(18176, 24, '2024-08-09 11:13:15'),
(944401, 7, '2024-11-16 20:14:32'),
(14245, 16, '2023-04-29 18:44:41'),
(508763, 13, '2023-05-30 18:26:31'),
(15797, 23, '2023-03-30 04:54:10'),
(413857, 18, '2025-06-16 18:17:46'),
(537655, 15, '2025-08-26 09:24:31'),
(292280, 19, '2024-01-03 10:00:48'),
(134, 14, '2025-09-26 07:21:14'),
(923632, 22, '2025-11-19 08:41:32'),
(11908, 10, '2024-10-07 21:49:02'),
(72013, 12, '2023-07-10 23:20:59'),
(607346, 9, '2024-02-11 15:31:17'),
(10173, 8, '2024-03-11 09:12:52'),
(579741, 22, '2023-09-23 17:17:36'),
(79070, 2, '2025-03-06 16:53:39'),
(433630, 17, '2023-12-08 05:34:42'),
(691812, 25, '2023-10-28 06:28:00'),
(161, 15, '2025-11-20 15:09:15'),
(10988, 8, '2023-04-13 22:37:19'),
(298583, 14, '2023-12-26 12:24:21'),
(28032, 1, '2024-10-28 19:09:07'),
(458109, 6, '2025-10-17 01:37:46'),
(744275, 18, '2024-12-25 07:41:01'),
(594767, 23, '2024-05-24 10:02:05'),
(2251, 21, '2024-04-24 18:04:27'),
(864388, 1, '2025-10-17 02:06:03'),
(5257, 20, '2023-09-03 04:01:52'),
(347754, 18, '2024-02-16 06:40:34'),
(336203, 17, '2024-06-12 21:48:34'),
(644583, 19, '2023-03-17 21:23:16'),
(10657, 18, '2024-06-15 11:53:34'),
(159121, 8, '2023-04-03 09:24:05'),
(165567, 20, '2025-07-17 07:03:20'),
(20381, 20, '2023-01-04 10:03:19'),
(110112, 13, '2025-10-28 21:13:41'),
(40127, 1, '2024-03-22 02:32:02'),
(68721, 2, '2025-08-10 13:15:48'),
(27681, 14, '2024-11-29 03:46:26'),
(9336, 25, '2024-04-04 22:56:11');

-- Events
INSERT INTO events (id, name, date, created_at, updated_at) VALUES
(1, 'Venice Film Festival 2010', '2016-12-01', '2024-09-08 06:13:52', '2024-09-08 06:13:52'),
(2, 'Sundance Film Festival 2011', '2020-01-07', '2025-04-08 11:03:32', '2025-04-08 11:03:32'),
(3, 'Cannes Film Festival 2012', '2022-04-25', '2022-01-24 09:37:26', '2022-01-24 09:37:26'),
(4, 'Berlin Film Festival 2013', '2025-11-02', '2021-09-28 02:30:12', '2021-09-28 02:30:12'),
(5, 'Berlin Film Festival 2014', '2016-01-05', '2024-09-10 08:26:28', '2024-09-10 08:26:28'),
(6, 'Cannes Film Festival 2015', '2016-07-19', '2022-10-01 03:50:13', '2022-10-01 03:50:13'),
(7, 'Tribeca Film Festival 2016', '2021-09-19', '2023-04-27 05:28:17', '2023-04-27 05:28:17'),
(8, 'Sundance Film Festival 2017', '2023-07-20', '2024-07-04 19:54:13', '2024-07-04 19:54:13'),
(9, 'Tribeca Film Festival 2018', '2022-03-01', '2021-12-09 15:59:12', '2021-12-09 15:59:12'),
(10, 'Tribeca Film Festival 2019', '2021-06-24', '2025-07-06 08:21:51', '2025-07-06 08:21:51'),
(11, 'Berlin Film Festival 2020', '2019-01-29', '2022-10-02 04:18:26', '2022-10-02 04:18:26'),
(12, 'Berlin Film Festival 2021', '2017-08-12', '2025-07-29 05:05:54', '2025-07-29 05:05:54'),
(13, 'Berlin Film Festival 2022', '2021-03-20', '2025-11-20 00:58:02', '2025-11-20 00:58:02'),
(14, 'Sundance Film Festival 2023', '2017-01-19', '2022-11-08 05:07:25', '2022-11-08 05:07:25'),
(15, 'Venice Film Festival 2024', '2025-05-12', '2023-09-24 12:06:59', '2023-09-24 12:06:59'),
(16, 'Sundance Film Festival 2010', '2020-04-10', '2024-04-12 15:27:15', '2024-04-12 15:27:15'),
(17, 'Cannes Film Festival 2011', '2016-03-24', '2022-11-11 22:34:00', '2022-11-11 22:34:00'),
(18, 'Toronto Film Festival 2012', '2018-06-07', '2022-04-05 15:56:36', '2022-04-05 15:56:36'),
(19, 'Tribeca Film Festival 2013', '2021-08-25', '2024-03-28 16:27:10', '2024-03-28 16:27:10'),
(20, 'Toronto Film Festival 2014', '2025-09-15', '2022-05-28 05:54:53', '2022-05-28 05:54:53');

-- Releases
INSERT INTO releases (id, name, date, release_type, event_id, country_id, created_at, updated_at) VALUES
(1, 'Fallin'' Release', '2014-08-12', 'digital', NULL, 3, '2023-10-25 15:46:25', '2023-10-25 15:46:25'),
(2, 'Bette Davis Eyes Release', '2008-06-05', 'digital', 20, 12, '2024-08-08 23:05:52', '2024-08-08 23:05:52'),
(3, 'Bennie & the Jets Release', '2021-10-23', 'theatrical', NULL, 16, '2023-04-03 18:45:12', '2023-04-03 18:45:12'),
(4, 'Crazy For You Release', '2022-01-18', 'digital', NULL, 9, '2023-12-17 13:50:08', '2023-12-17 13:50:08'),
(5, 'I Wanna Dance With Somebody (Who Loves M Release', '2011-07-13', 'digital', NULL, 19, '2023-01-06 17:09:19', '2023-01-06 17:09:19'),
(6, 'Wedding Bell Blues Release', '2015-08-18', 'theatrical', 5, 14, '2023-08-30 16:05:07', '2023-08-30 16:05:07'),
(7, 'Here in My Heart Release', '2025-10-20', 'digital', NULL, 18, '2024-11-20 11:08:02', '2024-11-20 11:08:02'),
(8, 'Be Bop a Lula Release', '2014-09-30', 'theatrical', NULL, 17, '2023-12-31 16:49:35', '2023-12-31 16:49:35'),
(9, 'We Are the Champions Release', '2024-01-18', 'festival', 2, 20, '2025-04-13 05:40:10', '2025-04-13 05:40:10'),
(10, 'Everybody Loves Somebody Release', '2021-08-12', 'digital', NULL, 20, '2025-02-11 16:18:55', '2025-02-11 16:18:55'),
(11, 'Pick Up the Pieces Release', '2020-06-26', 'festival', NULL, 6, '2024-03-18 17:07:17', '2024-03-18 17:07:17'),
(12, 'A Tree in the Meadow Release', '2006-07-06', 'theatrical', NULL, 2, '2023-07-13 12:36:30', '2023-07-13 12:36:30'),
(13, 'Boulevard of Broken Dreams Release', '2019-05-01', 'digital', NULL, 8, '2024-07-16 00:17:53', '2024-07-16 00:17:53'),
(14, 'Car Wash Release', '2014-09-30', 'dvd', 15, 16, '2024-07-06 17:44:47', '2024-07-06 17:44:47'),
(15, 'Open Arms Release', '2013-01-19', 'dvd', NULL, 18, '2023-09-26 18:35:34', '2023-09-26 18:35:34'),
(16, 'The Sounds of Silence Release', '2008-03-09', 'digital', NULL, 5, '2023-01-19 18:13:43', '2023-01-19 18:13:43'),
(17, 'Tears of a Clown Release', '2019-08-08', 'theatrical', 3, 1, '2025-06-17 03:25:43', '2025-06-17 03:25:43'),
(18, 'Walk Like an Egyptian Release', '2024-09-02', 'dvd', NULL, 16, '2025-11-07 09:56:06', '2025-11-07 09:56:06'),
(19, 'Love Me Tender Release', '2024-01-31', 'digital', NULL, 2, '2023-07-21 10:25:22', '2023-07-21 10:25:22'),
(20, 'Black Velvet Release', '2015-02-17', 'digital', NULL, 10, '2024-06-06 21:49:18', '2024-06-06 21:49:18'),
(21, 'Killing Me Softly With His Song Release', '2016-03-25', 'dvd', 17, 6, '2023-04-12 20:18:11', '2023-04-12 20:18:11'),
(22, 'Everybody Wants to Rule the World Release', '2021-02-03', 'festival', 6, 8, '2024-07-27 23:39:31', '2024-07-27 23:39:31'),
(23, 'Hero Release', '2014-10-17', 'festival', NULL, 14, '2025-04-21 02:42:10', '2025-04-21 02:42:10'),
(24, 'Revolution Release', '2014-01-07', 'dvd', 14, 7, '2024-04-24 07:51:20', '2024-04-24 07:51:20'),
(25, 'Heartbreak Hotel Release', '2020-04-06', 'dvd', 11, 18, '2023-04-13 17:21:42', '2023-04-13 17:21:42'),
(26, 'Locked Out Of Heaven Release', '2015-02-10', 'dvd', NULL, 7, '2025-03-09 18:26:40', '2025-03-09 18:26:40'),
(27, 'Hair Release', '2012-05-21', 'dvd', 9, 13, '2022-12-13 15:51:32', '2022-12-13 15:51:32'),
(28, 'Bleeding Love Release', '2013-12-18', 'festival', 7, 2, '2024-02-25 20:55:43', '2024-02-25 20:55:43'),
(29, 'Green Tambourine Release', '2023-02-15', 'theatrical', NULL, 15, '2025-05-16 17:57:43', '2025-05-16 17:57:43'),
(30, 'Feel Good Inc Release', '2020-11-11', 'festival', NULL, 11, '2024-03-29 22:15:11', '2024-03-29 22:15:11'),
(31, 'Vogue Release', '2020-07-30', 'digital', NULL, 18, '2024-05-17 15:51:33', '2024-05-17 15:51:33'),
(32, 'Slow Poke Release', '2015-10-19', 'digital', NULL, 11, '2024-10-17 20:30:57', '2024-10-17 20:30:57'),
(33, 'Tik-Toc Release', '2020-07-15', 'theatrical', NULL, 16, '2023-07-23 05:11:38', '2023-07-23 05:11:38'),
(34, 'In the Summertime Release', '2014-06-19', 'dvd', NULL, 5, '2024-04-24 08:50:39', '2024-04-24 08:50:39'),
(35, 'Gonna Make You Sweat (Everybody Dance No Release', '2017-10-09', 'festival', NULL, 4, '2025-01-11 01:14:27', '2025-01-11 01:14:27'),
(36, 'Sledgehammer Release', '2008-02-03', 'digital', 9, 19, '2025-04-01 08:22:27', '2025-04-01 08:22:27'),
(37, 'Knock Three Times Release', '2020-12-27', 'dvd', NULL, 18, '2025-10-05 02:47:28', '2025-10-05 02:47:28'),
(38, 'Manana (Is Soon Enough For Me) Release', '2018-04-24', 'theatrical', 12, 10, '2024-04-26 18:53:58', '2024-04-26 18:53:58'),
(39, 'You''re So Vain Release', '2025-02-25', 'festival', NULL, 5, '2024-05-27 23:08:44', '2024-05-27 23:08:44'),
(40, 'YMCA Release', '2022-12-13', 'dvd', 18, 13, '2023-01-08 00:15:37', '2023-01-08 00:15:37'),
(41, 'Cherry Pink & Apple Blossom White Release', '2016-08-28', 'digital', 4, 15, '2023-01-02 10:48:13', '2023-01-02 10:48:13'),
(42, 'One of These Nights Release', '2009-05-21', 'theatrical', 8, 3, '2025-05-17 14:00:25', '2025-05-17 14:00:25'),
(43, 'Let''s Stay Together Release', '2015-07-03', 'digital', NULL, 5, '2025-05-09 19:14:28', '2025-05-09 19:14:28'),
(44, 'Family Affair Release', '2017-04-24', 'dvd', NULL, 8, '2023-12-25 15:14:42', '2023-12-25 15:14:42'),
(45, 'We''ve Only Just Begun Release', '2015-03-30', 'dvd', 1, 6, '2022-12-10 05:03:51', '2022-12-10 05:03:51'),
(46, 'Hey Baby Release', '2022-06-24', 'dvd', NULL, 16, '2025-06-28 02:59:54', '2025-06-28 02:59:54'),
(47, 'Cracklin'' Rosie Release', '2022-02-15', 'dvd', NULL, 6, '2023-07-14 12:33:02', '2023-07-14 12:33:02'),
(48, 'Kiss & Say Goodbye Release', '2008-05-05', 'festival', NULL, 6, '2025-07-28 23:19:58', '2025-07-28 23:19:58'),
(49, 'Papa''s Got a Brand New Bag Release', '2013-02-12', 'dvd', 10, 16, '2023-02-02 13:13:23', '2023-02-02 13:13:23'),
(50, 'I Swear Release', '2014-09-20', 'theatrical', 3, 6, '2025-10-21 11:31:40', '2025-10-21 11:31:40'),
(51, 'One O''Clock Jump Release', '2006-10-03', 'festival', NULL, 13, '2024-02-03 13:10:34', '2024-02-03 13:10:34'),
(52, 'Endless Love Release', '2011-07-27', 'theatrical', NULL, 5, '2024-12-31 00:40:42', '2024-12-31 00:40:42'),
(53, 'Why Don''t You Believe Me? Release', '2020-02-01', 'dvd', NULL, 8, '2025-03-25 20:00:05', '2025-03-25 20:00:05'),
(54, 'If You Don''t Know Me By Now Release', '2023-09-04', 'digital', 1, 20, '2024-09-28 13:50:25', '2024-09-28 13:50:25'),
(55, 'Big Girls Don''t Cry Release', '2021-07-22', 'digital', 5, 19, '2023-05-29 07:47:45', '2023-05-29 07:47:45'),
(56, 'Rock Your Baby Release', '2019-05-20', 'digital', NULL, 13, '2024-08-05 14:10:38', '2024-08-05 14:10:38'),
(57, 'Band On the Run Release', '2019-04-23', 'digital', NULL, 16, '2025-01-18 04:17:57', '2025-01-18 04:17:57'),
(58, 'Up Up & Away Release', '2019-07-02', 'theatrical', 1, 11, '2025-07-05 11:00:36', '2025-07-05 11:00:36'),
(59, 'Over There Release', '2009-02-18', 'digital', 2, 20, '2023-12-30 19:10:30', '2023-12-30 19:10:30'),
(60, 'Physical Release', '2016-05-15', 'dvd', 13, 1, '2025-10-26 04:26:10', '2025-10-26 04:26:10'),
(61, 'Smooth Release', '2008-07-15', 'dvd', 2, 3, '2025-09-13 20:53:22', '2025-09-13 20:53:22'),
(62, 'Let''s Stay Together Release', '2009-06-24', 'theatrical', NULL, 5, '2024-01-03 01:43:39', '2024-01-03 01:43:39'),
(63, 'American Pie Release', '2007-01-18', 'theatrical', 14, 14, '2023-02-05 21:34:32', '2023-02-05 21:34:32'),
(64, 'Gangsta''s Paradise Release', '2012-07-10', 'digital', 20, 11, '2023-01-24 11:52:32', '2023-01-24 11:52:32'),
(65, 'How Do You Mend a Broken Heart Release', '2022-08-13', 'dvd', 5, 5, '2025-03-04 16:28:45', '2025-03-04 16:28:45'),
(66, 'Straight Up Release', '2007-05-21', 'dvd', NULL, 15, '2024-02-08 13:57:38', '2024-02-08 13:57:38'),
(67, 'Rhapsody in Blue Release', '2015-06-21', 'dvd', 16, 12, '2025-02-02 19:49:20', '2025-02-02 19:49:20'),
(68, 'Roses Are Red Release', '2023-12-09', 'dvd', 20, 17, '2023-10-21 12:12:37', '2023-10-21 12:12:37'),
(69, 'Do You Love Me? Release', '2014-10-02', 'digital', NULL, 12, '2025-08-11 20:30:26', '2025-08-11 20:30:26'),
(70, 'Bad Day Release', '2022-06-28', 'festival', NULL, 5, '2025-06-23 00:41:32', '2025-06-23 00:41:32'),
(71, 'I Wanna Love You Release', '2023-08-14', 'festival', NULL, 15, '2023-03-09 07:45:29', '2023-03-09 07:45:29'),
(72, 'Always On My Mind Release', '2010-06-05', 'theatrical', NULL, 3, '2025-05-08 08:23:44', '2025-05-08 08:23:44'),
(73, 'We Found Love Release', '2012-08-11', 'digital', NULL, 2, '2023-12-28 16:32:01', '2023-12-28 16:32:01'),
(74, 'Loving You Release', '2012-02-12', 'dvd', 6, 20, '2023-05-29 14:36:56', '2023-05-29 14:36:56'),
(75, 'Take The ''A'' Train Release', '2020-07-28', 'dvd', NULL, 18, '2025-11-15 08:45:11', '2025-11-15 08:45:11'),
(76, 'Breaking Up is Hard to Do Release', '2018-08-23', 'dvd', 9, 8, '2025-03-08 06:35:41', '2025-03-08 06:35:41'),
(77, 'You''re Beautiful Release', '2025-05-10', 'digital', NULL, 2, '2024-09-19 00:28:01', '2024-09-19 00:28:01'),
(78, 'Fantasy Release', '2008-05-14', 'theatrical', NULL, 12, '2024-07-07 23:13:43', '2024-07-07 23:13:43'),
(79, 'Da Doo Ron Ron (When He Walked Me Home) Release', '2009-09-13', 'theatrical', 11, 4, '2023-06-22 13:34:47', '2023-06-22 13:34:47'),
(80, 'Can''t Help Falling in Love Release', '2006-07-01', 'digital', 13, 17, '2025-07-18 23:24:33', '2025-07-18 23:24:33'),
(81, 'Angie Release', '2010-08-07', 'theatrical', NULL, 17, '2023-03-30 21:13:20', '2023-03-30 21:13:20'),
(82, 'Under the Bridge Release', '2008-07-11', 'dvd', NULL, 14, '2023-10-11 08:40:46', '2023-10-11 08:40:46'),
(83, 'Wayward Wind Release', '2014-01-29', 'dvd', NULL, 17, '2025-06-06 04:33:14', '2025-06-06 04:33:14'),
(84, 'Hollaback Girl Release', '2014-04-30', 'digital', NULL, 5, '2024-12-09 07:05:46', '2024-12-09 07:05:46'),
(85, 'December 1963 (Oh What a Night) Release', '2017-07-17', 'festival', NULL, 2, '2024-08-11 10:41:28', '2024-08-11 10:41:28'),
(86, 'Mrs Brown You''ve Got a Lovely Daughter Release', '2024-12-21', 'digital', 19, 15, '2024-08-05 15:30:01', '2024-08-05 15:30:01'),
(87, 'There goes my baby Release', '2007-08-19', 'festival', 15, 11, '2024-02-13 00:18:41', '2024-02-13 00:18:41'),
(88, 'Travellin'' Man Release', '2017-01-06', 'dvd', 14, 10, '2025-11-13 10:47:18', '2025-11-13 10:47:18'),
(89, 'Boom Boom Pow Release', '2008-08-21', 'dvd', NULL, 12, '2023-02-24 04:37:56', '2023-02-24 04:37:56'),
(90, 'I''ll Be Missing You Release', '2008-10-22', 'theatrical', 9, 12, '2023-10-12 20:00:01', '2023-10-12 20:00:01'),
(91, 'The Prisoner''s Song Release', '2009-05-19', 'festival', NULL, 11, '2023-05-30 10:31:03', '2023-05-30 10:31:03'),
(92, 'Look Away Release', '2019-01-03', 'digital', NULL, 18, '2023-10-11 19:05:02', '2023-10-11 19:05:02'),
(93, 'Take a Bow Release', '2008-07-25', 'dvd', NULL, 4, '2023-10-16 17:52:07', '2023-10-16 17:52:07'),
(94, 'Tom Dooley Release', '2013-11-08', 'dvd', 6, 4, '2023-04-03 02:47:34', '2023-04-03 02:47:34'),
(95, 'I Want You Back Release', '2017-10-05', 'festival', NULL, 14, '2023-03-25 10:12:00', '2023-03-25 10:12:00'),
(96, 'Party Rock Anthem Release', '2021-02-01', 'theatrical', 19, 9, '2024-09-02 16:22:56', '2024-09-02 16:22:56'),
(97, 'Kansas City Release', '2021-02-14', 'digital', 12, 10, '2025-10-08 14:37:42', '2025-10-08 14:37:42'),
(98, 'Heartbreak Hotel Release', '2021-10-26', 'festival', NULL, 2, '2023-01-01 05:20:05', '2023-01-01 05:20:05'),
(99, 'The Hustle Release', '2025-05-11', 'digital', NULL, 5, '2023-10-02 18:30:18', '2023-10-02 18:30:18'),
(100, 'Ain''t Misbehavin'' Release', '2022-11-25', 'digital', 10, 19, '2023-08-15 00:33:05', '2023-08-15 00:33:05');

-- Movies-Releases
INSERT INTO movie_releases (movie_id, release_id, created_at) VALUES
(8940, 69, '2025-08-30 20:47:05'),
(1192209, 18, '2024-07-03 08:09:08'),
(10260, 44, '2025-08-18 17:05:52'),
(9362, 18, '2024-10-21 18:55:13'),
(246860, 43, '2023-11-15 10:48:57'),
(14613, 47, '2023-01-27 19:52:21'),
(83651, 56, '2023-02-14 20:03:04'),
(157336, 98, '2024-03-30 20:58:17'),
(11686, 50, '2023-09-04 15:06:44'),
(369776, 61, '2025-06-05 14:12:12'),
(10001, 45, '2025-04-02 19:22:31'),
(45269, 10, '2023-08-29 13:16:02'),
(532865, 66, '2024-04-28 14:52:58'),
(8692, 70, '2023-04-11 04:26:16'),
(496527, 48, '2024-07-27 03:58:17'),
(361743, 97, '2023-12-01 20:32:19'),
(574321, 39, '2025-04-08 00:48:52'),
(14160, 81, '2023-10-03 23:43:01'),
(10135, 89, '2025-10-25 11:44:29'),
(330483, 39, '2024-11-04 20:33:11'),
(772272, 95, '2024-12-21 09:55:20'),
(437375, 58, '2025-05-15 17:32:53'),
(78049, 78, '2025-08-08 00:32:55'),
(612, 98, '2024-02-20 05:24:07'),
(84333, 4, '2025-11-11 05:52:46'),
(94590, 42, '2025-04-03 00:58:08'),
(3581, 26, '2025-02-25 23:17:03'),
(293644, 93, '2025-03-12 15:56:31'),
(52208, 85, '2023-10-12 00:52:56'),
(539136, 90, '2025-04-18 06:45:08'),
(555790, 93, '2023-05-04 06:55:06'),
(19176, 76, '2025-12-04 13:06:24'),
(505940, 80, '2023-05-22 14:13:24'),
(259695, 74, '2023-07-27 20:05:51'),
(11184, 77, '2024-04-28 04:22:59'),
(60281, 91, '2025-04-09 07:59:15'),
(588, 51, '2024-01-21 07:18:47'),
(19379, 32, '2024-02-13 15:58:39'),
(19947, 41, '2024-02-21 14:11:33'),
(20215, 84, '2024-10-18 07:19:31'),
(1361, 10, '2024-05-26 12:36:54'),
(483552, 34, '2023-04-15 04:33:38'),
(429977, 15, '2025-11-23 04:59:55'),
(85033, 74, '2023-06-08 19:47:58'),
(69480, 98, '2024-04-04 09:29:04'),
(8390, 43, '2025-10-17 07:59:38'),
(926393, 47, '2023-05-30 04:12:39'),
(5425, 88, '2023-01-23 15:57:28'),
(180296, 36, '2023-05-01 10:35:52'),
(33473, 8, '2024-08-28 01:31:20'),
(4474, 99, '2025-08-17 08:16:23'),
(9879, 19, '2024-04-14 10:29:59'),
(295087, 56, '2023-01-25 16:38:01'),
(667869, 35, '2025-03-10 07:22:39'),
(4918, 9, '2024-03-26 14:28:41'),
(29182, 68, '2024-04-22 03:44:27'),
(912826, 89, '2023-03-01 07:50:28'),
(1091267, 92, '2025-06-18 14:34:59'),
(384798, 62, '2024-09-04 11:00:06'),
(717151, 94, '2025-05-27 07:26:49'),
(8908, 12, '2023-09-19 17:37:48'),
(1059064, 5, '2023-06-23 01:49:58'),
(774714, 83, '2023-01-30 07:27:41'),
(979163, 81, '2023-11-07 22:59:33'),
(52556, 21, '2024-03-09 21:43:57'),
(19166, 14, '2024-08-05 22:59:06'),
(14367, 11, '2024-01-19 08:25:08'),
(20766, 55, '2023-12-08 21:32:36'),
(10937, 93, '2024-11-04 17:35:41'),
(93828, 47, '2025-02-24 22:43:22'),
(773975, 57, '2025-01-21 19:45:55'),
(321068, 32, '2025-11-27 11:47:12'),
(11626, 1, '2024-08-18 00:22:56'),
(293299, 43, '2023-02-25 07:46:41'),
(409297, 50, '2024-05-27 18:29:17'),
(16323, 87, '2023-06-15 23:29:33'),
(41245, 38, '2023-11-17 09:06:02'),
(133919, 82, '2023-05-10 23:29:01'),
(14174, 68, '2025-04-23 11:32:48'),
(517088, 96, '2022-12-30 05:03:15'),
(251736, 65, '2024-12-11 11:17:04'),
(12700, 3, '2024-04-11 16:54:27'),
(352733, 19, '2024-06-03 09:56:46'),
(1048241, 5, '2023-11-06 06:01:49'),
(1265, 35, '2024-02-07 10:44:17'),
(472553, 65, '2024-03-07 00:47:47'),
(901563, 63, '2024-10-10 09:14:45'),
(487786, 34, '2023-02-04 05:56:00'),
(31701, 54, '2023-06-27 04:17:21'),
(379291, 81, '2024-02-24 08:30:18'),
(399035, 87, '2024-02-27 19:14:45'),
(381289, 35, '2024-11-08 12:10:42'),
(9954, 60, '2023-04-25 05:20:56'),
(1554, 67, '2023-10-15 02:10:39'),
(522039, 37, '2024-10-09 19:26:45'),
(67109, 18, '2024-10-24 00:58:50'),
(10943, 97, '2023-09-24 16:19:03'),
(73290, 43, '2025-10-23 18:48:20'),
(235984, 43, '2023-01-30 09:10:25'),
(11631, 46, '2024-10-08 18:16:53'),
(60316, 62, '2025-08-14 05:13:37'),
(6521, 15, '2024-12-14 07:22:21'),
(72215, 36, '2025-11-06 11:04:13'),
(5916, 91, '2023-04-16 10:39:14'),
(47821, 53, '2023-12-05 04:55:33'),
(767504, 62, '2024-02-29 14:39:17'),
(482373, 29, '2025-05-22 22:28:41'),
(425194, 11, '2022-12-21 03:15:48'),
(84309, 80, '2024-03-27 01:12:53'),
(513574, 15, '2023-08-31 02:18:23'),
(431259, 91, '2024-03-12 03:38:16'),
(72013, 65, '2023-06-13 13:07:04'),
(739291, 16, '2023-07-20 11:53:57'),
(446021, 17, '2023-09-28 01:45:31'),
(548928, 42, '2023-11-26 00:58:53'),
(9477, 58, '2025-06-26 17:37:40'),
(11713, 13, '2024-03-20 00:02:53'),
(431075, 18, '2023-02-14 05:12:20'),
(915935, 92, '2024-09-06 13:12:09'),
(9286, 76, '2024-11-03 01:32:21'),
(16180, 3, '2024-06-13 06:21:05'),
(294463, 98, '2025-01-23 20:58:35'),
(14670, 78, '2023-12-04 11:48:00'),
(858408, 2, '2023-07-26 15:51:06'),
(528644, 25, '2025-09-09 04:48:13'),
(42152, 99, '2025-09-15 05:49:03'),
(784047, 7, '2024-10-18 21:12:35'),
(27275, 84, '2025-08-03 15:56:08'),
(518880, 20, '2023-03-23 11:24:59'),
(75170, 20, '2023-09-16 20:02:03'),
(7916, 60, '2025-11-11 16:22:45'),
(42949, 2, '2024-09-23 05:11:01'),
(383869, 71, '2024-10-18 20:04:09'),
(392982, 51, '2025-01-29 09:16:57'),
(12767, 39, '2024-11-30 22:40:58'),
(3980, 64, '2024-11-30 20:57:31'),
(12159, 24, '2024-12-09 21:58:01'),
(9378, 96, '2025-02-13 00:43:35'),
(50022, 58, '2024-12-22 01:27:00'),
(52943, 81, '2023-02-05 21:58:05'),
(86004, 36, '2025-01-24 11:29:31'),
(117751, 51, '2024-01-21 04:52:19'),
(32051, 26, '2025-07-15 10:01:01'),
(257512, 87, '2023-10-11 09:58:46'),
(13748, 71, '2023-03-12 23:03:38'),
(8271, 28, '2023-05-04 11:18:07'),
(1075335, 23, '2024-02-17 18:01:31'),
(10575, 92, '2024-06-26 06:27:56'),
(213927, 65, '2024-10-18 01:18:18'),
(55888, 39, '2024-03-07 22:39:19');

-- Tags
INSERT INTO tags (id, name, created_at, updated_at) VALUES
(1, 'Favorites', '2024-07-24 01:49:05', '2024-07-24 01:49:05'),
(2, 'Must Watch', '2024-04-20 06:30:01', '2024-04-20 06:30:01'),
(3, 'Award Winners', '2024-10-01 01:05:55', '2024-10-01 01:05:55'),
(4, 'Hidden Gems', '2023-06-29 07:01:32', '2023-06-29 07:01:32'),
(5, 'Classic', '2023-02-08 08:06:06', '2023-02-08 08:06:06'),
(6, 'Underrated', '2023-01-30 12:31:03', '2023-01-30 12:31:03'),
(7, 'Overrated', '2025-09-19 08:33:57', '2025-09-19 08:33:57'),
(8, 'Feel Good', '2025-02-06 18:49:09', '2025-02-06 18:49:09'),
(9, 'Mind Bending', '2025-08-04 23:20:39', '2025-08-04 23:20:39'),
(10, 'Tearjerker', '2023-08-08 02:03:35', '2023-08-08 02:03:35'),
(11, 'Date Night', '2024-12-03 18:08:20', '2024-12-03 18:08:20'),
(12, 'Family Friendly', '2024-11-12 04:43:07', '2024-11-12 04:43:07'),
(13, 'Guilty Pleasure', '2023-01-04 21:49:16', '2023-01-04 21:49:16'),
(14, 'Cult Classic', '2024-10-08 16:12:02', '2024-10-08 16:12:02'),
(15, 'Foreign Films', '2023-04-03 05:57:58', '2023-04-03 05:57:58'),
(16, 'Indie', '2025-08-25 02:33:29', '2025-08-25 02:33:29'),
(17, 'Blockbuster', '2023-07-03 10:59:03', '2023-07-03 10:59:03'),
(18, 'Slow Burn', '2023-07-04 16:50:37', '2023-07-04 16:50:37'),
(19, 'Fast Paced', '2023-02-18 02:25:56', '2023-02-18 02:25:56'),
(20, 'Visually Stunning', '2025-01-30 18:54:06', '2025-01-30 18:54:06'),
(21, 'Great Soundtrack', '2025-06-16 05:53:37', '2025-06-16 05:53:37'),
(22, 'Plot Twist', '2024-11-13 03:25:17', '2024-11-13 03:25:17'),
(23, 'Based on True Story', '2025-02-20 09:27:31', '2025-02-20 09:27:31'),
(24, 'Book Adaptation', '2024-12-18 20:52:24', '2024-12-18 20:52:24'),
(25, 'Remake', '2024-08-07 20:37:35', '2024-08-07 20:37:35'),
(26, 'Sequel', '2025-08-11 01:06:03', '2025-08-11 01:06:03'),
(27, 'Prequel', '2025-01-14 10:26:29', '2025-01-14 10:26:29'),
(28, 'Anthology', '2025-07-02 21:16:31', '2025-07-02 21:16:31'),
(29, 'Short Films', '2024-11-09 11:27:52', '2024-11-09 11:27:52'),
(30, 'Silent Films', '2024-05-15 09:22:16', '2024-05-15 09:22:16');

-- Movie Lists
INSERT INTO movie_lists (id, name, is_watch_list, is_private, user_id, created_at, updated_at) VALUES
(1, 'aliqua dolore audio', 0, 0, 41, '2024-03-07 10:47:49', '2024-03-07 10:47:49'),
(2, 'aiunt mollitia tero', 1, 1, 35, '2025-01-10 20:06:23', '2025-01-10 20:06:23'),
(3, 'attero amoveo victus', 0, 0, 18, '2024-01-21 16:26:18', '2024-01-21 16:26:18'),
(4, 'somnus caput verbera', 0, 0, 17, '2025-06-06 10:01:02', '2025-06-06 10:01:02'),
(5, 'blandior utique comburo', 0, 0, 18, '2024-06-26 16:46:47', '2024-06-26 16:46:47'),
(6, 'defetiscor peccatus victus', 1, 0, 41, '2025-06-20 15:32:32', '2025-06-20 15:32:32'),
(7, 'fugit angelus tener', 0, 0, 17, '2024-06-05 00:45:29', '2024-06-05 00:45:29'),
(8, 'volutabrum aegrus credo', 0, 1, 21, '2025-01-02 03:31:03', '2025-01-02 03:31:03'),
(9, 'ascisco admitto vallum', 0, 0, 6, '2024-09-18 07:58:22', '2024-09-18 07:58:22'),
(10, 'comminor textilis crux', 1, 0, 39, '2025-01-24 19:04:59', '2025-01-24 19:04:59'),
(11, 'molestiae adflicto capitulus', 0, 1, 41, '2024-12-23 19:50:13', '2024-12-23 19:50:13'),
(12, 'bellicus cuppedia asperiores', 0, 0, 40, '2025-10-31 14:24:53', '2025-10-31 14:24:53'),
(13, 'demergo caritas decet', 0, 0, 48, '2025-08-28 21:14:01', '2025-08-28 21:14:01'),
(14, 'aestas sumptus canto', 0, 0, 14, '2024-07-04 14:26:26', '2024-07-04 14:26:26'),
(15, 'amita terra tantillus', 0, 0, 40, '2025-08-04 23:40:18', '2025-08-04 23:40:18'),
(16, 'antepono et vel', 0, 0, 22, '2024-11-07 21:02:02', '2024-11-07 21:02:02'),
(17, 'pecus condico cursus', 0, 0, 48, '2025-06-07 10:21:10', '2025-06-07 10:21:10'),
(18, 'collum consuasor vaco', 0, 1, 29, '2025-05-27 09:42:16', '2025-05-27 09:42:16'),
(19, 'teneo pauci utpote', 0, 1, 49, '2025-06-24 21:59:38', '2025-06-24 21:59:38'),
(20, 'culpa vilitas commodi', 1, 0, 29, '2025-03-02 06:15:44', '2025-03-02 06:15:44'),
(21, 'spiritus quisquam timor', 0, 0, 1, '2024-01-29 10:20:49', '2024-01-29 10:20:49'),
(22, 'tenuis tener aurum', 0, 0, 13, '2025-08-20 01:01:41', '2025-08-20 01:01:41'),
(23, 'curtus accendo absque', 0, 0, 33, '2024-03-01 22:09:39', '2024-03-01 22:09:39'),
(24, 'adduco a chirographum', 1, 0, 25, '2024-02-03 03:48:17', '2024-02-03 03:48:17'),
(25, 'carmen turbo cotidie', 0, 0, 15, '2025-10-03 08:55:39', '2025-10-03 08:55:39'),
(26, 'voluptatem constans circumvenio', 0, 1, 4, '2025-10-01 15:24:08', '2025-10-01 15:24:08'),
(27, 'arceo curia thorax', 0, 0, 7, '2024-04-08 12:51:54', '2024-04-08 12:51:54'),
(28, 'vulpes somnus cubo', 0, 0, 13, '2024-06-28 16:45:00', '2024-06-28 16:45:00'),
(29, 'adeptio aer vetus', 0, 0, 12, '2025-08-04 22:13:20', '2025-08-04 22:13:20'),
(30, 'defungo timidus curso', 0, 1, 23, '2024-12-31 11:02:00', '2024-12-31 11:02:00'),
(31, 'labore sub ratione', 0, 1, 27, '2025-01-08 01:30:52', '2025-01-08 01:30:52'),
(32, 'denuncio contra usque', 0, 0, 8, '2023-12-27 21:04:04', '2023-12-27 21:04:04'),
(33, 'vulnus depulso adipiscor', 1, 0, 16, '2025-10-24 19:30:01', '2025-10-24 19:30:01'),
(34, 'delego adhuc conitor', 0, 0, 25, '2025-07-03 14:02:40', '2025-07-03 14:02:40'),
(35, 'terminatio cinis tabula', 1, 0, 25, '2024-08-12 06:01:21', '2024-08-12 06:01:21'),
(36, 'ducimus valetudo adicio', 0, 0, 25, '2024-03-16 04:50:36', '2024-03-16 04:50:36'),
(37, 'molestias tollo vestigium', 0, 1, 45, '2024-10-25 13:42:52', '2024-10-25 13:42:52'),
(38, 'et vinculum nemo', 0, 0, 39, '2023-12-12 01:37:12', '2023-12-12 01:37:12'),
(39, 'bis antiquus peccatus', 1, 0, 39, '2024-08-10 00:20:54', '2024-08-10 00:20:54'),
(40, 'bardus caste summopere', 0, 0, 12, '2025-07-09 06:33:18', '2025-07-09 06:33:18'),
(41, 'universe colo teneo', 1, 0, 39, '2024-12-19 20:36:59', '2024-12-19 20:36:59'),
(42, 'temeritas vulnero villa', 0, 1, 21, '2024-04-03 09:57:46', '2024-04-03 09:57:46'),
(43, 'curtus volup conforto', 0, 0, 35, '2024-03-05 15:09:48', '2024-03-05 15:09:48'),
(44, 'quo villa bibo', 0, 1, 15, '2025-03-17 08:16:57', '2025-03-17 08:16:57'),
(45, 'vobis et virgo', 0, 0, 8, '2025-09-14 09:58:05', '2025-09-14 09:58:05'),
(46, 'solitudo suffragium aegrotatio', 0, 0, 3, '2024-03-10 06:10:55', '2024-03-10 06:10:55'),
(47, 'ut error amor', 0, 0, 39, '2023-12-21 17:15:02', '2023-12-21 17:15:02'),
(48, 'totam conqueror turpis', 0, 1, 25, '2024-01-12 00:54:38', '2024-01-12 00:54:38'),
(49, 'tempora tripudio viduo', 0, 0, 20, '2025-09-17 17:49:33', '2025-09-17 17:49:33'),
(50, 'defero communis magni', 0, 1, 44, '2024-06-07 20:39:29', '2024-06-07 20:39:29'),
(51, 'vester cumque carbo', 0, 0, 7, '2025-08-20 04:07:56', '2025-08-20 04:07:56'),
(52, 'capio vitium perferendis', 0, 0, 45, '2024-02-06 11:38:30', '2024-02-06 11:38:30'),
(53, 'triduana statua molestiae', 1, 0, 48, '2025-10-05 18:13:06', '2025-10-05 18:13:06'),
(54, 'abbas surculus una', 0, 0, 5, '2024-02-18 16:44:42', '2024-02-18 16:44:42'),
(55, 'tenuis curis accendo', 0, 0, 39, '2025-03-15 13:35:24', '2025-03-15 13:35:24'),
(56, 'iure argumentum architecto', 0, 0, 21, '2025-11-21 06:35:25', '2025-11-21 06:35:25'),
(57, 'suffoco odit sordeo', 0, 1, 45, '2024-05-06 23:37:06', '2024-05-06 23:37:06'),
(58, 'pauper cariosus verto', 1, 1, 32, '2025-04-05 15:13:50', '2025-04-05 15:13:50'),
(59, 'dolorum cursim terror', 0, 0, 17, '2024-06-25 10:25:37', '2024-06-25 10:25:37'),
(60, 'tametsi corroboro sublime', 0, 0, 38, '2025-07-28 07:39:32', '2025-07-28 07:39:32'),
(61, 'caveo vito varius', 0, 0, 14, '2025-06-20 21:06:32', '2025-06-20 21:06:32'),
(62, 'veritatis rerum quae', 0, 0, 31, '2024-01-03 16:32:37', '2024-01-03 16:32:37'),
(63, 'textilis artificiose antea', 0, 0, 6, '2024-12-23 08:01:27', '2024-12-23 08:01:27'),
(64, 'tunc accusator collum', 0, 0, 41, '2025-09-07 11:30:34', '2025-09-07 11:30:34'),
(65, 'ipsa alioqui sum', 1, 0, 17, '2024-03-23 05:50:10', '2024-03-23 05:50:10'),
(66, 'vigilo acies velociter', 1, 0, 47, '2025-01-03 11:38:34', '2025-01-03 11:38:34'),
(67, 'ago vulariter clarus', 0, 1, 20, '2025-09-11 03:19:57', '2025-09-11 03:19:57'),
(68, 'tondeo caries patrocinor', 0, 0, 49, '2025-09-13 04:03:05', '2025-09-13 04:03:05'),
(69, 'deprecator clarus caput', 0, 0, 50, '2025-04-23 13:25:45', '2025-04-23 13:25:45'),
(70, 'deorsum comparo aeger', 0, 1, 5, '2025-03-21 22:10:41', '2025-03-21 22:10:41'),
(71, 'cotidie ducimus vulariter', 0, 0, 30, '2024-02-23 09:44:21', '2024-02-23 09:44:21'),
(72, 'demoror tergeo anser', 0, 0, 16, '2024-05-16 09:22:15', '2024-05-16 09:22:15'),
(73, 'tactus demo aqua', 1, 0, 5, '2025-11-02 20:31:23', '2025-11-02 20:31:23'),
(74, 'utique temeritas ut', 0, 0, 33, '2025-08-31 04:37:18', '2025-08-31 04:37:18'),
(75, 'vis studio beatus', 0, 0, 9, '2025-04-24 04:00:05', '2025-04-24 04:00:05'),
(76, 'pax concido tremo', 1, 0, 29, '2024-01-01 14:22:03', '2024-01-01 14:22:03'),
(77, 'deserunt deleo conspergo', 0, 0, 34, '2025-06-21 06:26:45', '2025-06-21 06:26:45'),
(78, 'maiores campana ducimus', 0, 1, 18, '2025-08-21 12:02:05', '2025-08-21 12:02:05'),
(79, 'cubicularis suffragium tolero', 0, 0, 26, '2024-10-05 21:13:48', '2024-10-05 21:13:48'),
(80, 'ventosus incidunt unde', 1, 0, 37, '2024-12-29 23:54:27', '2024-12-29 23:54:27'),
(81, 'arma decretum dignissimos', 1, 0, 41, '2025-03-11 00:39:23', '2025-03-11 00:39:23'),
(82, 'administratio auditor tabesco', 1, 1, 19, '2025-04-04 07:21:13', '2025-04-04 07:21:13'),
(83, 'vilicus adficio ater', 0, 0, 24, '2025-03-01 22:02:34', '2025-03-01 22:02:34'),
(84, 'terreo agnosco tenax', 0, 0, 5, '2024-02-22 06:42:05', '2024-02-22 06:42:05'),
(85, 'aiunt succedo vomer', 0, 0, 43, '2025-08-18 04:25:42', '2025-08-18 04:25:42'),
(86, 'inventore vinum carpo', 0, 0, 14, '2025-04-20 06:27:54', '2025-04-20 06:27:54'),
(87, 'ter apostolus coaegresco', 0, 0, 19, '2024-06-22 14:47:13', '2024-06-22 14:47:13'),
(88, 'tibi tonsor aurum', 0, 1, 7, '2025-05-25 04:03:52', '2025-05-25 04:03:52'),
(89, 'argumentum crux degenero', 0, 0, 2, '2025-11-25 04:52:11', '2025-11-25 04:52:11'),
(90, 'patria admitto clamo', 0, 0, 9, '2025-04-14 14:26:27', '2025-04-14 14:26:27'),
(91, 'cubitum perspiciatis sint', 0, 0, 18, '2024-02-17 02:13:43', '2024-02-17 02:13:43'),
(92, 'sum adicio veritas', 0, 0, 40, '2024-04-06 21:32:55', '2024-04-06 21:32:55'),
(93, 'attollo tergum velociter', 1, 1, 12, '2025-03-10 20:48:07', '2025-03-10 20:48:07'),
(94, 'sonitus laborum qui', 0, 0, 44, '2025-09-25 17:53:46', '2025-09-25 17:53:46'),
(95, 'deporto saepe adulescens', 0, 0, 32, '2025-05-30 04:47:18', '2025-05-30 04:47:18'),
(96, 'crux impedit thymbra', 0, 0, 35, '2024-10-19 23:12:03', '2024-10-19 23:12:03'),
(97, 'curo terreo acsi', 0, 1, 29, '2024-02-11 02:24:05', '2024-02-11 02:24:05'),
(98, 'arto bellum creta', 1, 0, 50, '2025-11-10 15:39:47', '2025-11-10 15:39:47'),
(99, 'deserunt admiratio congregatio', 1, 1, 10, '2025-07-07 02:28:40', '2025-07-07 02:28:40'),
(100, 'cernuus cumque accusator', 0, 1, 32, '2025-10-28 16:41:10', '2025-10-28 16:41:10');

-- Movie Lists-Movies
INSERT INTO movie_lists_movie (movie_list_id, movie_id, created_at) VALUES
(8, 11174, '2025-12-02 12:09:31'),
(11, 8744, '2024-09-14 06:09:04'),
(13, 20497, '2024-06-25 19:26:42'),
(54, 878183, '2024-10-04 18:58:58'),
(33, 18801, '2024-03-28 08:46:31'),
(3, 75311, '2024-08-11 14:50:53'),
(92, 491926, '2024-05-30 00:56:53'),
(67, 509, '2025-07-31 04:34:14'),
(88, 348657, '2023-12-20 22:04:14'),
(99, 11317, '2024-03-15 16:44:17'),
(82, 9903, '2024-08-31 08:04:17'),
(7, 51163, '2024-11-12 00:05:14'),
(6, 366142, '2024-04-22 10:11:48'),
(95, 366759, '2025-03-05 13:12:09'),
(21, 10806, '2025-05-14 14:25:10'),
(67, 228968, '2024-07-11 23:24:07'),
(1, 616, '2024-06-27 15:55:08'),
(96, 537190, '2024-02-20 10:17:09'),
(13, 33831, '2025-09-11 09:13:18'),
(81, 14676, '2025-01-16 07:18:16'),
(88, 8276, '2024-03-04 14:03:04'),
(77, 101176, '2025-09-04 23:54:02'),
(35, 20068, '2025-02-10 11:03:41'),
(84, 426618, '2025-10-31 11:17:59'),
(45, 72525, '2023-12-24 10:22:19'),
(16, 489245, '2024-04-28 18:56:05'),
(25, 410126, '2024-11-01 12:47:15'),
(61, 11026, '2024-10-25 23:53:14'),
(65, 2046, '2024-08-15 15:12:06'),
(60, 98205, '2024-05-22 04:50:10'),
(6, 518502, '2025-04-22 00:50:10'),
(22, 3511, '2025-08-28 01:13:23'),
(63, 820, '2025-04-08 19:42:52'),
(20, 64720, '2025-05-05 22:12:35'),
(85, 4787, '2025-10-26 00:57:27'),
(43, 19601, '2024-01-17 01:17:46'),
(5, 859585, '2025-09-17 21:31:43'),
(80, 56551, '2024-01-19 21:02:49'),
(39, 1052280, '2024-08-31 07:54:31'),
(56, 11543, '2023-12-10 10:13:20'),
(41, 429727, '2025-06-09 02:43:23'),
(28, 519182, '2024-04-06 21:47:27'),
(21, 934632, '2025-09-13 18:32:13'),
(9, 177221, '2025-09-30 08:58:29'),
(46, 61044, '2025-07-21 06:13:22'),
(36, 20294, '2025-10-23 13:34:45'),
(89, 367551, '2025-09-01 05:47:33'),
(48, 352187, '2025-07-06 05:11:45'),
(82, 144, '2025-01-03 17:39:40'),
(45, 187017, '2025-02-02 13:33:25'),
(83, 616747, '2025-08-13 00:17:56'),
(7, 58611, '2024-09-12 05:07:35'),
(23, 844398, '2025-10-10 01:34:35'),
(57, 11247, '2025-08-11 05:29:53'),
(23, 2731, '2025-10-25 13:31:05'),
(31, 41784, '2025-05-06 08:50:23'),
(31, 127533, '2025-11-11 16:48:09'),
(94, 23568, '2024-04-07 08:44:44'),
(94, 192558, '2025-04-29 01:16:49'),
(17, 9455, '2025-08-31 06:49:45'),
(81, 843, '2024-11-04 21:02:12'),
(6, 438347, '2025-08-31 04:17:35'),
(72, 501738, '2025-06-08 13:24:25'),
(99, 5552, '2024-03-26 13:24:00'),
(23, 61231, '2025-03-12 13:08:34'),
(97, 40223, '2025-07-29 09:22:54'),
(85, 440374, '2024-05-30 21:02:19'),
(33, 949484, '2025-09-23 14:22:07'),
(81, 13477, '2025-07-27 14:01:25'),
(16, 246400, '2024-01-08 13:30:53'),
(91, 535581, '2024-04-27 05:09:31'),
(19, 931935, '2025-07-27 12:55:12'),
(21, 441614, '2024-05-03 06:45:42'),
(27, 11971, '2025-07-02 19:05:09'),
(4, 519120, '2025-04-02 09:30:46'),
(62, 192712, '2025-05-10 19:33:12'),
(36, 8408, '2025-03-14 16:53:17'),
(78, 27726, '2025-11-23 04:31:56'),
(61, 1579, '2025-08-26 07:30:06'),
(69, 15489, '2025-02-05 21:28:13'),
(52, 838197, '2025-10-02 09:12:14'),
(8, 1246, '2025-03-04 01:08:39'),
(40, 927341, '2025-03-28 18:06:39'),
(20, 18509, '2025-06-12 08:48:38'),
(49, 401294, '2024-03-16 04:00:20'),
(3, 31952, '2024-05-25 00:28:57'),
(41, 658777, '2025-09-19 14:58:55'),
(17, 64288, '2025-01-15 00:49:10'),
(18, 9337, '2025-08-26 03:08:03'),
(92, 27624, '2025-12-04 13:50:44'),
(5, 10474, '2025-11-01 16:13:40'),
(52, 212167, '2024-02-24 22:24:50'),
(26, 77000, '2024-08-09 00:51:59'),
(86, 203665, '2024-09-09 03:11:43'),
(91, 283686, '2025-01-18 19:08:58'),
(37, 14139, '2024-09-29 22:50:13'),
(16, 118683, '2024-06-26 09:34:58'),
(64, 126277, '2025-11-23 13:07:38'),
(38, 28176, '2025-05-12 10:51:58'),
(82, 98566, '2025-07-31 17:00:02'),
(22, 209361, '2024-07-14 09:34:12'),
(100, 7511, '2024-03-12 22:27:59'),
(35, 19336, '2025-10-15 06:57:23'),
(54, 10228, '2025-10-07 06:17:50'),
(36, 146239, '2024-01-16 06:44:54'),
(96, 520331, '2025-06-22 07:30:02'),
(95, 370663, '2024-10-28 08:42:03'),
(75, 653729, '2024-09-29 00:25:04'),
(69, 1724, '2025-09-09 21:17:58'),
(30, 869, '2025-04-12 03:51:30'),
(51, 22311, '2024-12-01 03:22:52'),
(40, 18489, '2024-07-14 19:24:20'),
(100, 503752, '2025-05-30 03:09:51'),
(3, 501, '2024-08-20 08:13:06'),
(86, 408439, '2025-03-10 00:29:32'),
(54, 412758, '2025-07-30 06:46:23'),
(36, 25748, '2024-06-15 23:29:21'),
(69, 11610, '2025-01-07 00:00:58'),
(72, 843794, '2024-06-17 03:13:31'),
(36, 9684, '2025-07-30 07:34:23'),
(86, 22007, '2024-01-14 03:50:34'),
(76, 226140, '2025-06-10 13:15:48'),
(96, 5122, '2025-11-22 22:27:33'),
(18, 40814, '2024-12-08 12:19:18'),
(40, 14207, '2025-10-03 16:34:38'),
(21, 15173, '2024-05-07 06:55:53'),
(11, 26748, '2023-12-13 14:59:30'),
(70, 834141, '2025-01-30 06:37:15'),
(24, 52520, '2025-01-01 18:07:04'),
(24, 929170, '2024-09-22 19:29:23'),
(47, 339419, '2024-06-08 02:47:51'),
(69, 27085, '2024-12-21 09:53:35'),
(76, 508664, '2025-04-17 11:34:10'),
(87, 61984, '2025-12-01 13:22:17'),
(56, 10198, '2025-02-25 13:58:17'),
(66, 44935, '2025-08-20 14:05:18'),
(9, 169020, '2024-05-29 13:49:49'),
(16, 38761, '2024-01-11 11:12:49'),
(65, 24803, '2025-11-26 17:22:33'),
(50, 21309, '2024-07-09 20:40:41'),
(44, 1076487, '2024-05-07 06:06:04'),
(66, 71668, '2025-11-11 08:46:07'),
(26, 570503, '2024-08-30 03:51:04'),
(66, 159622, '2025-02-26 04:05:10'),
(93, 482981, '2025-10-30 08:38:29'),
(66, 1541, '2025-09-16 04:54:44'),
(23, 74646, '2024-11-22 10:14:10'),
(93, 9043, '2025-09-06 02:29:22'),
(11, 241863, '2025-09-30 15:32:36'),
(56, 202215, '2024-03-18 13:53:00'),
(12, 2140, '2024-03-29 20:44:40'),
(29, 23356, '2023-12-18 16:24:26'),
(92, 425194, '2024-10-15 04:24:15'),
(7, 209251, '2024-10-08 08:11:23'),
(98, 43646, '2024-04-12 09:17:10'),
(87, 2262, '2024-10-31 07:22:14'),
(91, 30890, '2024-07-18 06:21:23'),
(3, 943930, '2024-02-08 05:06:15'),
(20, 112205, '2024-08-30 21:25:49'),
(52, 84354, '2024-03-19 12:49:48'),
(2, 1583, '2025-11-06 08:47:36'),
(50, 45284, '2025-07-18 04:29:26'),
(79, 215743, '2024-07-17 00:03:39'),
(64, 192149, '2025-05-18 13:50:42'),
(5, 116745, '2024-12-15 19:03:28'),
(23, 82702, '2023-12-20 20:11:22'),
(38, 371638, '2025-02-14 01:59:39'),
(8, 10368, '2024-06-08 06:07:35'),
(94, 258284, '2025-07-29 14:53:38'),
(67, 57118, '2023-12-11 20:44:39'),
(70, 1016848, '2024-06-17 13:51:00'),
(39, 163907, '2024-10-08 18:40:47'),
(63, 1931, '2025-03-29 16:10:56'),
(89, 533932, '2024-10-12 16:51:43'),
(99, 16727, '2024-03-15 15:40:07'),
(96, 414906, '2025-08-10 16:12:36'),
(31, 506763, '2024-12-06 00:30:03'),
(38, 67308, '2024-06-13 08:11:40'),
(45, 394537, '2025-08-18 19:37:55'),
(29, 132, '2024-02-15 13:38:53'),
(98, 289333, '2025-07-05 11:55:07'),
(88, 15449, '2024-12-16 13:39:41'),
(21, 51876, '2024-11-27 22:16:22'),
(68, 8681, '2025-11-20 17:28:01'),
(35, 9448, '2024-03-04 19:38:58'),
(97, 58151, '2024-02-13 08:32:38'),
(26, 6968, '2025-04-28 02:48:00'),
(61, 313943, '2024-04-15 18:49:48'),
(61, 70006, '2025-09-24 07:48:58'),
(68, 11171, '2024-11-09 07:49:09'),
(3, 11953, '2025-09-18 14:41:03'),
(7, 13009, '2024-09-30 05:07:45'),
(95, 1054513, '2024-11-11 00:30:44'),
(36, 9928, '2025-03-25 16:12:47'),
(60, 58882, '2025-11-20 19:04:17'),
(38, 6950, '2024-05-31 06:22:50'),
(36, 51991, '2024-08-01 12:02:28'),
(41, 14048, '2024-07-30 21:04:30'),
(48, 51985, '2025-10-03 07:07:55'),
(44, 11148, '2025-12-05 09:09:21'),
(98, 253687, '2024-02-23 01:15:23'),
(58, 403642, '2024-01-13 11:27:10'),
(38, 15184, '2024-01-13 08:26:23'),
(92, 13107, '2025-01-24 11:11:13'),
(42, 522098, '2024-07-11 00:01:40'),
(20, 269776, '2024-10-11 12:00:12'),
(22, 463319, '2025-04-11 22:58:31'),
(37, 324852, '2024-04-29 23:40:58'),
(51, 12448, '2023-12-09 11:50:27'),
(6, 654350, '2024-02-15 06:08:47'),
(20, 38319, '2024-11-29 12:08:24'),
(100, 29512, '2025-04-20 10:45:23'),
(92, 54271, '2024-06-01 04:50:02'),
(68, 853, '2024-03-15 18:50:21'),
(88, 15802, '2024-11-05 19:30:26'),
(51, 403, '2025-04-15 11:36:42'),
(14, 627879, '2025-12-07 14:30:13'),
(38, 20986, '2025-06-26 07:59:17'),
(52, 24924, '2024-10-25 05:20:09'),
(44, 47251, '2024-12-30 16:04:58'),
(61, 654028, '2024-06-01 08:04:43'),
(26, 295490, '2024-03-26 10:14:31'),
(34, 25329, '2024-03-23 20:42:23'),
(48, 142061, '2024-06-17 11:25:46'),
(39, 290595, '2024-07-16 09:47:23'),
(53, 525657, '2025-06-22 16:11:00'),
(7, 791333, '2024-07-18 17:53:23'),
(11, 24950, '2024-08-26 01:08:45'),
(58, 153509, '2025-05-16 03:38:27'),
(77, 49013, '2024-05-17 18:53:34'),
(69, 280092, '2025-08-06 11:49:23'),
(42, 428288, '2024-09-21 19:51:38'),
(42, 7516, '2024-08-19 19:15:30'),
(3, 3177, '2024-12-30 22:21:49'),
(40, 785976, '2024-06-21 10:57:18'),
(100, 27327, '2024-06-08 11:43:04'),
(76, 621914, '2025-11-12 22:25:55'),
(20, 140967, '2024-07-26 08:09:12'),
(52, 24266, '2024-10-24 05:23:46'),
(54, 10069, '2025-09-19 00:52:36'),
(72, 1089123, '2024-01-25 20:47:20'),
(52, 454626, '2025-07-08 02:25:46'),
(42, 38568, '2025-05-08 06:59:02'),
(56, 114478, '2024-09-16 08:35:51'),
(99, 916053, '2025-07-03 14:08:18'),
(86, 851644, '2025-11-12 23:03:22'),
(11, 26612, '2025-01-30 22:27:45'),
(85, 12538, '2025-07-29 09:56:04'),
(13, 245846, '2024-05-28 21:05:14'),
(44, 28764, '2024-10-10 01:22:26'),
(3, 436391, '2024-02-01 18:56:22'),
(89, 4398, '2024-07-31 00:16:19'),
(4, 130150, '2024-11-19 17:33:58'),
(51, 15917, '2024-09-08 05:44:40'),
(28, 566221, '2025-03-11 09:56:58'),
(11, 11971, '2024-09-23 06:57:09'),
(70, 46020, '2024-02-13 19:44:54'),
(44, 244458, '2024-06-03 18:30:22'),
(24, 9620, '2025-07-11 02:27:18'),
(13, 7514, '2025-07-08 03:36:28'),
(19, 331444, '2025-10-28 16:59:10'),
(2, 28932, '2025-04-24 02:25:01'),
(68, 504969, '2024-06-17 14:16:10'),
(98, 13785, '2024-08-17 01:15:30'),
(72, 12542, '2024-10-22 09:13:05'),
(8, 198556, '2025-05-18 12:45:12'),
(64, 29968, '2025-02-07 09:43:31'),
(1, 11078, '2025-07-18 18:58:03'),
(92, 222461, '2025-03-14 07:33:22'),
(71, 449503, '2025-08-30 02:39:15'),
(89, 10722, '2024-01-21 05:33:05'),
(46, 36657, '2025-11-08 22:40:11'),
(59, 20874, '2023-12-27 12:03:46'),
(72, 45535, '2024-04-06 14:07:12'),
(75, 601169, '2025-02-19 06:45:53'),
(72, 17796, '2024-11-11 20:06:14'),
(81, 12435, '2024-07-03 09:33:34'),
(98, 13595, '2025-09-25 00:48:28'),
(88, 12157, '2025-10-22 18:27:55'),
(16, 186976, '2024-11-17 04:30:22'),
(92, 374465, '2025-06-22 00:56:23'),
(86, 417384, '2024-04-15 12:57:24'),
(45, 159128, '2023-12-18 23:46:57'),
(92, 13935, '2024-08-14 19:59:27'),
(4, 45318, '2024-09-30 01:06:32'),
(10, 3587, '2025-10-02 16:54:03'),
(24, 585759, '2024-12-15 04:02:04'),
(32, 18826, '2025-04-27 15:06:33'),
(29, 16781, '2025-10-01 05:27:27'),
(38, 19035, '2024-10-14 14:17:53'),
(100, 13614, '2024-09-13 09:33:57'),
(21, 525661, '2024-06-29 20:21:06'),
(87, 8247, '2024-02-13 07:29:37'),
(11, 57276, '2025-07-04 19:58:15'),
(20, 417678, '2024-03-01 22:41:45'),
(31, 58694, '2024-03-06 21:07:27'),
(76, 9947, '2025-02-19 00:46:08'),
(37, 56825, '2025-11-28 17:26:11'),
(41, 78571, '2025-10-12 09:55:21'),
(26, 236737, '2025-09-30 11:43:39');

-- Movie Lists-Tags
INSERT INTO movie_lists_tags (is_primary, movie_list_id, tag_id, created_at) VALUES
(1, 42, 27, '2024-08-19 22:39:21'),
(0, 8, 9, '2024-08-05 21:20:08'),
(0, 59, 22, '2025-07-11 23:26:38'),
(1, 99, 5, '2024-06-17 23:28:03'),
(1, 80, 5, '2025-06-03 21:48:11'),
(0, 28, 26, '2024-02-21 23:44:00'),
(1, 18, 27, '2025-04-21 13:02:13'),
(0, 29, 4, '2024-08-15 19:35:03'),
(0, 90, 10, '2024-08-15 13:55:36'),
(0, 88, 17, '2024-07-29 19:22:05'),
(1, 83, 2, '2025-08-04 10:01:54'),
(0, 6, 22, '2025-04-10 05:23:11'),
(0, 83, 15, '2025-01-30 04:50:59'),
(1, 27, 27, '2024-02-16 10:31:48'),
(0, 52, 26, '2024-12-20 07:06:56'),
(0, 26, 29, '2024-07-20 18:39:03'),
(0, 40, 14, '2024-08-30 15:06:51'),
(0, 64, 14, '2025-02-18 12:15:42'),
(0, 46, 2, '2024-12-25 20:50:18'),
(1, 93, 9, '2024-03-29 21:34:37'),
(1, 66, 17, '2024-01-23 05:50:40'),
(0, 66, 23, '2024-04-17 23:29:54'),
(0, 84, 10, '2025-08-17 21:54:20'),
(0, 54, 9, '2025-02-18 10:30:20'),
(0, 21, 1, '2025-08-01 04:24:56'),
(0, 32, 25, '2024-01-27 11:18:17'),
(0, 44, 3, '2025-11-11 18:34:23'),
(0, 59, 6, '2025-06-21 16:01:17'),
(0, 73, 19, '2025-04-02 16:59:16'),
(0, 46, 15, '2024-08-11 12:56:06'),
(0, 57, 20, '2025-09-07 02:13:12'),
(1, 63, 20, '2023-12-31 03:28:35'),
(0, 72, 30, '2025-05-08 22:16:50'),
(0, 25, 4, '2024-11-09 13:24:31'),
(0, 93, 27, '2024-10-03 22:20:16'),
(0, 44, 26, '2024-07-12 13:01:38'),
(0, 23, 27, '2025-07-26 19:04:05'),
(0, 3, 12, '2024-12-28 10:23:20'),
(1, 27, 17, '2025-10-29 01:56:08'),
(0, 50, 14, '2024-09-12 20:02:06'),
(0, 28, 18, '2024-04-29 08:03:07'),
(0, 12, 25, '2025-01-12 08:45:49'),
(0, 27, 12, '2023-12-11 20:57:15'),
(1, 24, 9, '2024-02-13 08:41:04'),
(0, 51, 8, '2024-01-13 22:19:02'),
(0, 6, 2, '2024-11-02 14:58:56'),
(0, 54, 8, '2025-09-25 06:02:58'),
(1, 52, 10, '2023-12-12 11:01:42'),
(0, 2, 14, '2025-08-04 09:09:12'),
(0, 69, 25, '2025-05-19 14:09:48'),
(1, 10, 1, '2024-06-09 01:04:57'),
(1, 51, 22, '2024-10-11 08:09:11'),
(1, 72, 17, '2024-01-29 06:08:06'),
(0, 62, 26, '2024-02-03 04:19:29'),
(0, 80, 21, '2025-07-05 13:25:17'),
(0, 29, 28, '2024-11-28 14:38:54'),
(1, 71, 25, '2024-03-18 10:28:42'),
(1, 67, 6, '2025-05-20 13:53:52'),
(1, 44, 4, '2024-11-05 10:14:35'),
(0, 92, 19, '2025-09-29 05:48:38'),
(0, 6, 26, '2025-07-04 05:28:12'),
(0, 90, 23, '2025-11-10 14:52:54'),
(0, 4, 20, '2025-09-23 03:14:04'),
(0, 89, 30, '2024-05-18 07:11:11'),
(0, 32, 26, '2024-06-23 16:37:49'),
(0, 40, 30, '2024-03-18 17:09:19'),
(0, 43, 7, '2025-08-16 15:57:29'),
(0, 79, 3, '2025-03-09 14:22:44'),
(0, 40, 21, '2024-02-13 18:40:39'),
(0, 35, 23, '2024-03-05 00:49:52'),
(1, 31, 15, '2025-01-10 06:54:48'),
(1, 5, 17, '2025-04-23 01:44:25'),
(0, 90, 25, '2024-06-04 17:49:35'),
(0, 75, 15, '2024-11-08 11:47:56'),
(1, 71, 26, '2025-11-27 02:47:19'),
(0, 16, 14, '2024-08-24 14:29:34'),
(0, 96, 20, '2025-02-25 03:42:54'),
(0, 74, 4, '2025-05-02 04:30:11'),
(0, 65, 17, '2024-09-17 00:43:31'),
(0, 24, 18, '2024-04-26 06:17:12'),
(0, 71, 27, '2024-11-03 10:44:28'),
(0, 72, 25, '2025-04-25 10:00:54'),
(0, 87, 22, '2024-05-15 15:55:33'),
(1, 32, 17, '2025-03-05 21:21:05'),
(1, 30, 3, '2024-03-25 13:51:34'),
(1, 97, 18, '2024-06-28 15:52:52'),
(0, 79, 8, '2024-12-24 09:03:33'),
(1, 83, 30, '2025-04-30 13:52:03'),
(0, 34, 2, '2025-07-06 04:15:19'),
(1, 30, 28, '2025-08-17 12:43:43'),
(1, 93, 23, '2025-01-04 17:03:06'),
(0, 72, 11, '2024-07-16 00:38:22'),
(0, 64, 2, '2025-06-03 07:44:35'),
(0, 77, 18, '2024-08-21 06:14:46'),
(0, 35, 25, '2025-07-15 09:31:27'),
(0, 13, 17, '2025-10-17 03:22:35'),
(0, 72, 13, '2025-07-01 00:55:46'),
(0, 71, 16, '2024-12-10 03:26:45'),
(0, 8, 22, '2025-08-15 03:21:48'),
(1, 48, 15, '2024-06-12 19:53:37'),
(0, 65, 19, '2025-06-07 06:17:12'),
(0, 64, 1, '2025-05-17 04:34:50'),
(1, 54, 11, '2023-12-23 22:19:58'),
(0, 32, 13, '2025-01-25 08:08:05'),
(0, 64, 13, '2024-09-27 23:41:41'),
(0, 74, 27, '2024-01-31 18:38:49'),
(1, 94, 1, '2023-12-11 19:24:37'),
(0, 70, 11, '2024-11-08 04:07:10'),
(0, 36, 16, '2024-02-20 05:41:17'),
(0, 51, 1, '2025-09-15 10:39:25'),
(0, 86, 30, '2025-10-07 11:09:57'),
(0, 27, 7, '2024-02-24 22:44:24'),
(0, 79, 25, '2024-04-24 22:24:13'),
(0, 46, 21, '2025-04-09 17:54:10'),
(1, 7, 6, '2024-05-29 07:13:06'),
(0, 41, 15, '2024-03-27 09:34:55'),
(1, 24, 30, '2024-12-08 19:32:06'),
(0, 14, 6, '2025-02-18 16:51:36'),
(1, 30, 16, '2024-07-28 23:07:52'),
(0, 3, 11, '2025-10-23 07:13:26'),
(1, 88, 6, '2025-05-13 14:18:29'),
(1, 19, 6, '2025-07-18 11:41:51'),
(0, 60, 10, '2024-04-15 15:54:03'),
(1, 9, 27, '2025-03-21 03:03:05'),
(0, 55, 28, '2024-09-11 02:55:26'),
(0, 54, 29, '2025-03-30 09:57:33'),
(0, 77, 9, '2025-05-18 11:27:49'),
(0, 100, 6, '2025-07-12 21:37:35'),
(0, 33, 29, '2024-07-10 12:28:09'),
(0, 72, 19, '2024-05-07 18:56:41'),
(1, 52, 15, '2025-08-29 00:17:20'),
(1, 66, 12, '2025-05-10 22:28:18'),
(0, 17, 26, '2025-12-03 12:29:23'),
(1, 29, 15, '2024-07-16 07:46:25'),
(0, 12, 15, '2024-03-03 09:30:02'),
(0, 63, 10, '2024-12-26 08:33:48'),
(0, 100, 1, '2024-01-29 19:12:38'),
(0, 7, 24, '2024-03-01 12:25:39'),
(0, 82, 14, '2024-12-13 09:45:41'),
(0, 82, 23, '2024-03-02 20:30:42'),
(0, 17, 1, '2025-03-25 19:59:05'),
(0, 22, 26, '2024-01-26 03:48:57'),
(0, 75, 20, '2025-12-07 10:46:56'),
(0, 58, 5, '2025-08-08 10:30:11'),
(0, 31, 19, '2025-07-06 04:14:07'),
(1, 65, 29, '2025-06-17 12:29:11'),
(0, 14, 7, '2025-01-25 01:50:03'),
(0, 12, 30, '2025-04-19 16:10:11'),
(0, 95, 10, '2025-08-30 11:31:04'),
(0, 12, 7, '2024-07-03 16:47:21');

-- Watches
INSERT INTO watches (liked, is_private, rating, review_text, movie_id, user_id, created_at, updated_at) VALUES
(1, 0, 7, 'Pauci undique suffragium videlicet spoliatio ab summa tergo agnosco. Delectus apostolus sollicito distinctio tamen delectatio commodo commemoro urbanus curtus.', 463272, 7, '2025-03-07 21:18:48', '2025-03-07 21:18:48'),
(1, 0, 3, 'Stabilis valens vinculum subvenio. Victus ducimus urbs.', 347548, 44, '2024-02-05 21:10:55', '2024-02-05 21:10:55'),
(1, 0, 7, 'Inventore veritatis vix vinco culpa concido tribuo corrigo vehemens contabesco. Capillus vis doloribus viridis pel animadverto ago ocer curis.', 32037, 37, '2024-04-04 11:29:49', '2024-04-04 11:29:49'),
(1, 0, 7, 'Volva temeritas utique communis ustilo ab veritas cursus crapula patior. Demulceo antiquus tego theologus suscipio.', 750253, 39, '2024-12-12 14:46:17', '2024-12-12 14:46:17'),
(0, 0, 8, 'Fugiat speciosus stillicidium demitto capio accommodo tamen. Thalassinus sunt quam xiphias vivo vix vester carus.', 10597, 28, '2024-09-03 09:38:28', '2024-09-03 09:38:28'),
(1, 0, 8, 'Stips condico una statim urbs verbera acerbitas voluptate. Carpo damnatio atavus tui terra.', 9623, 28, '2024-11-30 06:01:30', '2024-11-30 06:01:30'),
(1, 0, 3, 'Vaco deficio traho bibo cultellus. Cariosus celer capto callide aegrus vilicus soluta et blanditiis.', 667276, 9, '2025-11-10 17:41:38', '2025-11-10 17:41:38'),
(1, 0, 9, 'Tergum cattus depulso quas cras tremo. Admitto conservo nemo eaque video aspernatur totus.', 52103, 1, '2025-10-15 17:40:20', '2025-10-15 17:40:20'),
(0, 0, 6, 'Vinculum color arbustum eveniet doloribus tamdiu dolor delectatio. Comedo unus damnatio adipiscor.', 37832, 15, '2025-09-17 15:22:28', '2025-09-17 15:22:28'),
(0, 0, 3, 'Adstringo coniuratio deputo amet spero comis colo architecto defetiscor. Creta pecus ad valetudo delibero molestiae summisse atqui vesco.', 950849, 33, '2025-03-21 15:15:51', '2025-03-21 15:15:51'),
(0, 1, 8, 'Stillicidium considero acceptus atqui vinitor tabella magnam voluptatibus. Decipio abundans alius temptatio temporibus caelestis venia.', 889, 43, '2024-07-06 18:21:11', '2024-07-06 18:21:11'),
(1, 0, 3, 'Cogo tum ocer antepono aegre modi vesco reiciendis currus. Colligo civitas appello decimus corrumpo adversus versus.', 167683, 50, '2024-05-18 11:00:53', '2024-05-18 11:00:53'),
(1, 0, 3, 'Similique virga caveo aliquam vorax doloribus deludo. Deserunt deprecator aurum.', 11326, 34, '2024-06-25 20:06:16', '2024-06-25 20:06:16'),
(1, 0, 4, 'Utpote vestrum claudeo consectetur peccatus angustus suadeo. Bis cenaculum sordeo cras vis advoco.', 15039, 28, '2025-11-03 11:48:15', '2025-11-03 11:48:15'),
(0, 0, 1, 'Cavus perferendis viriliter amo. Adicio apostolus vicissitudo caute accusator ancilla quae.', 278927, 1, '2025-01-02 22:50:31', '2025-01-02 22:50:31'),
(1, 0, 8, 'Desparatus demonstro cras totam. Bos tero spiritus velit vulgus consequuntur temperantia eos dedecor.', 736526, 26, '2025-11-17 20:28:00', '2025-11-17 20:28:00'),
(1, 0, 2, 'Adfectus totidem libero modi atrox cohors. Alius hic contra ara cribro.', 51365, 30, '2025-04-14 19:41:15', '2025-04-14 19:41:15'),
(1, 0, 8, 'Denuo spectaculum amplus. Decens cohors copia calcar vestrum curiositas doloremque aduro inflammatio.', 456611, 7, '2024-05-18 21:49:05', '2024-05-18 21:49:05'),
(0, 0, 5, 'Sol ante tergum suscipit defluo. Aduro speciosus trepide.', 514439, 18, '2024-09-18 23:49:35', '2024-09-18 23:49:35'),
(1, 0, 4, 'Officia varius tres debitis crur aveho una facilis utrimque. Charisma adulatio officia.', 315319, 16, '2024-04-05 19:21:06', '2024-04-05 19:21:06'),
(1, 0, 10, 'Demulceo tamisium valeo quia triumphus deleo sufficio tantillus aptus. Quaerat viduo aperiam vestigium expedita casus.', 840326, 13, '2025-09-07 18:23:38', '2025-09-07 18:23:38'),
(0, 0, 2, 'Vespillo annus patria barba. Vinco spiritus cras spargo votum tergeo usque.', 960139, 36, '2025-11-19 21:46:26', '2025-11-19 21:46:26'),
(1, 0, 8, 'Agnosco repellat aetas. Anser adopto advoco sordeo ad demo.', 717192, 21, '2024-11-13 13:53:51', '2024-11-13 13:53:51'),
(1, 0, 2, 'Corporis curis temporibus harum quas cribro atque accedo tyrannus. Torqueo velociter tener copia cohors auctus trepide tepesco sub.', 333381, 5, '2024-12-03 15:51:50', '2024-12-03 15:51:50'),
(1, 0, 7, 'Dolores ascit desolo vestigium tergiversatio incidunt summopere magnam absconditus. Ventito deleniti studio aliqua thalassinus civis confero officiis.', 392058, 3, '2025-02-06 20:42:25', '2025-02-06 20:42:25'),
(1, 0, 5, 'Textilis aut infit rem vetus cognatus. Thorax nam amo acsi atque.', 468212, 32, '2024-12-25 04:30:57', '2024-12-25 04:30:57'),
(1, 0, 1, 'Infit comes arguo creator similique damno adaugeo varietas sufficio copiose. Cuppedia curvo canto repellat architecto ustilo supellex adnuo cedo acidus.', 284537, 9, '2024-08-12 04:23:19', '2024-08-12 04:23:19'),
(0, 0, 3, 'Apparatus cognatus rem ventito depereo cuppedia tutamen combibo tantillus vobis. Avaritia calcar aureus adduco turbo volutabrum sortitus conservo.', 387426, 10, '2024-10-10 04:33:53', '2024-10-10 04:33:53'),
(0, 0, 6, 'Civitas recusandae depereo tenus. Deinde optio non nulla careo dedico qui maxime vulgaris.', 66129, 43, '2024-06-19 13:10:28', '2024-06-19 13:10:28'),
(1, 0, 5, 'Centum communis acquiro conor suasoria. Nemo catena ulciscor uterque conculco ciminatio.', 254201, 18, '2025-08-25 13:01:15', '2025-08-25 13:01:15'),
(0, 1, 4, 'Volutabrum bis virtus copiose deporto conatus uterque. Tamisium canis incidunt rem cohaero viduo vinum talio.', 623520, 19, '2025-08-12 10:51:49', '2025-08-12 10:51:49'),
(0, 0, 6, 'Delinquo valens aggredior. Auxilium subnecto ullus armarium patior assumenda crustulum ara turpis.', 496212, 19, '2025-09-07 02:23:37', '2025-09-07 02:23:37'),
(1, 0, 6, 'Ascisco timor volutabrum aggredior trepide. Suadeo magnam tracto.', 8011, 19, '2024-03-25 12:36:47', '2024-03-25 12:36:47'),
(1, 0, 5, 'Bibo spes atqui arcesso vobis decor supellex. Vere tempore clementia cauda.', 501841, 15, '2024-05-29 11:56:00', '2024-05-29 11:56:00'),
(1, 0, 1, 'Tondeo vomer cum teres. Tracto cibus turbo quis pauper deduco deleniti aureus advoco deludo.', 558, 37, '2025-10-18 03:14:44', '2025-10-18 03:14:44'),
(1, 0, 7, 'Triduana cras odio. Capitulus veritatis cimentarius decretum volup compello depopulo contigo quibusdam temporibus.', 252067, 7, '2025-04-15 04:27:12', '2025-04-15 04:27:12'),
(0, 0, 5, 'Corrigo quas vespillo utique vomer copia curriculum avarus talio. Vitium vinco comparo defaeco barba.', 76025, 50, '2024-11-22 13:55:04', '2024-11-22 13:55:04'),
(1, 0, 2, 'Universe voluptas deputo bellum. Vindico volutabrum ancilla error quasi certus tero verbum aegrus.', 92182, 39, '2025-01-16 14:10:49', '2025-01-16 14:10:49'),
(1, 0, 9, 'Amet virtus arguo conservo tonsor consuasor. Demergo tergum via annus vero eum enim callide dapifer.', 502350, 7, '2025-03-05 15:30:18', '2025-03-05 15:30:18'),
(1, 0, 9, 'Abbas condico audacia victus maiores. Adsidue corroboro error.', 13963, 49, '2024-04-14 05:21:16', '2024-04-14 05:21:16'),
(1, 0, 8, 'Aetas cursim suffragium nostrum esse amitto. Pecto bibo celebrer.', 470229, 2, '2025-06-10 22:41:21', '2025-06-10 22:41:21'),
(1, 1, 8, 'Spectaculum deripio error. Apparatus decor vestigium cura super umquam depopulo deprecator.', 329010, 2, '2024-04-17 13:25:13', '2024-04-17 13:25:13'),
(0, 0, 8, 'Degusto caritas uxor cibo adulatio temporibus amoveo vallum. Circumvenio asperiores videlicet voluptates ultio valetudo sapiente terror.', 414453, 9, '2024-01-09 17:57:01', '2024-01-09 17:57:01'),
(1, 0, 3, 'Nostrum sonitus vulpes praesentium magnam comburo studio solvo earum. Et bestia uter thesaurus abutor angulus assumenda.', 750145, 44, '2024-02-20 06:39:13', '2024-02-20 06:39:13'),
(1, 0, 10, 'Appositus summisse succurro cruentus adflicto. Abscido acies corrigo inventore peccatus decipio cubo sulum.', 9358, 9, '2025-05-25 13:48:02', '2025-05-25 13:48:02'),
(0, 1, 9, 'Volva magnam alias crustulum suadeo. Vito tunc utroque arbitro comedo impedit caput amitto ante.', 734280, 42, '2025-01-20 05:12:30', '2025-01-20 05:12:30'),
(0, 0, 4, 'Urbanus quod vorax suadeo excepturi ex temperantia cribro. Crapula deripio amplexus textor ante conventus theatrum reprehenderit conforto.', 9470, 16, '2024-10-02 19:39:25', '2024-10-02 19:39:25'),
(0, 0, 4, 'Cauda cilicium canonicus utroque thermae tenax colo coadunatio et theca. Acquiro cerno bonus spectaculum teneo carus deprimo.', 236751, 41, '2024-04-02 14:59:11', '2024-04-02 14:59:11'),
(1, 0, 8, 'Ut crebro non amissio bellum. Sumptus reprehenderit valde decumbo cur porro deserunt aeneus eum.', 19621, 33, '2024-07-23 02:42:53', '2024-07-23 02:42:53'),
(1, 0, 2, 'Supra degero antea atqui adulatio laborum umquam caput quam. Color ipsam desolo cattus cognatus.', 12100, 20, '2024-03-31 15:56:30', '2024-03-31 15:56:30'),
(1, 0, 3, 'Artificiose terra saepe deserunt vilicus. Porro sopor officia vel defetiscor rerum.', 363486, 24, '2024-07-18 10:35:16', '2024-07-18 10:35:16'),
(0, 0, 5, 'Varius coruscus arcesso paens vero conitor fugiat umerus ducimus. Vere adeo arceo statua charisma veritas astrum.', 671318, 46, '2024-10-18 16:20:16', '2024-10-18 16:20:16'),
(1, 0, 5, 'Tui charisma laboriosam sodalitas termes illum. Facilis callide aspicio vesco beatae crapula.', 10329, 21, '2024-05-29 21:06:46', '2024-05-29 21:06:46'),
(1, 0, 7, 'Saepe valde caterva studio caste numquam. Culpa ultra cimentarius ventito condico brevis convoco ara.', 1027014, 12, '2024-06-28 05:23:22', '2024-06-28 05:23:22'),
(1, 0, 3, 'Abbas possimus termes ter corpus. Vilicus desolo et deprecator tantillus ut.', 12611, 8, '2024-03-12 02:36:36', '2024-03-12 02:36:36'),
(0, 0, 7, 'Nobis combibo alias addo theca apparatus. Nulla cometes blandior vulticulus cupiditas desipio.', 38397, 50, '2024-03-29 07:02:01', '2024-03-29 07:02:01'),
(1, 0, 10, 'Canto turpis viriliter tum brevis tempus vigor temporibus. Audentia amplitudo inflammatio natus in venia solvo corrumpo comminor iste.', 158752, 1, '2025-11-19 17:15:32', '2025-11-19 17:15:32'),
(1, 0, 3, 'Cetera cubitum cunabula absum statua admitto verto adinventitias solvo. Derideo autus vomica spectaculum adimpleo vae aegrotatio supplanto.', 351819, 5, '2025-02-18 19:45:42', '2025-02-18 19:45:42'),
(0, 1, 10, 'Tyrannus depromo arto. Substantia ambulo terreo calcar.', 10872, 14, '2024-03-05 09:51:09', '2024-03-05 09:51:09'),
(1, 0, 9, 'Tergum congregatio decet. Vado apostolus vorago depereo vomer a.', 17880, 4, '2024-09-27 15:44:13', '2024-09-27 15:44:13'),
(0, 0, 7, 'Clam utrimque odio color vis caput avaritia. Viscus turba abeo volutabrum.', 12479, 46, '2025-05-13 08:08:09', '2025-05-13 08:08:09'),
(1, 0, 9, 'Sit subnecto vapulus admiratio laudantium consequuntur textus angulus angustus. Depono commodo conicio quos a volutabrum despecto conqueror.', 396373, 27, '2025-06-30 11:14:36', '2025-06-30 11:14:36'),
(0, 0, 10, 'Curto utpote ver talio subito. Statim vomer aer natus audio nobis virga vulnus.', 830784, 18, '2024-11-18 15:23:54', '2024-11-18 15:23:54'),
(1, 0, 5, 'Eaque super creptio damno tot solium statua. Paulatim victoria ager veritatis dedico voluptatum distinctio cui verbum subito.', 8216, 38, '2024-04-29 13:28:47', '2024-04-29 13:28:47'),
(1, 0, 10, 'Votum suffoco abstergo necessitatibus. Votum tamdiu utrum supplanto civitas teneo cogo carus baiulus.', 1619, 38, '2025-07-10 22:03:19', '2025-07-10 22:03:19'),
(0, 0, 3, 'Vado deinde sopor acies arguo thesaurus trucido auxilium culpo similique. Annus brevis cibus ait.', 45658, 39, '2024-02-04 06:13:46', '2024-02-04 06:13:46'),
(1, 0, 3, 'Recusandae abeo amor depono conduco adulatio spoliatio suffragium aurum adsum. Aperte corpus ascisco nihil.', 592279, 20, '2024-04-10 01:35:14', '2024-04-10 01:35:14'),
(1, 0, 7, 'Abundans conturbo barba conservo capillus vulariter. Amor excepturi sumo.', 340945, 17, '2024-05-27 06:29:08', '2024-05-27 06:29:08'),
(0, 0, 7, 'Sufficio vigor absens amitto arto ustulo. Absorbeo tutis paulatim defero averto laboriosam aperiam statua aeternus.', 714099, 29, '2025-05-21 11:30:09', '2025-05-21 11:30:09'),
(0, 0, 5, 'Vergo tempore vaco curriculum validus derideo altus. Conor viridis comedo cavus tracto crustulum adsidue accedo rem.', 18300, 21, '2025-07-07 05:12:14', '2025-07-07 05:12:14'),
(1, 0, 2, 'Bellum officia solum cultura candidus creptio supra. Amissio contigo amicitia comprehendo terreo tactus bestia animadverto sono taedium.', 2928, 6, '2025-08-05 12:56:56', '2025-08-05 12:56:56'),
(0, 0, 3, 'Excepturi veritatis temporibus curis admoveo advenio aequitas tergum suffragium. Cogo modi tam sortitus aegrus censura.', 6022, 26, '2025-05-31 02:21:10', '2025-05-31 02:21:10'),
(1, 0, 3, 'Ex rem umerus vir. Amplitudo amoveo adfero in defero.', 1396, 50, '2024-01-01 00:05:21', '2024-01-01 00:05:21'),
(1, 0, 1, 'Depraedor absorbeo defendo calco comitatus succedo. Advoco volutabrum compono dedecor torrens.', 21362, 29, '2024-05-09 01:10:56', '2024-05-09 01:10:56'),
(0, 0, 5, 'Vetus decens cometes clementia velut supellex abscido. Sint stillicidium aestivus.', 20871, 17, '2024-06-23 19:55:51', '2024-06-23 19:55:51'),
(1, 0, 5, 'Eaque abundans alioqui subito suppellex dolor tenus cogito maiores. Adflicto civis commodo.', 281, 28, '2024-02-28 07:46:26', '2024-02-28 07:46:26'),
(1, 0, 2, 'Commemoro tempora beatus cinis ait caelestis labore cuppedia convoco antepono. Rerum ventosus arguo.', 976734, 21, '2023-12-23 23:01:00', '2023-12-23 23:01:00'),
(1, 0, 8, 'Correptius vilicus territo accedo vespillo adfectus trans abeo aedificium tamdiu. Velut vinco calcar veritas omnis est id angelus crinis corpus.', 416051, 21, '2024-10-05 14:15:42', '2024-10-05 14:15:42'),
(1, 0, 7, 'Antea aufero commemoro asper bardus crepusculum harum vero coma ceno. Venia calculus acies solium bibo advoco sufficio aduro venio.', 9356, 20, '2025-01-12 00:30:03', '2025-01-12 00:30:03'),
(1, 0, 3, 'Aggredior truculenter denego validus. Aiunt ambitus stips caries curriculum ager perspiciatis terra suggero.', 81522, 6, '2024-11-04 14:36:37', '2024-11-04 14:36:37'),
(1, 0, 5, 'Adamo aestus corona autem volo quasi. Creo sollers est cupiditas admiratio porro tendo crastinus suscipio sodalitas.', 458293, 20, '2024-12-23 23:37:30', '2024-12-23 23:37:30'),
(1, 0, 8, 'Talus adipisci tabesco commodo ultra adduco conscendo. Verto caecus demonstro.', 14172, 47, '2025-11-10 06:43:13', '2025-11-10 06:43:13'),
(1, 0, 3, 'Accusantium delibero venia suppono supra qui. Cervus bellicus paens.', 35233, 30, '2025-07-10 17:56:59', '2025-07-10 17:56:59'),
(1, 0, 5, 'Eaque deporto crepusculum utilis trucido cervus synagoga. Ad combibo decumbo bonus.', 590153, 19, '2025-01-25 11:07:20', '2025-01-25 11:07:20'),
(0, 0, 2, 'Ducimus caute virtus voco. Cultura stillicidium clementia illo tremo spoliatio asporto desolo deputo.', 9767, 2, '2024-07-23 09:26:25', '2024-07-23 09:26:25'),
(1, 0, 3, 'Tempore color temeritas. Uxor decumbo somniculosus.', 48150, 5, '2025-06-18 15:29:10', '2025-06-18 15:29:10'),
(1, 0, 6, 'Neque turpis adipisci arcesso adinventitias canto asporto balbus volaticus. Carcer auctor modi textus velum vere cetera.', 85985, 12, '2024-08-16 16:54:51', '2024-08-16 16:54:51'),
(1, 0, 8, 'Cultellus sunt vinum attero. Odit sodalitas terminatio uter fugit comburo spectaculum.', 439584, 17, '2024-05-17 14:23:12', '2024-05-17 14:23:12'),
(1, 0, 2, 'Creta pariatur ait ab. Armarium tabernus tristis templum a.', 976734, 38, '2024-08-31 16:22:29', '2024-08-31 16:22:29'),
(1, 0, 2, 'Totam acceptus crudelis spoliatio abutor surculus cruentus supra agnitio aperiam. Campana deprimo vestrum balbus facilis sollers tametsi.', 12634, 47, '2025-11-09 05:36:46', '2025-11-09 05:36:46'),
(1, 0, 10, 'Agnitio aer subvenio. Calco tot carbo tum vereor eius.', 606, 15, '2024-09-07 02:44:41', '2024-09-07 02:44:41'),
(1, 0, 5, 'Depopulo absconditus cattus. Avarus caelum beatae.', 412090, 37, '2025-07-24 12:53:23', '2025-07-24 12:53:23'),
(1, 0, 7, 'Totus dens deduco stultus. Supra suffragium tumultus aetas ullam vicissitudo vulpes vir.', 44115, 41, '2025-03-18 16:27:15', '2025-03-18 16:27:15'),
(1, 0, 8, 'Audentia calculus a denego cerno absque sonitus. Appello tabgo attollo urbanus tergeo advenio deleo dolore temeritas sumptus.', 35019, 43, '2025-07-12 03:07:00', '2025-07-12 03:07:00'),
(1, 0, 1, 'Quisquam benevolentia voluptatem distinctio confido facilis cursus suggero. Suadeo decipio sublime cuius.', 518527, 17, '2025-11-04 21:16:11', '2025-11-04 21:16:11'),
(1, 0, 5, 'Vulticulus titulus tolero subnecto approbo usus corrupti vicissitudo dolore. Audentia desino combibo suspendo cohors.', 77458, 12, '2025-05-10 04:12:07', '2025-05-10 04:12:07'),
(1, 0, 3, 'Consectetur aperiam trans absum est astrum uterque trepide super. Coaegresco solutio exercitationem ipsam sollers tubineus uredo utpote velut allatus.', 1308757, 20, '2025-05-20 18:26:35', '2025-05-20 18:26:35'),
(0, 0, 3, 'Usque comes natus votum aggero contra. Patruus acies tergum coruscus utroque thermae.', 956, 24, '2025-03-31 13:47:32', '2025-03-31 13:47:32'),
(1, 0, 4, 'Angelus thorax arbitro suscipio adiuvo. Coadunatio sollicito tandem concedo vester turba optio velut crux decumbo.', 11236, 44, '2025-09-22 18:52:33', '2025-09-22 18:52:33'),
(1, 0, 3, 'Sum volutabrum terminatio clementia. Tenetur accedo demergo aperte assumenda adopto.', 2887, 8, '2024-12-24 12:16:12', '2024-12-24 12:16:12'),
(0, 0, 9, 'Tenax armarium sodalitas cubo absorbeo pariatur officiis. Bene bene bibo.', 17445, 45, '2025-04-15 01:58:19', '2025-04-15 01:58:19'),
(1, 0, 10, 'Vester sumo vorago tepesco xiphias debilito sumo. Angulus vapulus decor tamquam tui abduco cumque supplanto confugo vorax.', 866462, 21, '2025-09-29 18:00:23', '2025-09-29 18:00:23'),
(1, 0, 9, 'Benigne victus tenuis vinum tonsor comminor vulgo terga comes avarus. Summa arceo cras sufficio cura.', 715385, 3, '2024-02-28 21:44:41', '2024-02-28 21:44:41'),
(1, 0, 10, 'Sordeo quae subvenio dolor laboriosam causa depromo. Conqueror valens astrum.', 103747, 5, '2025-07-30 00:01:12', '2025-07-30 00:01:12'),
(0, 0, 10, 'Tempora teres comptus tamquam cotidie tolero ager pecto. Trans admoveo crux ustilo tergo crebro currus inflammatio tabella.', 34186, 35, '2024-01-20 20:35:49', '2024-01-20 20:35:49'),
(0, 0, 1, 'Constans spiritus inflammatio umbra attollo tactus calamitas. Arx contego ullam cohors patrocinor deleniti acsi sumptus.', 9588, 15, '2025-05-20 05:49:59', '2025-05-20 05:49:59'),
(1, 0, 7, 'Triduana aequitas sopor vinco confido vulgaris tabgo derelinquo ademptio maiores. Sol tot collum cuius decerno conforto custodia aequitas cibus.', 444902, 45, '2025-12-06 12:14:21', '2025-12-06 12:14:21'),
(0, 0, 4, 'Quasi dicta teneo. Ipsa credo claudeo crastinus quis dapifer aggero desipio tonsor.', 929590, 27, '2024-06-18 22:05:07', '2024-06-18 22:05:07'),
(1, 0, 2, 'Dedecor aranea dignissimos voluntarius absens cunae avaritia ultio. Studio corpus voluptate absorbeo angelus tergeo territo.', 35026, 39, '2025-08-03 19:47:12', '2025-08-03 19:47:12'),
(1, 0, 1, 'Antea solvo cavus velut. Inflammatio sortitus apostolus solus tolero adeptio deporto.', 399035, 4, '2025-07-09 06:45:06', '2025-07-09 06:45:06'),
(1, 0, 10, 'Amissio canto tremo venustas adaugeo advoco tactus despecto clarus. Urbanus praesentium repellat valens cedo uredo demulceo.', 35688, 48, '2025-06-22 11:40:04', '2025-06-22 11:40:04'),
(1, 0, 1, 'Carbo theca bos varietas spoliatio. Vel cubicularis claro crux.', 332283, 50, '2025-01-27 11:52:18', '2025-01-27 11:52:18'),
(1, 0, 1, 'Numquam crudelis consectetur. Contego verto auctor curo absque acidus tergum tempore.', 40817, 38, '2025-02-04 22:05:46', '2025-02-04 22:05:46'),
(1, 0, 8, 'Ultio coruscus subiungo atavus amet censura cimentarius tempora. Stabilis tempus sapiente trepide vigor ventito.', 484468, 49, '2024-08-07 09:22:21', '2024-08-07 09:22:21'),
(0, 0, 6, 'Tandem abbas volup timor ceno veniam decens centum. Tabernus cogito talis cohors.', 175291, 7, '2025-06-02 17:33:38', '2025-06-02 17:33:38'),
(1, 0, 2, 'Antea sunt advenio ver callide turbo amissio. Esse traho vesper tergeo ars eligendi.', 14, 24, '2024-09-16 15:21:54', '2024-09-16 15:21:54'),
(1, 0, 1, 'Aeger dolorum defessus strenuus auctus animi vespillo totus. Vulnero demens repudiandae.', 263115, 11, '2025-05-03 14:19:41', '2025-05-03 14:19:41'),
(1, 0, 6, 'Altus porro deduco celo vos. Accusator certus stillicidium corrupti terreo texo aspernatur aeger.', 10960, 35, '2025-01-04 12:24:04', '2025-01-04 12:24:04'),
(1, 0, 7, 'Volaticus creta velociter comis cetera utrum. Subnecto suadeo crudelis ustilo.', 366696, 48, '2024-11-23 08:36:32', '2024-11-23 08:36:32'),
(0, 1, 6, 'Avarus non mollitia aperio tam arguo credo. Aeternus eum centum.', 508664, 29, '2025-09-22 04:18:48', '2025-09-22 04:18:48'),
(1, 0, 7, 'Dicta comparo adfero cultura fugiat. Tardus cur dolorum advoco.', 18113, 34, '2025-01-13 14:14:53', '2025-01-13 14:14:53'),
(1, 0, 5, 'Civis arcus color eaque voluptate capto. Tamisium minus iusto carcer quis iusto.', 626412, 27, '2025-05-12 18:35:54', '2025-05-12 18:35:54'),
(0, 1, 1, 'Aggero vomica cauda adhuc tabesco denique cumque molestiae. Surculus video tum annus.', 158, 1, '2025-07-21 23:03:29', '2025-07-21 23:03:29'),
(1, 0, 7, 'Tenuis cuius utilis accommodo venio ustilo earum defungo quis inventore. Cena abundans amaritudo basium communis ullam vae.', 1214667, 7, '2025-09-24 11:52:58', '2025-09-24 11:52:58'),
(0, 1, 5, 'Tergo animus cupiditate caute centum conscendo voluptatem. Succedo succurro tremo carmen ipsa strenuus cur pax tutis.', 26587, 24, '2025-05-17 04:50:43', '2025-05-17 04:50:43'),
(1, 0, 1, 'Depono demitto adiuvo pauper. Teres suppellex tergo.', 15713, 43, '2025-09-12 09:22:21', '2025-09-12 09:22:21'),
(1, 0, 5, 'Sursum arceo claustrum cribro beatus curo illo ipsam. Sopor caveo ulciscor depopulo cornu exercitationem nostrum repudiandae acsi.', 6072, 16, '2025-02-03 22:50:07', '2025-02-03 22:50:07'),
(1, 0, 7, 'Cultura arcesso arca fugiat thalassinus adhaero ascisco terminatio cernuus. Suscipio debeo sui paens sto careo somnus.', 664031, 10, '2024-09-29 05:31:31', '2024-09-29 05:31:31'),
(1, 1, 3, 'Error cursim triduana dens amoveo circumvenio celer succedo vestigium tenus. Strues deinde surgo terror.', 42476, 19, '2024-07-01 11:13:07', '2024-07-01 11:13:07'),
(1, 0, 1, 'Verbera casso contego spero. Circumvenio veritatis sonitus delectus eum antiquus stips delego cruciamentum vapulus.', 347754, 34, '2024-03-18 04:56:46', '2024-03-18 04:56:46'),
(1, 0, 10, 'Terreo amicitia abbas trado quos. Ancilla terminatio speculum amet coaegresco bellicus studio.', 606856, 17, '2025-04-10 15:35:57', '2025-04-10 15:35:57'),
(1, 1, 1, 'Vinculum universe utor nulla conturbo. Vitiosus argentum tristis cedo depulso copia.', 16236, 40, '2025-01-03 03:32:30', '2025-01-03 03:32:30'),
(1, 0, 3, 'Corona tolero vigor. Vel amoveo soleo votum ancilla pax ventus degusto somniculosus.', 5123, 14, '2024-02-16 07:28:20', '2024-02-16 07:28:20'),
(0, 0, 4, 'Adeo asperiores cavus despecto carpo delinquo tremo argumentum ater. Audentia tot caecus crepusculum tamen vulgaris desidero et beatus.', 19157, 41, '2025-02-15 02:07:48', '2025-02-15 02:07:48'),
(1, 0, 9, 'Eos synagoga cariosus candidus adduco campana atrox explicabo vester cenaculum. Combibo attero ascit cuius texo desolo subseco valetudo attero.', 42446, 33, '2024-12-06 00:23:07', '2024-12-06 00:23:07'),
(1, 0, 7, 'Vociferor autus aedificium soluta curvo. Sollers certus valetudo dens defero peior pauper.', 332672, 3, '2024-04-07 00:39:20', '2024-04-07 00:39:20'),
(1, 0, 4, 'Aperiam ocer tergeo cohibeo pax libero vallum. Cervus deficio decimus dolorem.', 2655, 14, '2024-08-27 08:49:03', '2024-08-27 08:49:03'),
(1, 0, 5, 'Ea antea comes numquam delectatio statim. Cervus blanditiis adipisci.', 4379, 24, '2024-12-31 05:24:12', '2024-12-31 05:24:12'),
(0, 0, 6, 'Ulciscor quasi caste conduco accusantium ipsa conduco vomer crudelis. Brevis utrum atqui trans numquam una abeo beatae cuppedia.', 430040, 41, '2025-11-14 15:35:45', '2025-11-14 15:35:45'),
(1, 0, 1, 'Maiores blandior valeo porro modi architecto perspiciatis tum solutio perferendis. Cras vereor supellex.', 489763, 30, '2024-11-28 03:09:03', '2024-11-28 03:09:03'),
(1, 0, 5, 'Admoneo dedecor vindico supplanto spoliatio color brevis utique vulgaris tibi. Venia curis claustrum tepidus laborum defetiscor.', 12404, 41, '2025-11-07 16:21:41', '2025-11-07 16:21:41'),
(1, 0, 7, 'Aestas impedit defleo delinquo thymum audacia. Vigor est vinum aggredior agnitio color.', 36592, 24, '2025-06-01 01:30:31', '2025-06-01 01:30:31'),
(1, 0, 3, 'Cuppedia voluptatum capillus asperiores thymbra. Architecto tego aveho admiratio degenero caritas accusantium.', 157834, 8, '2024-02-29 12:20:32', '2024-02-29 12:20:32'),
(1, 0, 7, 'Deinde verumtamen surculus supra auctor conspergo clementia conventus accedo aspicio. Cupiditate bibo fuga ocer.', 823999, 29, '2024-05-18 08:16:06', '2024-05-18 08:16:06'),
(0, 0, 8, 'Solus ter arcus exercitationem vel amo absque est. Voluptatem decens caritas velit ago.', 219572, 4, '2024-10-29 21:31:11', '2024-10-29 21:31:11'),
(1, 0, 1, 'Combibo cupiditas degenero adimpleo verus quod vos unus caecus. Triumphus thalassinus conicio volo tempore terga.', 13489, 8, '2024-07-02 08:37:30', '2024-07-02 08:37:30'),
(0, 0, 10, 'Bardus sto eveniet demergo cinis candidus volubilis veritas tandem. Tardus stips demum cauda cicuta soluta trans appono.', 12280, 12, '2024-08-01 04:21:07', '2024-08-01 04:21:07'),
(0, 0, 10, 'Perferendis amoveo cibo denego benevolentia. Cilicium derelinquo defaeco utilis.', 26441, 36, '2024-09-26 17:16:04', '2024-09-26 17:16:04'),
(1, 0, 8, 'Stillicidium eos vinitor virtus bellum vero. Vere vehemens vaco sophismata magni admoveo.', 24358, 9, '2025-06-09 09:29:11', '2025-06-09 09:29:11'),
(1, 0, 6, 'Vociferor aranea sto patruus totus admoveo acies comedo expedita. Clementia tripudio adficio vorax adsuesco tot vox denego clementia.', 412656, 1, '2024-03-21 11:29:14', '2024-03-21 11:29:14'),
(1, 0, 6, 'Urbs arcesso caute tum suus. Vix cibo aureus varietas tantum.', 89185, 48, '2024-02-24 14:58:30', '2024-02-24 14:58:30'),
(1, 0, 6, 'Vulnus ademptio arx sophismata solvo virga. Nihil cena sponte corroboro bibo aveho subito debitis.', 284536, 41, '2025-04-18 21:56:50', '2025-04-18 21:56:50'),
(1, 0, 7, 'Non cauda tamdiu trans illo. Verbera nihil altus strenuus clementia.', 379149, 36, '2024-12-18 06:25:31', '2024-12-18 06:25:31'),
(1, 0, 1, 'Sufficio tendo tyrannus ver cohibeo cubo aestus clamo denego pauper. Deludo demitto collum defluo odio angelus amaritudo tonsor certe.', 439058, 40, '2025-12-02 15:36:51', '2025-12-02 15:36:51'),
(1, 0, 10, 'Conatus minus trepide cupiditas adeptio trucido atqui suffragium tremo aequitas. Tubineus avarus admoneo talus tenax adfectus ara angulus cumque conor.', 45004, 29, '2024-10-03 03:59:27', '2024-10-03 03:59:27'),
(0, 0, 6, 'Adiuvo sint vomica. Cursus ventus aduro ver despecto vulnero causa.', 31262, 1, '2025-07-22 21:09:03', '2025-07-22 21:09:03'),
(0, 0, 10, 'Caries abutor coniuratio correptius theologus abduco surculus audio delicate varietas. Accusator curis aurum molestias deleo quidem angelus repellendus decens ascisco.', 278, 19, '2025-07-20 04:46:13', '2025-07-20 04:46:13'),
(1, 0, 9, 'Tutis virgo texo conatus beatae maxime ipsum vergo. Theca suscipio commemoro.', 1992, 40, '2024-09-02 09:21:39', '2024-09-02 09:21:39'),
(1, 0, 1, 'Usque recusandae vitae attonbitus cura cometes aestas. Vulgivagus spiculum conatus calco titulus peccatus.', 2107, 21, '2024-12-19 21:48:18', '2024-12-19 21:48:18'),
(1, 0, 4, 'Crepusculum audio trucido consequuntur abutor. Corrupti attonbitus odit.', 595743, 39, '2025-01-15 22:51:44', '2025-01-15 22:51:44'),
(1, 0, 3, 'Arma canis antepono autem nulla tamen tunc. Constans copiose sublime optio dicta fuga.', 376865, 3, '2024-02-11 20:57:51', '2024-02-11 20:57:51'),
(0, 0, 5, 'Accusamus laudantium acidus cimentarius coniuratio sto verumtamen vociferor. Sortitus advenio sub aliquid bellicus adsuesco dolore a dolorem capto.', 60859, 17, '2024-12-16 00:57:15', '2024-12-16 00:57:15'),
(1, 0, 6, 'Adulescens subvenio deinde at. Curo turpis cornu adstringo debeo studio combibo corrupti.', 283984, 36, '2025-07-20 19:42:37', '2025-07-20 19:42:37'),
(1, 0, 10, 'Tempora solum utrimque ceno ab cruciamentum caries quos vado. Usque quo ver torrens.', 18588, 23, '2025-08-15 21:51:07', '2025-08-15 21:51:07'),
(0, 1, 6, 'Defessus termes vis urbanus asper suppellex abduco vestigium suus verbum. Vulgivagus thesis defleo sed quisquam soleo.', 1394, 45, '2025-06-04 08:49:45', '2025-06-04 08:49:45'),
(1, 0, 1, 'Sodalitas defero spectaculum custodia vox cubo collum sunt nam subnecto. Cupiditas itaque commodi adduco.', 8288, 2, '2024-02-15 02:56:44', '2024-02-15 02:56:44'),
(1, 0, 5, 'Sol crux aduro vox vero colo articulus combibo cibus. Verto nisi ducimus toties aro utroque accusamus mollitia vigor.', 24984, 6, '2025-06-14 08:48:17', '2025-06-14 08:48:17'),
(0, 1, 3, 'Cribro quisquam confero. Confero possimus credo unde cui consectetur modi.', 77953, 31, '2024-07-31 10:55:17', '2024-07-31 10:55:17'),
(1, 0, 5, 'Crastinus vomito cedo tibi terminatio statim solitudo delicate vinco acsi. Despecto eum peccatus beatus tibi votum.', 11059, 1, '2024-07-15 11:09:03', '2024-07-15 11:09:03'),
(1, 0, 7, 'Tamisium attero utilis armarium bestia depopulo ab capto. Acsi cibo cupio absum quae.', 999243, 48, '2024-11-16 08:38:32', '2024-11-16 08:38:32'),
(0, 0, 1, 'Adamo varietas explicabo. Officia statim amiculum pecto cotidie culpo.', 5889, 28, '2025-07-12 06:43:59', '2025-07-12 06:43:59'),
(1, 0, 1, 'Deprimo angustus tabernus stabilis cunae contabesco creo decimus adfectus eum. Deleniti coniuratio adhuc amoveo desino commemoro sortitus.', 19064, 48, '2025-04-27 02:57:23', '2025-04-27 02:57:23'),
(1, 0, 3, 'Sulum abstergo trucido aurum aut sustineo assentator sui baiulus. Civitas cultellus vulnus.', 15035, 46, '2025-10-23 15:43:35', '2025-10-23 15:43:35'),
(1, 0, 4, 'Derelinquo territo repellendus doloribus volubilis. Ancilla voco territo speculum validus.', 173727, 3, '2025-04-27 01:42:11', '2025-04-27 01:42:11'),
(1, 0, 1, 'Desparatus vado cultura tenetur celo in viridis vesper clibanus. Eveniet tamdiu dolores administratio.', 686142, 23, '2024-03-01 08:42:05', '2024-03-01 08:42:05'),
(0, 0, 2, 'Animadverto contego aeneus sumo degusto viriliter aeger alter velut. Credo cruentus defetiscor bestia bestia tubineus demo damno tendo fuga.', 718930, 41, '2024-02-29 15:35:35', '2024-02-29 15:35:35'),
(1, 0, 9, 'Ab comparo pel. Eum spiritus alveus.', 554600, 42, '2024-06-12 22:35:57', '2024-06-12 22:35:57'),
(1, 1, 7, 'Doloremque theca cervus amoveo. Tepesco corporis decerno caste.', 566872, 41, '2025-11-02 02:57:34', '2025-11-02 02:57:34'),
(0, 0, 5, 'Conicio venia titulus. Universe demonstro curia vado bestia contego amaritudo.', 373472, 23, '2024-12-06 17:34:49', '2024-12-06 17:34:49'),
(0, 1, 1, 'Pecto quod caries voluptate strenuus. Vester tamen cum vix adaugeo non.', 295748, 47, '2024-10-29 11:35:08', '2024-10-29 11:35:08'),
(1, 0, 7, 'Speciosus abbas exercitationem summopere arcesso alienus capitulus angelus. Beneficium labore coadunatio doloremque adamo aeger aperiam.', 206563, 5, '2025-07-25 14:00:54', '2025-07-25 14:00:54'),
(0, 0, 3, 'Amoveo pel deporto talus. Tertius cubo libero tutis vomer.', 409122, 7, '2024-05-16 09:13:31', '2024-05-16 09:13:31'),
(1, 0, 8, 'Eum ago verto surgo teneo conor sed urbanus. Tondeo vereor tergo cura mollitia studio aer.', 9692, 24, '2024-03-18 13:54:51', '2024-03-18 13:54:51'),
(1, 0, 3, 'Vere canis demitto coaegresco vomito nam. Cimentarius tenuis vulnero.', 18360, 13, '2024-03-20 07:15:02', '2024-03-20 07:15:02'),
(1, 0, 3, 'Adsidue suppono varius debitis. Triduana thymbra asporto amoveo admitto non vulnero utrum.', 974262, 25, '2025-01-21 12:16:31', '2025-01-21 12:16:31'),
(1, 0, 5, 'Arbustum uberrime tricesimus numquam corona. Expedita terebro deludo somniculosus ago tricesimus.', 10176, 38, '2025-06-07 11:03:12', '2025-06-07 11:03:12'),
(1, 1, 9, 'Talio id apto bellum solus cogito aeger acidus. Averto attollo velociter alveus deludo autem aufero.', 559401, 29, '2025-05-21 16:26:16', '2025-05-21 16:26:16'),
(1, 0, 4, 'Defetiscor crepusculum speculum amitto conturbo angustus doloribus tamisium. Conculco alienus sortitus valde natus altus.', 416166, 43, '2025-01-27 04:55:08', '2025-01-27 04:55:08'),
(1, 0, 4, 'Thymum vindico dignissimos casus utrimque autem patruus attonbitus. Eos deprimo ulciscor cito tot curtus templum.', 505205, 45, '2024-01-01 00:44:05', '2024-01-01 00:44:05'),
(1, 0, 5, 'Volva delectus tunc alveus comitatus arma consequatur amplus cotidie. Deserunt defero concido vis.', 11352, 30, '2025-01-03 15:34:00', '2025-01-03 15:34:00'),
(1, 0, 10, 'Atavus ultra currus alioqui vorax acerbitas aspernatur denego cilicium. Ulterius suffoco speculum attollo stabilis suus audentia reprehenderit despecto alienus.', 6948, 7, '2024-07-31 15:17:57', '2024-07-31 15:17:57'),
(1, 0, 5, 'Admoneo laboriosam coniecto tepidus conculco somnus capio. Curiositas aegre suggero sed dedico.', 3640, 21, '2025-07-04 03:39:41', '2025-07-04 03:39:41'),
(0, 0, 4, 'Molestias suppellex cogo caelum credo omnis vesco sordeo. Advenio vir aeger aperte thesaurus barba sufficio damnatio quod.', 10912, 33, '2025-07-05 07:26:38', '2025-07-05 07:26:38'),
(1, 0, 7, 'Conforto cumque ambulo apostolus creta crustulum cultura. Succedo quaerat talio corrumpo bos ancilla magni nulla modi.', 22582, 45, '2024-06-07 02:17:05', '2024-06-07 02:17:05'),
(1, 0, 7, 'Expedita tametsi asporto patrocinor defetiscor alo velociter. Vulgivagus capto somniculosus solium creber.', 107985, 20, '2025-06-23 22:19:08', '2025-06-23 22:19:08'),
(1, 0, 10, 'Altus confido acies aut cotidie turpis clibanus carus sodalitas. Ambitus textus abutor repellendus comptus.', 322456, 21, '2024-07-14 21:50:09', '2024-07-14 21:50:09'),
(1, 0, 7, 'Voluptas cura cupiditas omnis sum consequatur demens uter adicio. Sub baiulus inflammatio angelus victus dolorem celebrer ustilo.', 1010600, 5, '2024-11-06 15:17:36', '2024-11-06 15:17:36'),
(1, 0, 5, 'Vereor et denuo corroboro quibusdam votum suscipio. Comis mollitia animadverto cumque deprimo viridis strues desolo constans ex.', 731738, 34, '2025-05-10 22:05:15', '2025-05-10 22:05:15'),
(0, 0, 6, 'Arcus quaerat corrupti depromo civis. Condico aggredior libero cerno angulus caveo clamo altus.', 396616, 11, '2025-11-29 12:32:25', '2025-11-29 12:32:25'),
(0, 0, 4, 'Tergeo creo odit tremo tardus. Suppono deripio defero amor voluptas crux cupiditate correptius fuga pax.', 242661, 31, '2024-06-13 13:33:54', '2024-06-13 13:33:54'),
(0, 0, 8, 'Abundans tredecim decens decet brevis. Thesaurus cometes itaque velit demens caritas theca speciosus suspendo verecundia.', 717151, 21, '2024-03-15 00:44:35', '2024-03-15 00:44:35'),
(1, 0, 1, 'Vallum depereo ventito. Denuo usitas verecundia fuga amplitudo asperiores vigilo capto adulatio talio.', 85446, 6, '2024-05-29 11:59:51', '2024-05-29 11:59:51'),
(1, 0, 9, 'Bellum aliquid aegrus stips ante certus coepi terebro. Curia adstringo denuncio apparatus caries.', 899112, 12, '2024-08-03 20:02:00', '2024-08-03 20:02:00'),
(1, 0, 7, 'Tamdiu reprehenderit traho maxime. Quas absorbeo curiositas accusantium decet adulatio vicinus volaticus viscus.', 616446, 34, '2025-05-10 18:57:20', '2025-05-10 18:57:20'),
(1, 0, 10, 'Addo bellicus cribro nesciunt consectetur paulatim undique tero. Sodalitas vindico auxilium.', 550440, 5, '2025-09-20 13:34:09', '2025-09-20 13:34:09'),
(0, 0, 3, 'Sed beneficium alo villa templum soluta aegrus. Damno sustineo aspernatur amor casso.', 16219, 41, '2025-08-02 21:52:28', '2025-08-02 21:52:28'),
(1, 0, 10, 'Confugo conicio infit verumtamen claudeo spoliatio cruciamentum. Subnecto suppellex carpo.', 11413, 41, '2024-06-28 16:11:00', '2024-06-28 16:11:00'),
(0, 1, 10, 'Sumo utor succurro defleo votum aperio delinquo vulgaris decimus cena. Dignissimos cupressus tabesco vulnero accommodo catena aliquam fugit.', 102629, 26, '2024-03-29 01:01:38', '2024-03-29 01:01:38'),
(0, 0, 8, 'Tutamen curatio stabilis turbo. Acer consectetur caelestis charisma ambitus sit depereo.', 6478, 25, '2024-05-17 01:52:02', '2024-05-17 01:52:02'),
(1, 1, 3, 'Auctor repellendus certe sollicito. Aedificium caste molestias.', 61225, 29, '2025-12-06 11:53:12', '2025-12-06 11:53:12'),
(1, 0, 5, 'Aequitas trado consequuntur arca distinctio. Cruciamentum atque cumque cornu.', 14043, 42, '2025-01-22 00:36:46', '2025-01-22 00:36:46'),
(0, 0, 5, 'Tonsor videlicet conturbo virgo vetus curo vis derelinquo. Decipio suppellex tenuis deleniti artificiose summisse ancilla accusantium.', 35265, 48, '2024-06-21 23:20:22', '2024-06-21 23:20:22'),
(1, 0, 1, 'Ut vinum tibi cupressus pariatur sufficio necessitatibus communis. Tot solium illum spero.', 575923, 33, '2024-01-27 22:53:44', '2024-01-27 22:53:44'),
(0, 0, 7, 'Pecco compello tutis somniculosus patior credo surculus stipes. Amoveo succurro tempus teneo aeger quam caveo arcus.', 24264, 49, '2024-01-31 07:43:45', '2024-01-31 07:43:45'),
(1, 0, 6, 'Amor auctus distinctio tantillus cumque arma. Adopto cubo decet certe animi odio cubo callide.', 5488, 23, '2024-09-14 21:05:14', '2024-09-14 21:05:14'),
(0, 0, 5, 'Voveo suscipit velut dicta comprehendo. Sustineo confero voluptatem toties creber despecto iste varietas basium.', 376659, 22, '2024-06-23 18:49:58', '2024-06-23 18:49:58'),
(0, 0, 3, 'Defero comptus reprehenderit articulus. Casso cubo viscus earum stillicidium atrocitas curriculum aeneus admitto.', 10247, 7, '2025-11-20 09:15:07', '2025-11-20 09:15:07'),
(1, 0, 8, 'Clarus textus desino vester corrigo pecco tabgo varietas. Amo bellicus considero uter color testimonium.', 13132, 38, '2024-10-03 00:27:29', '2024-10-03 00:27:29'),
(0, 0, 8, 'Utilis admoveo stella approbo error. Provident decet utilis tertius utique subvenio demoror campana.', 7442, 4, '2024-01-01 00:44:37', '2024-01-01 00:44:37'),
(1, 0, 5, 'Vereor verbum commodi. Suffoco conforto damnatio cura corroboro nostrum adulatio.', 2058, 44, '2025-07-12 10:17:02', '2025-07-12 10:17:02'),
(1, 0, 1, 'Sopor urbanus apud corrumpo quasi autus usque cupio. Advoco quasi sol patior vulgus vobis articulus.', 5857, 7, '2025-11-07 13:11:18', '2025-11-07 13:11:18'),
(0, 0, 5, 'Vergo dignissimos omnis. Acer una tabesco amplitudo ipsum.', 11449, 24, '2025-07-08 02:35:26', '2025-07-08 02:35:26'),
(1, 0, 5, 'Nostrum labore voluptatum creta vomica solvo suffoco dignissimos. Conforto cruciamentum conor ventito amaritudo debitis credo magnam spoliatio veritas.', 1081313, 8, '2024-10-03 13:26:19', '2024-10-03 13:26:19'),
(1, 0, 10, 'Vos defero averto blanditiis absum vinum. Tum barba id derideo curtus copiose ad.', 16577, 24, '2025-07-05 13:28:58', '2025-07-05 13:28:58'),
(1, 1, 5, 'Appello adinventitias triumphus sublime vinculum. Adhaero peior coniuratio delego unus atrox cursim advenio.', 18898, 29, '2024-02-28 08:45:26', '2024-02-28 08:45:26'),
(1, 0, 9, 'Advenio balbus laudantium vae deludo consequatur vapulus apostolus. Voluptas spes dolores perspiciatis tergiversatio asper vulariter.', 957452, 26, '2024-10-08 05:06:27', '2024-10-08 05:06:27'),
(1, 0, 2, 'Tracto arx argentum. Usus aduro tempora quo patria curso vivo subseco minima templum.', 415, 31, '2025-11-22 05:13:31', '2025-11-22 05:13:31'),
(1, 0, 5, 'Convoco aspicio fugit tondeo aveho absorbeo spargo caterva. Umerus atrocitas commodi blanditiis.', 46004, 7, '2025-09-10 08:30:09', '2025-09-10 08:30:09'),
(0, 0, 2, 'Thymum conqueror alo aliquam accusator convoco ventito. Umerus tergeo barba rerum arx viriliter.', 305091, 28, '2024-04-26 13:08:02', '2024-04-26 13:08:02'),
(0, 0, 10, 'Textus quas vomito eius deludo. Uter creta turpis utroque temporibus.', 1008374, 8, '2025-09-27 09:36:02', '2025-09-27 09:36:02'),
(1, 0, 10, 'Caelestis amplus super porro ex conservo degero. Victus thesis sumptus utor.', 9519, 31, '2025-07-03 20:11:48', '2025-07-03 20:11:48'),
(0, 0, 8, 'Ago verto temptatio amoveo advoco. Nulla repellendus vel.', 259872, 12, '2024-03-06 22:45:05', '2024-03-06 22:45:05'),
(0, 0, 1, 'Dedecor vapulus teres denuo dolores arbitro textus. Chirographum commodo officiis blanditiis a.', 43976, 46, '2025-04-24 12:31:15', '2025-04-24 12:31:15'),
(1, 0, 3, 'Crudelis atrocitas civitas. Canis collum cursim sustineo aperiam vestrum cuius.', 376812, 17, '2024-05-08 00:35:18', '2024-05-08 00:35:18'),
(1, 0, 5, 'Sollers ago curis. Tempus crebro tot ventus vobis ubi admitto.', 396616, 8, '2024-08-17 19:33:22', '2024-08-17 19:33:22'),
(1, 0, 5, 'Dapifer arbor sto denique curriculum tero vis vociferor addo ara. Turba tempore convoco nemo numquam.', 33095, 14, '2025-02-05 10:17:15', '2025-02-05 10:17:15'),
(1, 0, 10, 'Harum communis strenuus caput adiuvo id ipsam. Degusto contabesco calculus angulus.', 485774, 28, '2024-09-12 12:08:57', '2024-09-12 12:08:57'),
(1, 1, 4, 'Culpa vehemens amplitudo ars chirographum asporto. Voluptates corroboro videlicet tam abutor tergiversatio tabella carmen accedo.', 25196, 32, '2025-10-17 22:04:18', '2025-10-17 22:04:18'),
(1, 1, 1, 'Conforto ex textilis suggero comitatus blandior ambitus. Crepusculum administratio praesentium ulterius cicuta clementia caecus clarus bos.', 9429, 27, '2025-08-27 08:02:23', '2025-08-27 08:02:23'),
(1, 0, 3, 'Desparatus aggero desino alioqui super debitis vix varius. Subnecto repudiandae debitis averto nisi.', 40461, 23, '2025-10-24 01:59:26', '2025-10-24 01:59:26'),
(1, 0, 2, 'Centum ait cupiditas. Blandior voluptatibus tenuis.', 13355, 33, '2025-02-09 23:11:35', '2025-02-09 23:11:35'),
(1, 0, 4, 'Conturbo arceo vinculum aestivus nisi totidem adaugeo adfero velociter ustilo. Numquam tersus a.', 803694, 13, '2025-05-12 15:51:33', '2025-05-12 15:51:33'),
(1, 0, 4, 'Deorsum sol deduco depraedor uterque conforto cupiditate una. Vitiosus facere nisi aduro thermae sol admitto aliquid.', 39207, 18, '2024-05-15 03:54:44', '2024-05-15 03:54:44'),
(1, 0, 6, 'Cogo crinis fugiat arbitro amiculum necessitatibus vesco ver correptius benigne. Absque vergo cibo amoveo.', 21575, 12, '2024-02-22 19:48:31', '2024-02-22 19:48:31'),
(1, 0, 8, 'Explicabo vae agnosco adfero acerbitas. Callide summisse carmen tactus vesica.', 2144, 25, '2024-12-03 18:28:40', '2024-12-03 18:28:40'),
(0, 0, 2, 'Urbanus viriliter somnus uxor. Adstringo nobis via curo contigo magni coadunatio.', 474944, 16, '2025-08-04 03:14:42', '2025-08-04 03:14:42'),
(1, 0, 5, 'Confugo denego vacuus decerno vulnero ter magnam despecto quisquam ab. Tenax contego cupio temeritas considero ulciscor.', 25753, 6, '2024-09-21 20:21:24', '2024-09-21 20:21:24'),
(1, 0, 8, 'Nam caute coniecto tendo defungo blandior astrum saepe. Xiphias decet compello summa auctor adsidue deprimo acceptus cur cruentus.', 9385, 46, '2025-01-17 01:05:02', '2025-01-17 01:05:02'),
(1, 0, 1, 'Conor utrum molestiae tergeo repellat aro. Blanditiis sono aptus appositus porro.', 309425, 49, '2025-07-31 03:33:52', '2025-07-31 03:33:52'),
(1, 0, 7, 'Ait laborum adulescens quibusdam degusto damnatio depopulo terra caput cedo. Curiositas absorbeo atrox comes dolorum cetera.', 44435, 41, '2024-08-29 12:27:41', '2024-08-29 12:27:41'),
(1, 0, 2, 'Explicabo quibusdam iusto temperantia. Tabesco saepe vergo sponte arguo tutis.', 15039, 46, '2024-04-11 21:11:34', '2024-04-11 21:11:34'),
(0, 0, 6, 'Tabgo nulla crux alter voro bestia temeritas curo unus creber. Adopto curtus delinquo.', 321528, 30, '2024-08-05 03:03:50', '2024-08-05 03:03:50'),
(1, 0, 3, 'Bene virga adnuo acceptus aurum tempora commemoro soluta patria tredecim. Vorax aro speculum synagoga color explicabo vulariter certe.', 340382, 28, '2025-01-13 11:40:52', '2025-01-13 11:40:52'),
(1, 0, 10, 'Vis pax teres architecto tui valetudo conicio teneo officia. Ante cubicularis concedo cornu cohibeo ullam distinctio caelum.', 38500, 14, '2024-07-04 01:06:59', '2024-07-04 01:06:59'),
(0, 0, 9, 'Demens tres cogo abutor sub cerno. Vis aduro viscus tabella creo decimus audentia depulso adhaero.', 109689, 41, '2024-10-26 07:48:37', '2024-10-26 07:48:37'),
(1, 0, 5, 'Vulgus eum voro. Suffoco solvo barba termes defungo denuncio caelum acies vinco.', 329805, 15, '2024-05-01 16:39:12', '2024-05-01 16:39:12'),
(0, 0, 4, 'Reprehenderit admoneo vigor bos utique fuga. Clarus viscus barba aggero curvo benevolentia usitas.', 1091267, 8, '2024-08-02 08:50:44', '2024-08-02 08:50:44'),
(1, 0, 5, 'Cicuta laudantium cibus conspergo comedo. Subvenio saepe conqueror sophismata esse.', 5460, 20, '2024-02-09 21:21:15', '2024-02-09 21:21:15'),
(0, 0, 2, 'Vereor angustus tandem amitto adficio auctus confido tergeo decor articulus. Eum tripudio pauper solutio architecto timor deserunt.', 53961, 21, '2025-11-30 16:20:39', '2025-11-30 16:20:39'),
(1, 0, 9, 'Cum veritatis delinquo volaticus vulpes trucido coma. Suscipio ara magni administratio cumque admitto conservo vacuus cohibeo.', 493100, 47, '2024-06-18 09:11:00', '2024-06-18 09:11:00'),
(1, 1, 4, 'Cruentus doloribus pax quos adeo coadunatio doloribus. Cupressus una aggero.', 862, 37, '2025-11-21 21:41:51', '2025-11-21 21:41:51'),
(1, 0, 9, 'Ultra curto alveus concido fuga. Ipsam supplanto mollitia quo creo corpus.', 102, 10, '2024-10-20 02:17:59', '2024-10-20 02:17:59'),
(0, 0, 7, 'Non patrocinor solutio succurro vereor paulatim dolorum neque attonbitus. Acquiro absconditus varius accusamus quod sursum reprehenderit expedita cognatus bene.', 28377, 37, '2024-05-11 15:30:17', '2024-05-11 15:30:17'),
(1, 0, 5, 'Modi contra ea. Assumenda teres aufero tandem agnitio amplitudo vomito eius utor.', 68812, 7, '2025-05-01 08:44:36', '2025-05-01 08:44:36'),
(0, 0, 3, 'Trans doloremque vester. Auctus videlicet ex.', 56903, 16, '2024-04-15 15:24:22', '2024-04-15 15:24:22'),
(0, 0, 1, 'Sublime celo vomica. Tero contabesco appositus assumenda.', 522931, 4, '2024-12-02 07:56:56', '2024-12-02 07:56:56'),
(0, 0, 4, 'Demo voluntarius territo cognomen voluptates cruciamentum. Earum in corpus placeat ustilo cumque aqua.', 219, 6, '2025-02-25 18:15:01', '2025-02-25 18:15:01'),
(1, 0, 4, 'Articulus viriliter accedo territo. Ater voluptatem ex alo convoco bonus.', 8645, 35, '2024-05-22 03:44:15', '2024-05-22 03:44:15'),
(0, 0, 5, 'Arca consuasor aureus occaecati inflammatio. Alias synagoga ratione decerno substantia.', 38357, 10, '2025-08-01 07:12:36', '2025-08-01 07:12:36'),
(0, 0, 8, 'Quam conscendo sono alveus vir absque demens corrumpo constans. Demo aureus umerus torqueo ratione.', 10939, 48, '2024-08-17 23:01:18', '2024-08-17 23:01:18'),
(0, 0, 6, 'Vereor antepono ceno nesciunt adeptio despecto brevis vis attollo. Cultura asperiores deorsum viduo.', 431580, 47, '2024-04-05 18:24:51', '2024-04-05 18:24:51'),
(0, 0, 9, 'Attero amor coma acies ocer. Tumultus victus velum tot corpus eos conforto ab.', 9558, 13, '2024-12-15 11:31:28', '2024-12-15 11:31:28'),
(1, 0, 7, 'Animus corrupti cibus casus numquam odit. Deserunt peior caritas suspendo asporto ventus conspergo caterva.', 33676, 46, '2024-01-23 06:50:30', '2024-01-23 06:50:30'),
(0, 1, 3, 'Admitto solio curriculum circumvenio verbera bellicus subnecto. Atrocitas cetera adeo derelinquo suppono ustilo.', 44639, 11, '2025-07-01 11:40:12', '2025-07-01 11:40:12'),
(1, 0, 10, 'Vetus adnuo concedo nihil vicissitudo amet temptatio aurum. Vacuus carus provident subnecto auctus valde corroboro crinis labore.', 49126, 6, '2025-02-22 12:38:46', '2025-02-22 12:38:46'),
(1, 0, 8, 'Solvo sint coepi ustulo aveho cuppedia suscipit. Vinum ustulo studio cubicularis.', 1246596, 40, '2024-04-19 15:14:12', '2024-04-19 15:14:12'),
(0, 0, 10, 'Decens clam balbus cervus claudeo tantum cinis articulus cupiditas. Cena abstergo decumbo cunabula tumultus vel adeo.', 297725, 15, '2025-01-26 01:10:52', '2025-01-26 01:10:52'),
(1, 0, 3, 'Capitulus umbra angulus dolores voveo bene magni. Decimus videlicet tantum coniecto decimus auditor caritas uterque.', 188927, 41, '2025-08-13 11:41:46', '2025-08-13 11:41:46'),
(0, 0, 5, 'Denique blandior tonsor blandior calcar. Victus vester esse.', 10559, 17, '2024-06-09 02:06:32', '2024-06-09 02:06:32'),
(0, 0, 5, 'Adflicto illo patrocinor verbera. Adstringo a curriculum.', 508965, 37, '2024-10-21 08:40:15', '2024-10-21 08:40:15'),
(0, 0, 4, 'Surculus stillicidium sordeo. Amplus ullam aestus voluptatem ademptio at vomica deserunt.', 1997, 34, '2024-09-11 10:05:51', '2024-09-11 10:05:51'),
(0, 0, 10, 'Cito coadunatio vomito adeptio vinco vae. Aestivus adiuvo terreo turpis.', 37563, 48, '2024-05-26 12:42:07', '2024-05-26 12:42:07'),
(1, 0, 6, 'Degenero vulticulus una deduco teneo creptio amet defetiscor arbitro. Atrox barba conqueror alo vos vociferor explicabo non deripio consequatur.', 505192, 48, '2024-10-20 18:33:03', '2024-10-20 18:33:03'),
(1, 0, 5, 'Conduco umquam sumptus sapiente decipio condico admoneo spargo. Temeritas capto vulgaris molestias.', 4141, 39, '2025-01-21 19:07:04', '2025-01-21 19:07:04'),
(1, 0, 2, 'Depereo vulgo tempora eaque demergo. Articulus teneo verus articulus adficio denego argumentum cibus velum quas.', 10730, 14, '2024-11-06 19:31:16', '2024-11-06 19:31:16'),
(1, 0, 6, 'Venio vix benevolentia vestigium. Creo depopulo tenax desparatus ceno truculenter adimpleo vallum.', 11363, 16, '2024-09-02 23:02:42', '2024-09-02 23:02:42'),
(1, 0, 3, 'Confugo cupressus nesciunt sono tero caterva incidunt. Nesciunt infit compono tollo combibo laudantium patrocinor verbum.', 15412, 3, '2024-08-26 07:09:38', '2024-08-26 07:09:38'),
(1, 0, 5, 'Censura spargo ter coma. Certe audax aeger torrens auctor.', 280892, 39, '2025-02-19 12:59:47', '2025-02-19 12:59:47'),
(1, 0, 7, 'Dedico capto cotidie sit consequuntur adhuc. Doloribus admoveo odit accusantium voluptatibus illum.', 219572, 12, '2024-02-11 13:59:41', '2024-02-11 13:59:41'),
(0, 0, 5, 'Cognomen una absum spoliatio caste deinde ater aptus. Atrox deinde convoco.', 12652, 14, '2025-07-10 14:13:09', '2025-07-10 14:13:09'),
(1, 0, 3, 'Dolor testimonium tamquam volup capitulus curatio aiunt ascit. Eveniet repellendus caveo asporto corrigo sit suggero.', 3478, 36, '2024-01-28 20:40:41', '2024-01-28 20:40:41'),
(1, 0, 7, 'Molestias conatus tumultus quasi deludo denuncio nulla laudantium. Verbera celer audeo ademptio cupressus labore aegrotatio vel.', 109453, 38, '2024-03-02 23:22:13', '2024-03-02 23:22:13'),
(1, 0, 2, 'Venio color advenio patrocinor adsum. Vero abscido natus vehemens dedecor eum sufficio sortitus texo.', 152100, 9, '2024-09-25 02:15:36', '2024-09-25 02:15:36'),
(1, 0, 4, 'Crastinus spargo adfectus suus ante. Depereo demergo confero apparatus vesper crur unde tremo.', 620883, 40, '2025-08-10 03:16:44', '2025-08-10 03:16:44'),
(1, 0, 8, 'Ipsam occaecati subito angustus tantum subvenio sufficio appositus. Vicissitudo officia nihil ter.', 28176, 46, '2025-02-13 21:18:41', '2025-02-13 21:18:41'),
(0, 0, 3, 'In comes canto. Cohors non claro degero altus verbum.', 58446, 24, '2024-11-14 08:30:40', '2024-11-14 08:30:40'),
(1, 0, 2, 'Tribuo terror copiose antea careo curo aetas atrocitas. Adsum subito patria.', 40368, 40, '2024-05-02 02:59:05', '2024-05-02 02:59:05'),
(1, 0, 6, 'Terga thermae aliquam consuasor. Decretum caste nostrum aequitas taceo decor amo appello.', 433247, 50, '2025-06-22 12:25:29', '2025-06-22 12:25:29'),
(1, 0, 2, 'Spoliatio saepe vulariter virgo tabesco deleniti curso. Aqua timor aqua balbus blandior textus aliquam.', 11253, 41, '2025-10-03 11:26:07', '2025-10-03 11:26:07'),
(1, 1, 4, 'Cubitum charisma explicabo debitis pecto doloribus unus auditor sui aperiam. Textus terebro demum ventus adaugeo.', 42941, 26, '2025-02-11 19:54:28', '2025-02-11 19:54:28'),
(1, 0, 1, 'Ancilla colligo tergiversatio. Attero agnitio amplitudo sumptus sollicito deduco ventito curriculum undique adfero.', 482712, 11, '2024-10-16 17:42:30', '2024-10-16 17:42:30'),
(1, 1, 8, 'Demo repudiandae conspergo tantillus ceno. Illum viriliter similique theologus cornu vicinus.', 653528, 19, '2024-07-04 04:15:13', '2024-07-04 04:15:13'),
(1, 1, 4, 'Charisma architecto pel studio vel summa temporibus beatae cogo corona. Vetus vix volva error absorbeo virgo suppellex benigne reiciendis.', 34314, 45, '2025-09-20 23:35:10', '2025-09-20 23:35:10'),
(1, 0, 1, 'Uberrime tempore angustus conforto peior. Aequus uredo amissio cornu clam aegrus tego.', 461714, 6, '2024-09-24 02:06:51', '2024-09-24 02:06:51'),
(1, 0, 8, 'Tenetur mollitia tabella defendo depono trepide claro. Vigilo cohaero decipio.', 11132, 40, '2025-05-15 10:59:31', '2025-05-15 10:59:31'),
(0, 0, 3, 'Defendo tero illum comedo dignissimos vindico volutabrum. Solus aegre sulum pax ambitus adflicto civitas.', 1027385, 39, '2025-09-08 21:22:48', '2025-09-08 21:22:48'),
(1, 0, 9, 'Vitium calamitas animus synagoga tribuo sequi aegre statim. Coaegresco validus peccatus conspergo cur.', 50475, 24, '2024-05-12 12:14:51', '2024-05-12 12:14:51'),
(1, 0, 3, 'Caterva caste solum adinventitias saepe. Stultus attollo patrocinor confero trepide surgo virga.', 130739, 26, '2025-03-25 16:45:17', '2025-03-25 16:45:17'),
(1, 0, 7, 'Statim desparatus crepusculum. Cuius ter vir valeo vicinus subiungo vehemens.', 587, 43, '2025-07-15 12:12:36', '2025-07-15 12:12:36'),
(0, 0, 10, 'Usus tabesco turpis crustulum. Vergo delicate patrocinor antea adficio termes sortitus curtus.', 13192, 44, '2025-07-09 16:12:43', '2025-07-09 16:12:43'),
(0, 0, 7, 'Curriculum substantia cenaculum acer. Cerno tres tum aliqua tantum corrigo aestas debitis claustrum stultus.', 285387, 10, '2024-12-15 23:54:54', '2024-12-15 23:54:54'),
(1, 0, 1, 'Undique coaegresco demulceo cariosus cilicium alias degenero patruus callide arca. Alter adimpleo videlicet derelinquo illum arcus.', 19794, 23, '2025-05-14 16:42:41', '2025-05-14 16:42:41'),
(1, 0, 5, 'Audio demoror spoliatio patrocinor verbera. Attonbitus terminatio corporis varius depraedor.', 449574, 15, '2025-01-12 18:25:36', '2025-01-12 18:25:36'),
(1, 1, 7, 'Usque tempus adhuc quibusdam subseco carbo. Aequitas incidunt adsuesco utrum suffragium.', 429473, 16, '2025-02-27 12:52:39', '2025-02-27 12:52:39'),
(1, 0, 4, 'Cito verus delinquo tero cimentarius agnosco concido cedo impedit acies. Trucido curis annus virgo tabgo cruciamentum alienus.', 25053, 33, '2024-11-03 07:27:38', '2024-11-03 07:27:38'),
(1, 0, 10, 'Solutio somniculosus verbum vomica congregatio tam trucido. Sto deprecator deporto cur vapulus aedificium.', 456565, 16, '2025-09-14 03:41:00', '2025-09-14 03:41:00'),
(0, 1, 7, 'Depereo tero administratio vulgus ipsa nam acervus candidus. Vitae theca absens.', 245706, 14, '2023-12-28 07:32:58', '2023-12-28 07:32:58'),
(1, 0, 2, 'Cuius labore deputo aegrus commodi. Pectus atrocitas quam corona ademptio accusantium quos conduco tempus varietas.', 95610, 24, '2024-02-06 20:34:14', '2024-02-06 20:34:14'),
(0, 0, 4, 'Spiculum cupiditas animi acceptus timor error tam. Audeo appello umerus unde ipsa censura voro vigor asperiores tremo.', 246594, 33, '2024-01-09 23:29:35', '2024-01-09 23:29:35'),
(1, 0, 4, 'Sperno cogo viscus spes debitis. Advenio derelinquo sub ceno aqua tubineus avaritia suus abbas.', 13279, 34, '2025-10-06 13:24:25', '2025-10-06 13:24:25'),
(1, 0, 4, 'Celer autus varius ver totam. Arma armarium cur praesentium crastinus coaegresco.', 1993, 17, '2025-04-03 09:24:02', '2025-04-03 09:24:02'),
(1, 1, 7, 'Vaco civitas tabula umquam synagoga cogito degenero. Summa in demoror surculus terebro tutis sursum.', 15991, 43, '2024-10-30 12:10:34', '2024-10-30 12:10:34'),
(1, 0, 3, 'Valens deprecator solio vis doloremque patria veritatis amicitia. Cunabula solum ascisco attonbitus tener carpo torrens teneo aliquid calcar.', 296727, 9, '2024-01-27 16:48:30', '2024-01-27 16:48:30'),
(1, 0, 3, 'Sollers conatus admoveo denego suffragium tempora ago vespillo omnis thermae. Uredo strues coniuratio tutamen maxime verbum cometes coadunatio adsidue.', 595985, 14, '2024-07-14 15:18:46', '2024-07-14 15:18:46'),
(1, 0, 8, 'Amita atrocitas facilis a corrigo paens. Uxor usitas ascisco uberrime demergo.', 55847, 40, '2024-08-14 18:55:23', '2024-08-14 18:55:23'),
(1, 1, 5, 'Absens adduco laudantium tenuis alter cohaero. Vallum video vorax taedium cicuta adstringo denuncio bis cibo apud.', 301875, 4, '2025-01-01 01:06:39', '2025-01-01 01:06:39'),
(1, 0, 1, 'Vaco ciminatio sophismata cunae beneficium desolo temporibus vitiosus verecundia. Vulticulus absens facilis vulnero benevolentia averto.', 982752, 28, '2025-07-02 20:03:56', '2025-07-02 20:03:56'),
(1, 0, 6, 'Quidem caries attero. Denego soluta acidus terebro spero quo summisse approbo.', 11178, 4, '2024-07-19 21:59:06', '2024-07-19 21:59:06'),
(1, 0, 4, 'Animadverto dolorem debeo triduana victoria auditor paulatim sol demum pecto. Vapulus derelinquo pax quidem aperte creator pauci pel cruciamentum pel.', 112631, 10, '2025-07-12 11:41:18', '2025-07-12 11:41:18'),
(1, 0, 5, 'Demo nulla crepusculum. Tempus corpus utique eum atqui uberrime tantum curatio ambitus.', 19259, 23, '2025-08-08 03:04:17', '2025-08-08 03:04:17'),
(0, 0, 3, 'Turba quod harum ciminatio aequitas tempus carus. Arguo conqueror ventosus defleo arbustum.', 714375, 6, '2025-04-13 08:55:20', '2025-04-13 08:55:20'),
(1, 0, 8, 'Adficio contego adulescens casso perferendis inflammatio verbera aspicio cura. Tenus coerceo minima tertius velum aggero ante accedo provident.', 917007, 25, '2025-04-08 03:08:53', '2025-04-08 03:08:53'),
(1, 0, 3, 'Collum acsi summopere delectus denego. Suffragium vesco conspergo.', 944401, 32, '2025-01-02 21:13:25', '2025-01-02 21:13:25'),
(0, 0, 4, 'Anser una tero tametsi adsuesco subseco adflicto accusantium aetas. Asporto ars consequatur libero enim advenio vespillo tui.', 10945, 5, '2025-09-30 18:57:19', '2025-09-30 18:57:19'),
(1, 0, 6, 'Aestus numquam delicate adicio armarium adfero vulticulus claro adficio umbra. Supellex cunabula culpa adhuc super averto paulatim subiungo eligendi umbra.', 490033, 35, '2024-01-13 05:49:14', '2024-01-13 05:49:14'),
(0, 0, 1, 'Concido eligendi aetas vaco. Thesis pectus aurum benigne.', 45408, 8, '2025-01-24 04:35:08', '2025-01-24 04:35:08'),
(1, 0, 3, 'Curto acervus debeo curvo vado alveus tremo credo delego. Convoco abbas assumenda similique eveniet acsi.', 207932, 15, '2024-06-26 20:21:43', '2024-06-26 20:21:43'),
(0, 0, 9, 'Colo tam suscipio cibo ter natus. Bis adopto acceptus subnecto agnitio conspergo caput brevis conatus.', 339095, 23, '2025-05-28 16:28:13', '2025-05-28 16:28:13'),
(1, 0, 3, 'Abscido thesaurus carpo ago defero subnecto vitae utpote. Varietas adsum virtus turbo tergeo contigo conculco desino sequi.', 47533, 1, '2025-07-10 06:14:04', '2025-07-10 06:14:04'),
(1, 0, 3, 'Audacia et accendo corroboro tondeo concedo sustineo crur tergiversatio. Vulgo aeger verumtamen aegre demoror beatae usque curia totus deorsum.', 6028, 26, '2024-09-06 07:25:36', '2024-09-06 07:25:36'),
(1, 0, 3, 'Constans pauci teres agnosco. Uberrime acervus carmen debeo vitae cena sulum aspicio adicio quae.', 11375, 13, '2025-06-18 14:38:28', '2025-06-18 14:38:28'),
(1, 0, 2, 'Colo tersus consequuntur campana cimentarius. Vomica sit thema ars.', 8981, 44, '2024-03-25 06:38:47', '2024-03-25 06:38:47'),
(0, 0, 7, 'Vomito auctor veritatis amitto demo suppellex deleo amplus. Ver temeritas tamdiu varius ceno autem vigilo convoco.', 925, 41, '2024-08-04 03:30:27', '2024-08-04 03:30:27'),
(1, 0, 5, 'Cruciamentum solium velociter quisquam amiculum statim comptus concedo beatae in. Vulgivagus viridis vallum.', 171160, 26, '2025-11-02 06:24:32', '2025-11-02 06:24:32'),
(0, 0, 7, 'Temporibus vitiosus corona dens conduco adeptio tamquam amicitia thema. Ipsam molestiae atque compono.', 13291, 10, '2025-02-21 14:38:14', '2025-02-21 14:38:14'),
(0, 0, 10, 'Rem vesica depono ciminatio vinculum statua consectetur. Templum campana vicinus voco spero deputo.', 823147, 22, '2024-05-02 19:55:48', '2024-05-02 19:55:48'),
(1, 0, 6, 'Civitas stipes celer caecus adficio. Ter acervus illum attollo eius deporto.', 1245, 50, '2025-06-02 22:56:21', '2025-06-02 22:56:21'),
(0, 0, 8, 'Vetus terreo vinitor vel vulgaris temperantia texo ascit. Videlicet vicinus subvenio.', 12172, 28, '2024-05-24 15:45:09', '2024-05-24 15:45:09'),
(1, 0, 3, 'Tametsi viscus rem deduco architecto quisquam thorax adfero clamo. Universe tripudio thermae cubicularis vae repudiandae uberrime anser.', 248376, 35, '2025-08-03 05:47:49', '2025-08-03 05:47:49'),
(1, 0, 6, 'Avarus desino abundans solium vere cultura taceo. Facere expedita aeneus texo acquiro tersus cibo.', 55341, 32, '2025-01-16 19:37:20', '2025-01-16 19:37:20'),
(0, 0, 3, 'Ambulo ratione viridis contra arca conicio deludo vulgus attonbitus uredo. Pauper nam angelus caries audax sodalitas.', 458305, 3, '2024-01-29 03:43:51', '2024-01-29 03:43:51'),
(0, 0, 6, 'Xiphias spargo tremo cura. Aegrus cetera sum decor demens cumque colligo vicissitudo depromo utor.', 311667, 42, '2025-05-08 07:53:56', '2025-05-08 07:53:56'),
(0, 0, 6, 'Baiulus aperio dignissimos catena coadunatio abstergo crepusculum. Doloribus versus cervus defleo vulnus praesentium aedificium spargo crustulum aetas.', 39346, 26, '2025-07-11 15:35:06', '2025-07-11 15:35:06'),
(1, 0, 10, 'Utrum ars solutio auctus totam. Distinctio attollo stella consequatur itaque culpo.', 246871, 18, '2024-05-11 07:18:40', '2024-05-11 07:18:40'),
(1, 0, 9, 'Denuncio sollers tabesco cruciamentum. Armarium dens aeneus aggredior crur.', 16394, 49, '2024-08-28 05:32:59', '2024-08-28 05:32:59'),
(0, 0, 5, 'Cicuta administratio consectetur ventus atrox. Commodo terror campana thymum vesper cado vito spiritus.', 290595, 4, '2025-01-02 03:34:23', '2025-01-02 03:34:23'),
(1, 0, 8, 'Confugo dolorem rerum terra auxilium. Adamo est eaque ut adduco quibusdam saepe tempore id corrupti.', 27400, 42, '2024-12-01 00:15:13', '2024-12-01 00:15:13'),
(0, 0, 3, 'Ventosus a sumptus desolo. Deleniti bibo uberrime aeternus tutis eveniet benevolentia cras eveniet depraedor.', 119675, 5, '2024-12-10 20:33:16', '2024-12-10 20:33:16'),
(1, 0, 9, 'Apostolus amet creptio. Tutis stillicidium deinde annus cubitum cotidie talio aegrus aperio utrimque.', 770254, 11, '2025-09-11 20:59:46', '2025-09-11 20:59:46'),
(1, 0, 10, 'Talio video animi adfero sit viduo iste super voveo aeger. Subseco blanditiis villa sophismata uter.', 287767, 36, '2025-05-17 18:29:40', '2025-05-17 18:29:40'),
(1, 0, 2, 'Audeo eaque cursim. Cura amplitudo valde audacia condico civis.', 593, 38, '2024-02-13 03:49:45', '2024-02-13 03:49:45'),
(1, 0, 10, 'Stella facere vacuus ait vere. Pax acceptus saepe cibo solium magnam adversus viscus tantum.', 48138, 9, '2024-11-01 14:53:58', '2024-11-01 14:53:58'),
(0, 1, 2, 'Collum culpa admitto. Vulgo tener demoror aperio solio.', 225914, 48, '2024-07-10 07:03:33', '2024-07-10 07:03:33'),
(0, 0, 3, 'Dapifer carpo viduo chirographum quod quasi. Creo uredo vesica paens beneficium cattus.', 133790, 29, '2024-04-19 20:58:48', '2024-04-19 20:58:48'),
(1, 0, 6, 'Caecus canis vetus. Crustulum triduana agnosco dolorem caelum vesica amoveo quaerat ademptio.', 27378, 5, '2024-08-26 12:51:23', '2024-08-26 12:51:23'),
(0, 0, 7, 'Utrimque degusto succurro commemoro adulescens surculus denique acies. Taceo contra conduco sopor damno.', 28499, 27, '2024-12-07 08:20:33', '2024-12-07 08:20:33'),
(0, 0, 6, 'Accendo cattus attonbitus. Utpote ulterius adsum corrigo arcesso abduco sustineo.', 30618, 34, '2024-08-22 07:28:33', '2024-08-22 07:28:33'),
(1, 0, 9, 'Veniam tardus repudiandae creo tabella alius. Arceo utrum decimus urbanus caterva accommodo possimus cresco avarus thema.', 11645, 45, '2025-07-06 12:06:24', '2025-07-06 12:06:24'),
(1, 0, 10, 'Inflammatio aeternus peior depraedor termes tabernus. Circumvenio uberrime accusantium tametsi decipio.', 13526, 5, '2025-01-11 08:53:58', '2025-01-11 08:53:58'),
(1, 0, 7, 'Ullam conservo vulgus explicabo cupio candidus caelum unus condico vigilo. Pecto theologus ex vestrum calculus labore vulnus aestas valens.', 38537, 40, '2024-09-16 17:13:55', '2024-09-16 17:13:55'),
(1, 0, 1, 'Vicissitudo aureus tenus quaerat curso aetas aeneus. Valeo creo thesaurus adulescens cernuus supra sublime.', 413471, 25, '2025-03-14 19:54:25', '2025-03-14 19:54:25'),
(1, 0, 1, 'Alienus consequatur incidunt tibi adipiscor maxime sustineo tolero. Benigne deduco angustus suffoco architecto antepono acies avaritia appello.', 262391, 31, '2025-08-29 18:51:48', '2025-08-29 18:51:48'),
(1, 0, 8, 'Curriculum paulatim vere correptius artificiose terga thymum. Sequi ea termes una ex suffoco deprecator voluptate alii non.', 33457, 10, '2024-07-20 03:02:41', '2024-07-20 03:02:41'),
(1, 0, 10, 'Itaque carpo appello accedo at attonbitus labore argumentum considero. Vita vulpes victus animi territo corrigo armarium degero assumenda cumque.', 466622, 50, '2023-12-13 19:49:17', '2023-12-13 19:49:17'),
(1, 0, 6, 'Verto adiuvo annus patrocinor at. Stillicidium comes defaeco voluptatem.', 12149, 18, '2025-01-17 16:15:53', '2025-01-17 16:15:53'),
(0, 0, 6, 'Adsuesco deripio laudantium vinco defero. Advenio videlicet accommodo tamen demitto venustas soluta uterque cavus.', 685274, 14, '2025-05-31 16:07:51', '2025-05-31 16:07:51'),
(1, 0, 1, 'Bellicus temporibus consuasor deserunt. Officiis paens usque damno suasoria tutamen modi clementia.', 320736, 5, '2024-10-06 22:12:15', '2024-10-06 22:12:15'),
(1, 0, 9, 'Concedo antiquus thesis succedo torrens aggredior cornu. Cervus adulatio coepi.', 173153, 9, '2025-03-17 15:30:05', '2025-03-17 15:30:05'),
(1, 0, 1, 'Eos cunae adamo tyrannus urbs abutor. Debeo dedecor ustilo alo vox.', 9306, 28, '2025-01-31 04:26:00', '2025-01-31 04:26:00'),
(1, 0, 7, 'Speciosus vero astrum tego acies thermae aequitas carcer caste timor. Aequus adflicto expedita venustas tepidus cognomen.', 40089, 42, '2024-09-15 12:42:24', '2024-09-15 12:42:24'),
(1, 0, 4, 'Cotidie sopor tibi vulnero appono arcus voluntarius utroque validus. Thorax conturbo ubi.', 893370, 1, '2024-11-23 23:48:46', '2024-11-23 23:48:46'),
(1, 0, 3, 'Dedico perferendis blanditiis depereo virgo voco sumo stella. Agnosco eveniet acies cupiditas maiores tenetur abstergo spes.', 290098, 36, '2025-10-30 07:30:39', '2025-10-30 07:30:39'),
(1, 0, 4, 'Aspicio theatrum vulariter. Error crur demulceo statim.', 355547, 3, '2024-11-24 15:36:14', '2024-11-24 15:36:14'),
(0, 0, 4, 'Occaecati attero vinum aptus vilicus supra apud surculus. Tertius arx dolores approbo nulla.', 34069, 43, '2025-08-08 06:16:11', '2025-08-08 06:16:11'),
(0, 0, 3, 'Acquiro antepono admiratio. Aurum vacuus coniecto varius amplitudo volva acies.', 513310, 40, '2025-07-03 21:56:15', '2025-07-03 21:56:15'),
(1, 0, 4, 'Cinis recusandae cresco cribro cum usus tot. Accusator tepidus iste theologus amitto.', 873126, 34, '2024-02-12 00:22:15', '2024-02-12 00:22:15'),
(1, 0, 9, 'Abduco patruus clibanus balbus. Sumo infit reprehenderit ullam eveniet conicio voluptatum tubineus iste demens.', 22171, 21, '2024-08-27 18:17:46', '2024-08-27 18:17:46'),
(1, 0, 6, 'Valens dignissimos corrigo vulpes conculco vulnero aegre adipisci praesentium cilicium. Adulatio amplitudo cubitum ex cohibeo.', 19822, 36, '2024-03-09 00:22:09', '2024-03-09 00:22:09'),
(1, 0, 1, 'Absens terra nesciunt demum voluptatum terra crux. Conqueror natus amo cena tibi.', 251, 16, '2024-08-12 01:21:00', '2024-08-12 01:21:00'),
(0, 0, 9, 'Stipes capillus curto adversus laudantium. Spectaculum nostrum paens necessitatibus cado quidem dignissimos crastinus caelestis.', 454626, 20, '2025-01-12 04:39:35', '2025-01-12 04:39:35'),
(0, 0, 8, 'Claro debilito basium usque infit auditor approbo capillus. Utpote voro amoveo canis cibus amitto pauper credo nam comparo.', 1037858, 3, '2024-01-27 19:47:01', '2024-01-27 19:47:01'),
(1, 0, 4, 'Taedium tabernus confugo circumvenio error aperte vestigium socius somnus. Occaecati tendo summopere.', 2289, 33, '2025-06-24 09:36:13', '2025-06-24 09:36:13'),
(1, 0, 10, 'Tolero conatus desolo carus veritatis apud stips. Suasoria ea bibo capillus tonsor cupiditate cupio.', 692969, 48, '2024-05-01 19:36:05', '2024-05-01 19:36:05'),
(1, 0, 3, 'Vita vobis via vulgaris tergo. Aureus aqua cui tutis conculco amplus.', 8435, 35, '2024-05-02 21:35:16', '2024-05-02 21:35:16'),
(1, 0, 6, 'Vomica cado amoveo pecto deprecator nihil explicabo defaeco. Conservo comparo demonstro trans candidus adsuesco.', 483980, 32, '2025-06-29 21:54:05', '2025-06-29 21:54:05'),
(1, 0, 1, 'Acervus vel tutis decet coerceo deinde. Certus temeritas sui tamdiu vulnus tres uberrime suadeo commodi.', 451945, 4, '2024-02-12 06:23:21', '2024-02-12 06:23:21'),
(1, 0, 2, 'Audio tempus vix solum alveus peior aequus quod quisquam. Aliquid cedo deporto clibanus sol a vitiosus caecus.', 839369, 48, '2025-11-02 06:15:13', '2025-11-02 06:15:13'),
(1, 1, 1, 'Verumtamen patria beneficium beatae vulpes desino acidus atrox aspicio adeptio. Deficio doloribus molestiae.', 78476, 30, '2024-12-29 16:08:49', '2024-12-29 16:08:49'),
(0, 0, 3, 'Peior deputo aspicio vehemens. Degero peior tergo vorago demens debeo deludo tyrannus temperantia vicinus.', 4973, 29, '2025-10-15 02:00:34', '2025-10-15 02:00:34'),
(1, 0, 9, 'Quo tardus quis sol tantillus administratio. Speciosus sursum subvenio sursum suppellex dedico delectus admoveo stipes articulus.', 11211, 47, '2025-05-06 11:42:02', '2025-05-06 11:42:02'),
(1, 0, 4, 'Cribro ipsam adhuc sapiente. Paens dolorem caelestis urbs comedo adfero agnosco capio quidem.', 561362, 42, '2024-01-23 03:22:07', '2024-01-23 03:22:07'),
(1, 0, 2, 'Vere usque contigo. Tamen defungo vivo saepe.', 758330, 10, '2025-05-07 08:02:58', '2025-05-07 08:02:58'),
(0, 0, 7, 'Spiritus adficio conventus strenuus. Desidero confido suppono curatio.', 14475, 2, '2025-07-01 06:14:16', '2025-07-01 06:14:16'),
(1, 0, 8, 'Uxor comitatus crustulum succurro utrum turbo aeternus. Sursum aqua tyrannus consequatur celer timidus coniuratio cunae.', 9871, 47, '2025-03-24 10:21:23', '2025-03-24 10:21:23'),
(1, 0, 10, 'Cernuus tondeo ipsa damno victoria. Temporibus audeo curriculum apud tendo.', 12238, 32, '2024-10-19 14:06:00', '2024-10-19 14:06:00'),
(1, 0, 6, 'Stips compello tempus suspendo triduana super verbera tergum. Allatus textus denique veritas utor soleo trepide optio valens.', 750145, 36, '2025-08-08 06:45:27', '2025-08-08 06:45:27'),
(1, 0, 9, 'Modi itaque annus cattus. Viridis dedico trado adhuc quis culpa dignissimos neque admiratio.', 621954, 14, '2024-11-02 00:54:40', '2024-11-02 00:54:40'),
(1, 0, 5, 'Tantum deputo agnosco officiis omnis vel tenus claudeo vergo. Aegrotatio stella talus umbra vacuus decor.', 74747, 5, '2024-06-27 09:15:54', '2024-06-27 09:15:54'),
(0, 0, 2, 'Carbo appositus cito spiritus quasi territo comis. Coadunatio deripio cunctatio comedo cetera subiungo corrumpo omnis degero.', 1100795, 12, '2025-05-09 20:02:32', '2025-05-09 20:02:32'),
(1, 0, 5, 'Absum modi certus vomica cohors crepusculum degenero capto. Crustulum atrocitas cruciamentum centum ventus allatus cohaero conicio veritatis succedo.', 870360, 19, '2025-04-08 18:46:43', '2025-04-08 18:46:43'),
(1, 0, 3, 'Cupressus solium crux sponte adicio claustrum. Avarus ocer tepesco textor unus.', 864116, 19, '2024-12-04 05:21:43', '2024-12-04 05:21:43'),
(0, 1, 3, 'Allatus aut tripudio calamitas cauda sono advenio ocer. Similique degenero eos voro alius talio.', 26579, 28, '2024-11-29 11:05:21', '2024-11-29 11:05:21'),
(1, 0, 6, 'Arca pecus temporibus fugit tener tandem possimus. Spero amicitia cribro desolo aufero depopulo teneo.', 31246, 22, '2024-11-24 03:59:52', '2024-11-24 03:59:52'),
(1, 0, 2, 'Carmen torrens delinquo attero solium ipsam uterque libero. Abstergo arx vulpes vorago correptius commodo subito laboriosam.', 98568, 31, '2025-09-19 03:13:11', '2025-09-19 03:13:11'),
(0, 0, 6, 'Commodo carus cicuta inflammatio demulceo adsum denuncio. Verto absum voluptas terminatio ipsum coerceo.', 57118, 18, '2025-01-09 05:34:07', '2025-01-09 05:34:07'),
(1, 0, 8, 'Suadeo velut valeo umbra conqueror iste tendo porro comparo. Facilis abundans vilis brevis dicta.', 488503, 47, '2024-07-02 05:13:24', '2024-07-02 05:13:24'),
(1, 1, 4, 'Cohibeo valetudo utique aliquam recusandae ater amissio degero solio. Aeger comis cognomen tyrannus.', 271467, 47, '2025-07-11 22:13:14', '2025-07-11 22:13:14'),
(1, 0, 7, 'Ancilla cohibeo amplitudo comptus dolor vos. Adhaero expedita vicissitudo cetera ago truculenter vulariter cicuta.', 23742, 10, '2024-08-24 10:05:19', '2024-08-24 10:05:19'),
(1, 0, 4, 'Velum bonus carmen cubitum cupiditas cavus. Vulnus casus dignissimos tollo.', 634528, 27, '2024-03-06 19:28:37', '2024-03-06 19:28:37'),
(0, 0, 7, 'Inflammatio admitto quo pauci. Delego dignissimos repellendus pecco depulso statim venio socius.', 586032, 27, '2025-11-13 00:50:29', '2025-11-13 00:50:29'),
(0, 0, 9, 'Articulus curso aequus terga vix animadverto et. Abutor tepesco demoror velociter tenetur sed acquiro maiores amicitia.', 127918, 26, '2025-12-02 18:51:47', '2025-12-02 18:51:47'),
(0, 0, 4, 'Comptus vix ancilla arto celer truculenter. Cras mollitia adopto minus.', 12622, 33, '2024-02-08 22:43:35', '2024-02-08 22:43:35'),
(1, 1, 1, 'Auctor harum tenuis. Talio rem caveo bellum accusantium denique eum.', 642121, 25, '2025-01-11 05:08:13', '2025-01-11 05:08:13'),
(0, 0, 7, 'Alius coadunatio defleo. Convoco deserunt celo vapulus ventosus peior aqua convoco numquam magnam.', 9522, 38, '2025-09-24 19:08:39', '2025-09-24 19:08:39'),
(1, 0, 6, 'Minus dedico altus sulum terminatio quia cupressus ducimus. Conforto amita traho creber.', 11980, 7, '2024-04-21 01:10:08', '2024-04-21 01:10:08'),
(0, 0, 7, 'Trans absum cetera vespillo ambitus aptus occaecati textus. Denuo appositus tabgo perspiciatis atqui amitto claro caveo abstergo.', 1053110, 47, '2024-10-11 13:14:40', '2024-10-11 13:14:40'),
(1, 0, 3, 'Spiritus tondeo commodo creator doloremque. Minus cursim deleo sopor dedico alter cupressus.', 33095, 12, '2024-10-06 18:26:30', '2024-10-06 18:26:30'),
(1, 1, 3, 'Calcar repellat calculus vorax aegrus tametsi solutio. Vergo barba recusandae atavus bis eveniet socius cito ab.', 158015, 49, '2025-11-17 09:18:49', '2025-11-17 09:18:49'),
(0, 0, 10, 'Candidus vinum thalassinus suspendo candidus tamisium abduco statim. Tamdiu aqua denique perferendis tantillus baiulus argentum apud soluta.', 14415, 12, '2025-06-14 23:16:31', '2025-06-14 23:16:31'),
(1, 0, 7, 'Abeo ocer illo veniam angelus tenus esse atrocitas patruus. Surculus spoliatio accusamus delectus defendo cupiditas.', 734309, 49, '2025-04-26 10:48:55', '2025-04-26 10:48:55'),
(1, 0, 6, 'Voluptas maiores appello eius defaeco spectaculum. Eum varius peior ambitus soleo.', 515818, 33, '2025-09-25 08:32:05', '2025-09-25 08:32:05'),
(0, 1, 2, 'Adsum alii videlicet sumptus stips censura despecto adsidue cunctatio. Doloremque coadunatio sit contigo sub terga clarus carcer coaegresco vox.', 10501, 49, '2025-04-22 04:55:58', '2025-04-22 04:55:58'),
(1, 0, 6, 'Conqueror suffoco sophismata artificiose. Paens vester deludo unde administratio tenus tremo caritas defetiscor.', 473325, 43, '2025-02-27 18:48:43', '2025-02-27 18:48:43'),
(0, 0, 1, 'Conicio chirographum cura comparo aetas vita deserunt cena clarus defendo. Alias capto turbo canonicus cervus molestiae placeat minima curvo vae.', 9030, 17, '2025-05-23 15:49:54', '2025-05-23 15:49:54'),
(1, 0, 9, 'Annus voluptatibus corrigo summa cum bellicus pauci tempora vulnus. Temptatio enim tunc urbanus ustilo certe crebro.', 470333, 27, '2024-03-08 16:02:43', '2024-03-08 16:02:43'),
(0, 0, 9, 'Adiuvo cernuus benigne. Curo teres talis corroboro benigne deleniti.', 5559, 35, '2025-08-25 12:49:29', '2025-08-25 12:49:29'),
(1, 0, 2, 'Praesentium demergo sol asperiores. Argumentum calco amissio templum.', 109453, 23, '2025-03-09 07:10:59', '2025-03-09 07:10:59'),
(1, 0, 7, 'Vindico aequitas spes aperio alter acerbitas accendo enim. Aurum amaritudo balbus vesica angulus.', 14012, 38, '2023-12-23 10:07:42', '2023-12-23 10:07:42'),
(1, 0, 1, 'Tabella inflammatio totus apostolus adversus. Capillus agnosco a vilitas thesaurus.', 168903, 13, '2024-01-23 04:29:39', '2024-01-23 04:29:39'),
(1, 0, 10, 'Depereo angustus beatus amoveo vestigium aequitas. Cursim spoliatio canonicus adduco reiciendis voco nihil expedita conspergo.', 402298, 18, '2024-03-02 16:47:44', '2024-03-02 16:47:44'),
(1, 0, 8, 'Tactus vulgivagus succedo labore. Perspiciatis aestus summa unus brevis viriliter delibero suppono.', 6552, 41, '2025-02-03 20:11:24', '2025-02-03 20:11:24'),
(1, 0, 3, 'Thymbra antea quaerat patria clibanus cometes antea. Reprehenderit deduco bardus beatae sumptus.', 25403, 34, '2024-02-17 05:38:52', '2024-02-17 05:38:52'),
(1, 0, 4, 'Deduco sortitus capto. Statim astrum accendo.', 19610, 44, '2024-10-26 21:05:25', '2024-10-26 21:05:25'),
(1, 1, 8, 'Sit appello vereor damnatio aliquid adfectus asporto quasi voluptates adimpleo. Coerceo crinis bonus adinventitias capitulus sumo.', 8282, 49, '2025-04-08 11:28:39', '2025-04-08 11:28:39'),
(1, 0, 8, 'Cum vigor uberrime casus censura. Delectatio torqueo infit enim spiritus cubicularis curto.', 942199, 28, '2024-11-13 03:46:27', '2024-11-13 03:46:27'),
(1, 1, 2, 'Eligendi repudiandae umquam paens desipio aegre summa. Tego suasoria terga comptus libero spargo deserunt.', 746419, 10, '2024-12-28 08:15:15', '2024-12-28 08:15:15'),
(0, 0, 10, 'Paulatim congregatio harum bestia eos cotidie provident apparatus cohors. Textus ipsam thorax solitudo capitulus venustas.', 39346, 18, '2025-01-18 15:08:37', '2025-01-18 15:08:37'),
(0, 1, 5, 'Thermae custodia vulariter adsuesco suspendo aranea. Sulum corpus torrens uberrime aequus caveo excepturi casus sequi amicitia.', 24071, 10, '2024-11-09 06:30:33', '2024-11-09 06:30:33'),
(1, 0, 10, 'Cupiditate error bardus aliquam debitis vacuus amo coerceo culpa. Suffragium toties comptus combibo depraedor vesica.', 395458, 28, '2025-08-22 01:38:54', '2025-08-22 01:38:54'),
(1, 0, 2, 'Vergo termes ager deficio. Armarium tonsor antepono aufero laborum civitas adipiscor.', 16077, 44, '2025-10-01 04:55:21', '2025-10-01 04:55:21'),
(1, 0, 1, 'Victoria venia cras. Pecco uter vinitor velum comis ducimus.', 84355, 40, '2025-07-17 01:29:40', '2025-07-17 01:29:40'),
(1, 0, 10, 'Arto allatus charisma comminor varietas damnatio illo cruentus dedecor volutabrum. Centum abbas non attonbitus convoco totam ambulo crastinus utor.', 16083, 3, '2024-08-31 22:55:18', '2024-08-31 22:55:18'),
(1, 0, 7, 'Desolo cetera sortitus veniam bestia tendo. Volutabrum caute cibo tero laudantium.', 1067950, 36, '2025-01-05 11:05:38', '2025-01-05 11:05:38'),
(1, 0, 9, 'Valde velum bibo clarus venustas adeo denuo tredecim. Delectus coadunatio usitas curia arto tamdiu constans vitiosus vestigium.', 11934, 28, '2025-06-09 00:09:57', '2025-06-09 00:09:57'),
(1, 0, 9, 'Cariosus tergiversatio pectus confugo ventito arcus deporto attonbitus supplanto una. Tamen porro aggredior.', 807185, 33, '2024-09-30 02:48:19', '2024-09-30 02:48:19'),
(1, 0, 6, 'Ustilo creo defessus voluptatibus cupio optio vereor. Amita adsidue sollers.', 565, 33, '2024-12-14 20:55:10', '2024-12-14 20:55:10'),
(0, 0, 2, 'Basium unus omnis absum error. Maxime error tendo damnatio ipsum theca civitas annus.', 119278, 27, '2024-09-09 19:12:10', '2024-09-09 19:12:10'),
(0, 0, 3, 'Volo caveo conatus denego thorax brevis. Volo vorax valens una tum totam decor.', 25350, 19, '2023-12-16 20:31:10', '2023-12-16 20:31:10'),
(0, 0, 1, 'Veritatis qui verumtamen. Adsum arceo confugo attonbitus acidus dedecor tergiversatio ullus pecto antea.', 456165, 31, '2025-01-02 04:18:38', '2025-01-02 04:18:38'),
(1, 1, 7, 'Vitae attollo textus conforto delectatio. Denego sui pariatur ago solio tremo sumptus sponte carpo confero.', 999243, 42, '2024-08-09 09:15:50', '2024-08-09 09:15:50'),
(0, 0, 10, 'Abstergo canto antepono censura ver dolore avarus trucido barba. Tergiversatio adhuc decumbo truculenter.', 334517, 43, '2024-11-06 00:07:53', '2024-11-06 00:07:53'),
(0, 0, 2, 'Strues tolero vero curso ea adamo impedit. Delectatio theologus desparatus despecto tui inflammatio patria.', 370978, 37, '2025-01-25 17:09:34', '2025-01-25 17:09:34'),
(1, 0, 7, 'Vitae esse valetudo. Bis contabesco neque ipsa alius.', 987750, 36, '2025-12-04 13:26:58', '2025-12-04 13:26:58'),
(1, 0, 2, 'Talus adnuo vilis benevolentia curatio umbra aro. Repudiandae conitor certe bibo voveo capillus curto nam tracto cernuus.', 11055, 13, '2024-06-28 10:50:09', '2024-06-28 10:50:09'),
(1, 0, 4, 'Ambitus recusandae amplexus. Corrumpo terreo colligo tondeo venia.', 650, 36, '2025-10-15 11:08:21', '2025-10-15 11:08:21'),
(1, 0, 5, 'Somnus arca clam bardus tonsor vesco theca pecus absque. Tendo tergeo statua usque doloribus aeger.', 57059, 41, '2025-01-22 04:17:21', '2025-01-22 04:17:21'),
(0, 0, 3, 'Teres esse numquam vereor concedo. Angulus civitas trans aureus adduco vomica barba.', 554600, 25, '2025-03-23 02:58:02', '2025-03-23 02:58:02'),
(0, 1, 8, 'Ubi solum libero usitas spoliatio contra cursus. Cunabula denique crux quidem creo absconditus curis vestigium sophismata sumo.', 186, 44, '2024-04-09 11:57:04', '2024-04-09 11:57:04'),
(0, 0, 5, 'Termes vomito subiungo triumphus. Quis tempus verecundia veniam vero tenus voveo.', 381351, 28, '2024-07-10 08:37:48', '2024-07-10 08:37:48'),
(0, 0, 2, 'Illo harum condico arbor cunae cotidie dolor vinculum. Claudeo armarium quaerat architecto crur cras tandem aequitas.', 15927, 25, '2025-06-18 21:46:54', '2025-06-18 21:46:54'),
(1, 0, 6, 'Ratione rem adduco aedificium. Caste adsidue subnecto accusantium summisse tot.', 77883, 47, '2025-05-30 15:32:21', '2025-05-30 15:32:21'),
(1, 1, 1, 'Enim corroboro convoco adicio termes vehemens patria deficio acquiro curso. Consequuntur amoveo delinquo sunt placeat artificiose.', 535092, 26, '2024-05-17 09:41:04', '2024-05-17 09:41:04'),
(0, 0, 5, 'Hic attollo comes toties. Sulum acquiro verto.', 62838, 30, '2024-12-06 04:34:03', '2024-12-06 04:34:03'),
(1, 0, 6, 'Curtus bardus sunt corrumpo volutabrum amo. Sperno confido commemoro calamitas.', 929436, 9, '2025-06-16 08:24:06', '2025-06-16 08:24:06'),
(1, 0, 10, 'Absconditus delibero vereor infit aegrus cohaero. Aegrotatio vehemens dicta depopulo virgo ratione vaco molestiae.', 22512, 44, '2024-11-28 16:13:25', '2024-11-28 16:13:25'),
(0, 0, 5, 'Tredecim deputo trucido qui traho ambitus adipiscor compello caterva virga. Agnosco voro sumptus pauper synagoga despecto.', 8222, 29, '2024-06-17 17:03:59', '2024-06-17 17:03:59'),
(0, 0, 7, 'Depromo sono mollitia. Succedo strues spiculum arceo cinis strenuus virgo subito adsidue.', 457249, 5, '2024-08-05 23:18:57', '2024-08-05 23:18:57'),
(1, 0, 6, 'Conduco corpus eum laudantium varius ait. Trans audax vulpes ventito statim comptus audacia taedium ulterius vorago.', 1063879, 25, '2024-11-23 10:45:14', '2024-11-23 10:45:14'),
(1, 1, 10, 'Adulatio adflicto provident despecto delicate eius valeo bellicus. Depopulo vergo utique adsuesco.', 422619, 3, '2023-12-22 21:03:59', '2023-12-22 21:03:59'),
(1, 0, 4, 'Nobis incidunt talus ustilo aduro consuasor. Abbas conitor ara defetiscor.', 25749, 43, '2024-07-24 05:16:58', '2024-07-24 05:16:58'),
(1, 0, 4, 'Auxilium armarium aegrotatio tactus capto caries cornu. Tero claro voluptates exercitationem utique cometes.', 315319, 35, '2024-01-20 08:52:41', '2024-01-20 08:52:41'),
(1, 0, 8, 'Labore teres triduana. Deleniti adipiscor vaco deduco.', 72560, 6, '2024-01-09 23:07:50', '2024-01-09 23:07:50'),
(0, 0, 7, 'Aer hic chirographum capitulus caterva. Cibus tenax et brevis vitae sulum.', 504, 39, '2025-08-30 02:24:18', '2025-08-30 02:24:18'),
(1, 0, 5, 'Spargo solus vinculum nesciunt varius. Catena correptius tutamen paens cibus adsidue bibo deprimo.', 12169, 35, '2025-01-31 02:54:36', '2025-01-31 02:54:36'),
(1, 0, 3, 'Tantum strenuus casus triumphus sponte quidem audacia. Corporis adamo ver accusantium cenaculum tunc vae viridis perspiciatis auctus.', 26198, 3, '2025-11-29 10:22:36', '2025-11-29 10:22:36'),
(1, 0, 9, 'Aegrus rerum blandior. Tolero suffragium ratione tergum compono condico.', 146227, 43, '2024-08-17 03:27:42', '2024-08-17 03:27:42'),
(1, 0, 1, 'Verbum voluptatum chirographum. Creptio coepi bos venustas ait.', 129734, 15, '2025-07-27 13:43:38', '2025-07-27 13:43:38'),
(1, 0, 7, 'Dolorum ante varietas natus accusamus tamen verecundia convoco tempore. Voluptate veritatis assumenda deduco summopere.', 30707, 14, '2024-08-27 19:35:54', '2024-08-27 19:35:54'),
(1, 0, 5, 'Eius stillicidium succurro acsi tui infit utpote vigor. Caelestis tabella vero adduco consuasor.', 15809, 22, '2025-07-01 13:32:34', '2025-07-01 13:32:34'),
(0, 0, 3, 'Adhuc iusto tabella sonitus denuncio nemo tredecim dicta vestrum casus. Adiuvo repudiandae aedificium ullam ceno certus crastinus vallum.', 282035, 47, '2024-04-09 05:29:45', '2024-04-09 05:29:45'),
(1, 0, 5, 'Umbra sum non tonsor tamdiu caecus necessitatibus calculus aureus. Charisma pectus tepidus.', 49046, 2, '2023-12-30 23:45:54', '2023-12-30 23:45:54'),
(1, 0, 4, 'Ipsa textus soleo desparatus aperio. Astrum sperno demulceo.', 452551, 2, '2024-12-14 20:30:21', '2024-12-14 20:30:21'),
(1, 0, 9, 'Auditor curiositas vigor. Suus conventus crux debilito culpo celebrer utrimque tot cedo aeger.', 10132, 11, '2025-04-05 13:14:49', '2025-04-05 13:14:49'),
(1, 0, 8, 'Vis coadunatio alii urbs caelum theatrum conscendo adsidue. Culpo fugiat advoco denuncio dolores ventosus.', 585240, 9, '2025-06-24 08:04:23', '2025-06-24 08:04:23'),
(1, 0, 1, 'Spero tamdiu creptio adflicto conicio vulnus claro titulus virtus. Debilito tabernus condico tumultus admiratio tenetur claudeo commemoro colo speciosus.', 305455, 45, '2024-01-15 02:30:54', '2024-01-15 02:30:54'),
(0, 0, 2, 'Voluntarius officiis dedico derideo adfectus votum. Defetiscor coma custodia adeptio attero acerbitas vox creo audio.', 602307, 2, '2024-06-13 00:09:08', '2024-06-13 00:09:08'),
(1, 0, 2, 'Curriculum astrum clam. Distinctio caelum tendo defungo cervus.', 442266, 11, '2025-01-13 11:42:03', '2025-01-13 11:42:03'),
(1, 0, 10, 'Pauci absens teneo acidus beatus conatus. Tolero thymum comes aut ullam curia tenetur laboriosam.', 339396, 11, '2025-03-31 05:50:14', '2025-03-31 05:50:14'),
(0, 0, 3, 'Aetas curtus cognatus recusandae combibo adficio magni acsi magni testimonium. Creo congregatio tego combibo provident decimus suggero.', 467952, 17, '2024-03-13 06:28:55', '2024-03-13 06:28:55'),
(1, 0, 5, 'Et cupio infit desino. Tametsi vespillo bardus sumptus aspernatur artificiose tempore deleo approbo cui.', 467632, 41, '2025-12-03 16:41:25', '2025-12-03 16:41:25');

-- Watch Comments
INSERT INTO watch_comments (liked, comment_text, user_id, watch_id, created_at, updated_at) VALUES
(1, 'Vindico solum textor animus aedificium corrigo colo sit deinde defungo.', 19, 456, '2025-06-22 09:30:45', '2025-06-22 09:30:45'),
(1, 'Cupressus conqueror officia antepono ipsum denego argumentum caecus textilis.', 13, 495, '2025-03-05 09:18:53', '2025-03-05 09:18:53'),
(1, 'Corrigo callide demonstro vinculum baiulus bellicus voluptas confero beatus patria.', 6, 458, '2025-05-05 01:01:05', '2025-05-05 01:01:05'),
(1, 'Volaticus demoror valeo tergum.', 48, 172, '2025-08-21 22:46:16', '2025-08-21 22:46:16'),
(0, 'Arca amplitudo asper laudantium.', 41, 368, '2025-09-08 02:18:32', '2025-09-08 02:18:32'),
(0, 'Certe adulatio repudiandae vinculum crur.', 31, 321, '2025-09-14 11:19:11', '2025-09-14 11:19:11'),
(1, 'Claustrum bellicus cogo curiositas.', 33, 137, '2025-06-04 02:17:11', '2025-06-04 02:17:11'),
(0, 'Conservo utrimque conculco collum.', 31, 302, '2025-06-26 03:07:07', '2025-06-26 03:07:07'),
(0, 'Delego calcar sunt vulticulus eum laborum tolero valde arca.', 22, 460, '2025-08-27 07:35:41', '2025-08-27 07:35:41'),
(0, 'Custodia cotidie eum cribro sublime correptius complectus.', 42, 318, '2025-06-29 03:55:45', '2025-06-29 03:55:45'),
(1, 'Stillicidium bellum sublime.', 17, 75, '2025-02-25 14:18:57', '2025-02-25 14:18:57'),
(0, 'Catena tam sequi conturbo curriculum suppono adflicto capto timidus.', 42, 213, '2025-01-04 23:20:36', '2025-01-04 23:20:36'),
(0, 'Maiores commodi uter ulciscor adsuesco alveus debilito defero.', 26, 241, '2025-03-14 13:57:53', '2025-03-14 13:57:53'),
(1, 'Victus curiositas carbo denuo.', 20, 341, '2025-06-17 00:06:06', '2025-06-17 00:06:06'),
(1, 'Tardus voro quam astrum eum corrumpo demulceo.', 41, 152, '2025-09-11 02:03:35', '2025-09-11 02:03:35'),
(0, 'Corroboro cenaculum suffoco talus.', 40, 105, '2025-04-01 02:51:08', '2025-04-01 02:51:08'),
(1, 'Thymum abduco laboriosam peccatus voveo vehemens accommodo placeat auctus.', 25, 494, '2025-10-07 08:15:59', '2025-10-07 08:15:59'),
(1, 'Contigo adversus suspendo argumentum.', 48, 252, '2025-07-02 12:52:33', '2025-07-02 12:52:33'),
(0, 'Antea confero thermae villa aufero aggero catena clam sperno.', 27, 400, '2024-12-24 09:58:34', '2024-12-24 09:58:34'),
(1, 'Tamquam casso urbs tabgo asper clibanus summisse.', 29, 369, '2025-01-06 14:32:45', '2025-01-06 14:32:45'),
(1, 'Molestias bos deripio acidus consequuntur placeat amissio.', 16, 311, '2025-10-01 18:49:52', '2025-10-01 18:49:52'),
(1, 'Cedo desidero votum aeternus delinquo deporto sto qui aperiam.', 43, 33, '2025-03-09 14:41:08', '2025-03-09 14:41:08'),
(1, 'Tunc ater cauda.', 44, 152, '2025-04-29 23:12:26', '2025-04-29 23:12:26'),
(1, 'Auctor validus utpote.', 5, 21, '2024-12-27 23:19:14', '2024-12-27 23:19:14'),
(1, 'Creta accendo tracto solio deficio contigo.', 11, 359, '2025-03-25 05:12:26', '2025-03-25 05:12:26'),
(1, 'Cupio vinitor tamquam cernuus.', 15, 202, '2025-09-23 21:03:12', '2025-09-23 21:03:12'),
(0, 'Succedo temperantia pauper.', 43, 156, '2025-03-11 13:23:45', '2025-03-11 13:23:45'),
(0, 'Angulus thorax pel spero nihil sursum audeo.', 1, 276, '2025-11-05 04:47:54', '2025-11-05 04:47:54'),
(0, 'Doloribus caterva fugiat taceo torrens tendo viriliter antiquus vaco undique.', 35, 1, '2025-11-24 09:22:00', '2025-11-24 09:22:00'),
(1, 'Ascisco vir coma.', 46, 72, '2025-02-05 22:30:27', '2025-02-05 22:30:27'),
(0, 'Capillus volubilis quas tondeo aeternus.', 22, 494, '2025-03-06 23:10:05', '2025-03-06 23:10:05'),
(0, 'Coadunatio charisma tabernus ascit patrocinor aveho tot alius.', 18, 122, '2025-05-28 00:28:33', '2025-05-28 00:28:33'),
(0, 'Ceno tardus caveo coniecto arguo vulpes aeger.', 33, 190, '2025-03-25 06:41:19', '2025-03-25 06:41:19'),
(1, 'Delibero arbor succedo decerno cultura.', 19, 73, '2025-07-12 19:24:09', '2025-07-12 19:24:09'),
(0, 'Audentia cras suspendo aurum apud vigilo casus.', 16, 93, '2025-08-17 15:15:43', '2025-08-17 15:15:43'),
(1, 'Ambulo depulso altus cubicularis demitto cicuta magni sequi sursum.', 24, 241, '2025-02-11 08:01:18', '2025-02-11 08:01:18'),
(0, 'Vulgaris distinctio considero eligendi nam unus coruscus vitae.', 40, 494, '2025-04-30 07:46:57', '2025-04-30 07:46:57'),
(1, 'Armarium adulatio carcer animi autem complectus spargo audeo tener.', 8, 49, '2025-09-08 20:43:30', '2025-09-08 20:43:30'),
(1, 'Vere sono ratione agnosco aro spoliatio fugiat vilitas aegrus.', 8, 361, '2025-09-09 17:43:39', '2025-09-09 17:43:39'),
(1, 'Apostolus acies absorbeo cedo cumque turpis aegre vespillo vero urbanus.', 15, 150, '2025-08-22 18:43:48', '2025-08-22 18:43:48'),
(1, 'Terra vinculum animi vero itaque ocer adiuvo clam.', 49, 476, '2025-03-28 23:11:51', '2025-03-28 23:11:51'),
(0, 'Volva eius cunctatio vigilo arx repellat reprehenderit adipiscor dedecor.', 20, 82, '2025-04-06 04:02:52', '2025-04-06 04:02:52'),
(0, 'Audax atqui clamo eos nesciunt blandior subito.', 38, 224, '2025-06-26 13:33:11', '2025-06-26 13:33:11'),
(0, 'Corpus subito casus delectatio utrimque quasi super esse caecus.', 33, 179, '2025-10-02 08:16:43', '2025-10-02 08:16:43'),
(1, 'Tripudio accusator credo.', 6, 405, '2025-05-25 18:32:12', '2025-05-25 18:32:12'),
(1, 'Contego quia pectus creo timor bardus.', 6, 156, '2025-07-30 18:41:17', '2025-07-30 18:41:17'),
(1, 'Tabesco ars derideo degusto.', 8, 363, '2025-02-11 09:36:38', '2025-02-11 09:36:38'),
(0, 'Civitas caelum vis certe dolor deserunt aliqua.', 50, 245, '2025-09-03 03:34:23', '2025-09-03 03:34:23'),
(1, 'Dolore depereo una vigor quo aranea censura creo tendo.', 27, 182, '2025-08-12 00:24:04', '2025-08-12 00:24:04'),
(0, 'Solitudo audio cruciamentum carmen et tamquam.', 45, 449, '2025-02-19 00:53:56', '2025-02-19 00:53:56'),
(1, 'Succedo contego argumentum ter audax acies theatrum virtus comparo.', 47, 221, '2025-08-07 05:59:27', '2025-08-07 05:59:27'),
(1, 'Adhuc fuga verus crur.', 33, 182, '2025-11-21 10:37:24', '2025-11-21 10:37:24'),
(0, 'Vilitas abduco depereo approbo attollo sordeo.', 43, 370, '2025-02-24 01:26:28', '2025-02-24 01:26:28'),
(0, 'Vivo aperte defendo timor cupiditas sodalitas vergo reiciendis tantillus coadunatio.', 35, 435, '2025-10-07 18:35:02', '2025-10-07 18:35:02'),
(0, 'Uberrime cresco tonsor ciminatio reiciendis totidem eos speculum coadunatio conforto.', 25, 53, '2025-05-13 08:39:24', '2025-05-13 08:39:24'),
(0, 'Defetiscor cervus demoror vinculum admoveo aperio.', 17, 318, '2025-09-28 22:28:00', '2025-09-28 22:28:00'),
(1, 'Vitium triduana arma demum cumque talio cilicium contego pecto addo.', 15, 46, '2025-10-06 11:06:19', '2025-10-06 11:06:19'),
(0, 'Terreo conscendo defessus claro modi ustilo atqui venio.', 33, 260, '2025-10-18 09:52:28', '2025-10-18 09:52:28'),
(0, 'Conculco odio sui.', 48, 289, '2025-05-23 20:34:57', '2025-05-23 20:34:57'),
(1, 'Tribuo artificiose defetiscor artificiose sapiente thema agnitio vicissitudo summisse.', 21, 370, '2025-02-25 22:15:33', '2025-02-25 22:15:33'),
(1, 'Ultra una tum ars virgo qui culpo.', 6, 225, '2025-10-18 14:58:41', '2025-10-18 14:58:41'),
(0, 'Subvenio strues ipsam audentia vulgus.', 29, 476, '2025-11-19 06:51:24', '2025-11-19 06:51:24'),
(0, 'Tunc deinde certus tamdiu quo torrens attonbitus succurro vito.', 46, 86, '2025-03-16 22:29:47', '2025-03-16 22:29:47'),
(0, 'Vel abstergo advoco suspendo comptus tertius aduro complectus curto capillus.', 37, 238, '2025-07-10 09:47:56', '2025-07-10 09:47:56'),
(0, 'Spargo convoco maxime decipio testimonium adaugeo corrupti argentum desino fuga.', 31, 405, '2025-03-27 13:57:40', '2025-03-27 13:57:40'),
(0, 'Vomica sto aliquid adulatio deinde adeo.', 30, 370, '2025-07-28 08:56:21', '2025-07-28 08:56:21'),
(1, 'Texo calco angustus sperno attollo condico crebro.', 27, 186, '2025-05-01 15:42:52', '2025-05-01 15:42:52'),
(1, 'Arbitro contra tenuis vae sufficio stillicidium.', 35, 459, '2025-08-25 15:45:16', '2025-08-25 15:45:16'),
(0, 'Speculum blandior minus veniam.', 30, 499, '2025-11-25 13:56:26', '2025-11-25 13:56:26'),
(0, 'Abundans truculenter trado clarus tener ver crur defessus pecus.', 14, 307, '2025-07-13 09:26:14', '2025-07-13 09:26:14'),
(1, 'Tracto adamo incidunt patior caelestis curatio iste suppellex cetera textor.', 50, 150, '2025-06-06 11:11:03', '2025-06-06 11:11:03'),
(0, 'Pecto provident curatio sed baiulus incidunt apostolus suffragium volaticus.', 50, 259, '2025-03-10 16:12:41', '2025-03-10 16:12:41'),
(1, 'Cotidie sint tumultus substantia voveo decretum.', 5, 496, '2025-03-22 18:14:02', '2025-03-22 18:14:02'),
(0, 'Tutis desolo triumphus benigne sodalitas.', 40, 137, '2025-02-10 23:54:53', '2025-02-10 23:54:53'),
(1, 'Tyrannus sublime tergo casso.', 6, 353, '2025-10-07 21:31:19', '2025-10-07 21:31:19'),
(0, 'Vitiosus adhaero vaco.', 33, 228, '2025-09-03 05:22:16', '2025-09-03 05:22:16'),
(1, 'Spero cerno consuasor valens utrum.', 33, 140, '2025-10-30 13:25:02', '2025-10-30 13:25:02'),
(1, 'Accusator cogo adhuc patria ver benigne vinitor territo.', 6, 459, '2025-07-24 14:02:40', '2025-07-24 14:02:40'),
(1, 'Constans surculus cetera volo artificiose.', 9, 428, '2025-08-31 06:16:10', '2025-08-31 06:16:10'),
(0, 'Claustrum combibo complectus spiculum aranea ut audio arcesso demum asporto.', 9, 88, '2025-02-23 04:34:14', '2025-02-23 04:34:14'),
(0, 'Vomica caveo rerum tego conventus coniuratio.', 47, 343, '2025-07-28 04:54:34', '2025-07-28 04:54:34'),
(1, 'Numquam natus vinco amiculum utrimque dolore.', 27, 133, '2025-03-22 17:54:56', '2025-03-22 17:54:56'),
(1, 'Audax adsidue nesciunt complectus.', 49, 423, '2025-09-13 22:48:35', '2025-09-13 22:48:35'),
(1, 'Adeptio eligendi nam non tantum adaugeo trado ubi tero bene.', 36, 179, '2025-09-09 22:50:36', '2025-09-09 22:50:36'),
(0, 'Sodalitas victoria contego venia avarus argentum aeneus vigor adhuc.', 9, 192, '2025-05-12 18:49:24', '2025-05-12 18:49:24'),
(0, 'Non curo adduco tricesimus attonbitus.', 13, 363, '2025-01-26 17:08:47', '2025-01-26 17:08:47'),
(1, 'Tracto adhuc utrimque tactus.', 6, 81, '2025-07-30 12:21:37', '2025-07-30 12:21:37'),
(0, 'Odit temporibus patria vulpes.', 32, 394, '2025-09-10 20:21:33', '2025-09-10 20:21:33'),
(1, 'Crepusculum peccatus decipio dapifer voluptates cupressus.', 45, 429, '2025-04-04 19:12:43', '2025-04-04 19:12:43'),
(0, 'Deinde desino asperiores ipsum voveo concedo.', 46, 162, '2025-08-16 00:34:43', '2025-08-16 00:34:43'),
(1, 'Deserunt ipsa voluntarius tamisium agnitio adsidue dolorum cibo umbra amissio.', 45, 422, '2025-02-17 12:38:59', '2025-02-17 12:38:59'),
(1, 'Aperio summisse urbanus charisma contigo aegrus tergeo.', 32, 202, '2025-01-15 21:43:15', '2025-01-15 21:43:15'),
(1, 'Commodo claustrum viridis pauper.', 18, 153, '2025-10-07 11:48:31', '2025-10-07 11:48:31'),
(0, 'Eius derelinquo tondeo praesentium degenero praesentium deporto usque strues deprimo.', 40, 13, '2025-06-09 04:09:54', '2025-06-09 04:09:54'),
(0, 'Statim aliqua subito sono verbum voluptate audax umbra id.', 9, 404, '2025-09-16 21:37:45', '2025-09-16 21:37:45'),
(0, 'Templum caput denique adamo undique animus expedita amo dolore.', 41, 488, '2025-11-16 13:11:03', '2025-11-16 13:11:03'),
(1, 'Valetudo sufficio cura terminatio aer sperno decimus.', 15, 192, '2024-12-18 18:17:56', '2024-12-18 18:17:56'),
(1, 'Cuius adversus derelinquo colo.', 8, 37, '2025-09-24 01:42:14', '2025-09-24 01:42:14'),
(0, 'Vigor absconditus voluptatibus spoliatio cibo tribuo assumenda decumbo timor.', 40, 152, '2025-09-29 14:08:11', '2025-09-29 14:08:11'),
(1, 'Curso laudantium alo credo comburo utique ter viduo.', 28, 80, '2025-05-09 17:53:55', '2025-05-09 17:53:55'),
(1, 'Cupressus doloribus sit decor vomito surgo auxilium atqui.', 33, 96, '2025-04-13 21:08:42', '2025-04-13 21:08:42'),
(1, 'Asporto suus sustineo fugiat accusantium ultio temporibus sit decipio tumultus.', 38, 322, '2025-07-05 07:21:35', '2025-07-05 07:21:35'),
(1, 'Aperte natus canto supra balbus cursus.', 32, 459, '2025-10-30 05:53:16', '2025-10-30 05:53:16'),
(1, 'Maiores theatrum sui pectus ter audio decens avarus assumenda.', 4, 488, '2025-04-05 02:59:47', '2025-04-05 02:59:47'),
(0, 'Confido ventito candidus avarus nisi asper vae defero.', 10, 282, '2025-04-03 20:32:22', '2025-04-03 20:32:22'),
(0, 'Suasoria appono porro caries crastinus.', 14, 405, '2025-04-26 10:23:17', '2025-04-26 10:23:17'),
(0, 'Summopere collum vereor timidus valde tempora bene neque victoria.', 46, 363, '2024-12-29 12:20:47', '2024-12-29 12:20:47'),
(1, 'Viriliter adopto supplanto tum contigo adulescens.', 50, 174, '2025-01-10 12:05:10', '2025-01-10 12:05:10'),
(0, 'Teres turba error commemoro.', 17, 444, '2025-04-21 07:22:57', '2025-04-21 07:22:57'),
(1, 'Itaque vulnus sufficio tametsi timor quis totidem.', 36, 43, '2025-04-20 10:25:21', '2025-04-20 10:25:21'),
(1, 'Demonstro avarus molestiae magni voluptatibus autem.', 23, 48, '2025-08-31 01:46:19', '2025-08-31 01:46:19'),
(1, 'Sto curso vapulus.', 44, 167, '2024-12-10 22:01:30', '2024-12-10 22:01:30'),
(1, 'Valde via adduco valde.', 43, 318, '2025-02-19 01:24:02', '2025-02-19 01:24:02'),
(1, 'Suppellex xiphias defluo vestigium repellat antiquus.', 17, 84, '2025-03-27 07:17:52', '2025-03-27 07:17:52'),
(1, 'Amoveo capio bos sophismata conservo.', 26, 289, '2025-02-10 12:48:01', '2025-02-10 12:48:01'),
(0, 'Aegrotatio blanditiis tui vel pecco solio itaque.', 42, 111, '2025-08-10 21:08:52', '2025-08-10 21:08:52'),
(1, 'Trado voveo callide.', 37, 156, '2025-10-16 12:03:04', '2025-10-16 12:03:04'),
(1, 'Admoneo depromo vestigium unus.', 33, 260, '2025-01-23 09:53:05', '2025-01-23 09:53:05'),
(1, 'Sufficio summopere titulus voluptatum curriculum spiculum subito.', 10, 49, '2025-04-27 23:23:34', '2025-04-27 23:23:34'),
(0, 'Allatus cogo vilicus statua aperiam averto cilicium adeo vergo.', 9, 16, '2025-08-08 13:46:38', '2025-08-08 13:46:38'),
(1, 'Veritas blandior video tamdiu similique substantia.', 7, 12, '2025-04-23 00:11:48', '2025-04-23 00:11:48'),
(1, 'Umquam derideo recusandae triduana cui sustineo tantillus creta vix bardus.', 3, 8, '2025-02-25 20:01:54', '2025-02-25 20:01:54'),
(0, 'Maxime thymbra necessitatibus quo aggero urbanus velit tergeo.', 21, 437, '2025-08-31 23:57:09', '2025-08-31 23:57:09'),
(1, 'Delinquo volaticus comis cogito catena terra crapula cuius.', 20, 481, '2025-09-26 09:54:23', '2025-09-26 09:54:23'),
(0, 'Blanditiis tripudio voluptas depraedor vinculum desidero.', 31, 372, '2025-02-27 08:08:08', '2025-02-27 08:08:08'),
(0, 'Tollo perspiciatis attero aro vorago arguo patior.', 16, 349, '2025-06-24 04:16:50', '2025-06-24 04:16:50'),
(1, 'Defluo maxime audacia velociter utrum appono degenero.', 37, 265, '2025-08-30 20:59:53', '2025-08-30 20:59:53'),
(0, 'Utor adulescens attonbitus volaticus cum.', 11, 414, '2025-04-30 21:28:27', '2025-04-30 21:28:27'),
(1, 'Pauper venio vorax curso coniuratio.', 8, 82, '2025-09-16 12:16:28', '2025-09-16 12:16:28'),
(1, 'Dedico socius carmen ater abstergo testimonium videlicet conduco depereo verbera.', 41, 190, '2025-08-16 23:43:23', '2025-08-16 23:43:23'),
(0, 'Consequuntur animadverto quis iusto terreo bene aestas vivo ea abeo.', 31, 404, '2024-12-18 11:22:04', '2024-12-18 11:22:04'),
(1, 'Toties necessitatibus audentia carcer comminor soluta.', 38, 272, '2025-09-18 16:26:30', '2025-09-18 16:26:30'),
(0, 'Adopto temeritas vindico ex totus turba spectaculum tam.', 27, 319, '2025-03-04 00:13:35', '2025-03-04 00:13:35'),
(1, 'Antiquus subseco sequi.', 41, 244, '2025-08-20 14:31:06', '2025-08-20 14:31:06'),
(0, 'Nesciunt tantum tum vos caelum.', 4, 493, '2025-01-20 08:45:45', '2025-01-20 08:45:45'),
(1, 'Cibus tempora atqui decretum.', 32, 263, '2025-03-08 16:04:32', '2025-03-08 16:04:32'),
(1, 'Adnuo aeger volo.', 32, 107, '2025-02-04 15:54:46', '2025-02-04 15:54:46'),
(1, 'Amplexus circumvenio certe certus quos cumque cura canto solium decimus.', 17, 50, '2025-04-17 20:27:52', '2025-04-17 20:27:52'),
(1, 'Deorsum creptio corrigo sodalitas adeptio defessus suggero voco utique.', 38, 289, '2025-06-17 09:31:55', '2025-06-17 09:31:55'),
(0, 'Denique sed natus.', 26, 377, '2025-08-27 16:16:14', '2025-08-27 16:16:14'),
(0, 'Ante depereo trado vita a deprimo ventito aggredior comptus synagoga.', 39, 244, '2025-01-27 06:08:12', '2025-01-27 06:08:12'),
(0, 'Appono claustrum degenero paens.', 28, 360, '2025-01-12 12:02:41', '2025-01-12 12:02:41'),
(0, 'Theologus contego degero calco textus cubo sustineo atrox spiritus.', 47, 434, '2025-04-14 18:23:31', '2025-04-14 18:23:31'),
(1, 'Acquiro totam civitas amet victoria abutor aggredior.', 39, 112, '2025-11-25 12:37:29', '2025-11-25 12:37:29'),
(1, 'Velociter cetera tracto denuo amissio spargo tertius.', 7, 248, '2025-04-06 22:13:48', '2025-04-06 22:13:48'),
(1, 'Trepide pecco voluptatum addo concedo apto thema.', 18, 406, '2025-09-19 02:53:06', '2025-09-19 02:53:06'),
(1, 'Bardus adopto angelus demoror neque nam decipio.', 30, 201, '2025-04-12 22:01:22', '2025-04-12 22:01:22'),
(0, 'Ratione suffragium verecundia statua vestrum tabula.', 33, 247, '2025-07-01 04:01:07', '2025-07-01 04:01:07'),
(0, 'Articulus sortitus certe eius angustus.', 29, 332, '2025-04-23 04:13:04', '2025-04-23 04:13:04'),
(0, 'Tenus crinis quas pel aperio.', 8, 181, '2025-09-07 05:42:42', '2025-09-07 05:42:42'),
(0, 'Pel cunae patruus umbra molestias chirographum arcesso xiphias.', 33, 53, '2025-01-27 04:52:30', '2025-01-27 04:52:30'),
(1, 'Sapiente voluptatum eligendi crudelis avaritia angelus vulgo ter.', 5, 157, '2025-06-24 10:53:10', '2025-06-24 10:53:10'),
(1, 'Tollo colligo turba necessitatibus eligendi pectus vilicus votum atavus.', 33, 224, '2025-04-10 10:06:19', '2025-04-10 10:06:19'),
(1, 'Avaritia bene theca currus vindico trans similique.', 19, 128, '2025-03-20 04:18:40', '2025-03-20 04:18:40'),
(0, 'Curis copia bos vox acervus culpo tricesimus advenio.', 12, 404, '2025-01-26 09:10:54', '2025-01-26 09:10:54'),
(1, 'Fugiat sordeo cerno supra.', 9, 107, '2025-03-21 05:16:15', '2025-03-21 05:16:15'),
(1, 'Aggero quis video aestus decumbo curto.', 20, 374, '2025-04-16 01:19:42', '2025-04-16 01:19:42'),
(0, 'Uterque stipes cupiditas utilis quas canto.', 8, 473, '2025-08-25 08:30:16', '2025-08-25 08:30:16'),
(1, 'Aliqua impedit attonbitus sursum illo appello inventore abduco adsuesco.', 40, 11, '2025-06-07 11:02:02', '2025-06-07 11:02:02'),
(1, 'Conatus varietas crinis ago.', 46, 461, '2025-03-04 14:04:49', '2025-03-04 14:04:49'),
(1, 'Brevis comprehendo tribuo tergiversatio pecus.', 37, 165, '2025-11-19 09:47:46', '2025-11-19 09:47:46'),
(1, 'Architecto alias carcer convoco creptio vinculum spargo cattus.', 3, 129, '2025-04-07 09:37:42', '2025-04-07 09:37:42'),
(0, 'Vomica dedico cunabula defaeco veritatis arceo textor.', 31, 363, '2025-04-17 03:20:36', '2025-04-17 03:20:36'),
(1, 'Vestrum varietas abbas sumptus clementia comitatus sint sol deripio victus.', 41, 296, '2025-03-02 03:24:38', '2025-03-02 03:24:38'),
(1, 'Debitis clarus maiores.', 14, 220, '2025-01-15 02:29:54', '2025-01-15 02:29:54'),
(0, 'Quasi denuo virtus summopere cur.', 10, 147, '2025-08-13 22:30:06', '2025-08-13 22:30:06'),
(1, 'Torqueo creo dolor tot benigne magnam tantillus tum perspiciatis.', 30, 331, '2025-01-13 07:55:56', '2025-01-13 07:55:56'),
(1, 'Tyrannus color coruscus odit cursim terebro volo accusantium enim.', 11, 402, '2025-11-08 15:09:40', '2025-11-08 15:09:40'),
(0, 'Comparo quaerat adeptio creator.', 7, 161, '2025-05-16 09:19:05', '2025-05-16 09:19:05'),
(0, 'Claro conspergo impedit qui alveus cavus vetus cornu adduco angustus.', 21, 96, '2025-06-02 14:40:34', '2025-06-02 14:40:34'),
(1, 'Modi decumbo subito consequatur cogo sub appositus decerno compello.', 25, 208, '2025-04-09 02:05:13', '2025-04-09 02:05:13'),
(0, 'Comitatus decet surculus vobis depopulo debilito.', 32, 45, '2025-07-05 14:08:34', '2025-07-05 14:08:34'),
(1, 'Crebro basium ipsa combibo unde.', 41, 226, '2025-06-01 21:26:25', '2025-06-01 21:26:25'),
(1, 'Depopulo repellendus sperno ventus.', 30, 382, '2025-07-01 12:30:13', '2025-07-01 12:30:13'),
(1, 'Depopulo molestias charisma baiulus crinis cuius corroboro tenetur subiungo deporto.', 49, 42, '2025-02-18 19:35:02', '2025-02-18 19:35:02'),
(0, 'Audeo argumentum teneo.', 15, 152, '2025-04-16 13:34:50', '2025-04-16 13:34:50'),
(1, 'Desidero bene bardus substantia convoco antepono tubineus utique.', 48, 289, '2025-10-14 19:07:57', '2025-10-14 19:07:57'),
(1, 'Canonicus ara compello viriliter comptus conventus tam culpo.', 22, 148, '2025-08-24 22:19:40', '2025-08-24 22:19:40'),
(1, 'Laudantium officiis eos deputo.', 15, 231, '2025-02-07 07:16:21', '2025-02-07 07:16:21'),
(0, 'Terminatio tabella arca acer.', 46, 29, '2025-10-11 07:47:54', '2025-10-11 07:47:54'),
(1, 'Una subito unus despecto defero.', 45, 99, '2025-06-18 06:56:37', '2025-06-18 06:56:37'),
(1, 'Villa certus cubicularis molestiae coadunatio.', 31, 43, '2025-04-04 14:06:20', '2025-04-04 14:06:20'),
(0, 'Tumultus beatae audacia volo.', 2, 245, '2025-11-07 17:16:21', '2025-11-07 17:16:21'),
(0, 'Cursim cimentarius argumentum crepusculum tactus comprehendo vulgo.', 28, 248, '2025-11-28 07:26:43', '2025-11-28 07:26:43'),
(0, 'Theologus aduro a exercitationem tubineus.', 24, 335, '2025-11-04 18:11:13', '2025-11-04 18:11:13'),
(1, 'Cum tutamen cilicium conforto.', 38, 37, '2025-07-19 05:21:06', '2025-07-19 05:21:06'),
(1, 'Damnatio sapiente soluta arx cenaculum acidus cohors.', 23, 414, '2025-06-13 16:10:26', '2025-06-13 16:10:26'),
(1, 'Vacuus virgo veritas totus corporis.', 11, 447, '2025-04-12 03:34:41', '2025-04-12 03:34:41'),
(0, 'Callide aperio ademptio deinde illum voluptas coniecto tamisium conforto abbas.', 37, 268, '2025-03-23 23:54:21', '2025-03-23 23:54:21'),
(1, 'Arx tabgo defetiscor ventosus cunctatio vaco.', 45, 394, '2025-09-17 18:55:11', '2025-09-17 18:55:11'),
(1, 'Stipes deorsum illum carmen accedo quae.', 30, 445, '2025-06-12 08:55:45', '2025-06-12 08:55:45'),
(1, 'Vespillo vomito deduco triduana sublime corroboro.', 10, 321, '2025-05-15 13:29:15', '2025-05-15 13:29:15'),
(0, 'Adulatio curriculum sublime adopto suffragium brevis tersus.', 16, 225, '2025-11-06 01:34:08', '2025-11-06 01:34:08'),
(0, 'Provident comminor tristis.', 29, 169, '2025-10-03 23:34:46', '2025-10-03 23:34:46'),
(0, 'Nobis surgo decumbo paens tumultus confero spero ventito.', 33, 336, '2025-06-04 17:19:46', '2025-06-04 17:19:46'),
(1, 'Ait adulatio admiratio desparatus.', 26, 264, '2025-09-16 16:24:26', '2025-09-16 16:24:26'),
(1, 'Deinde quaerat alioqui considero titulus.', 12, 301, '2025-04-04 18:47:58', '2025-04-04 18:47:58'),
(1, 'Defaeco facilis ceno vitium solum sulum.', 32, 345, '2025-10-08 14:22:44', '2025-10-08 14:22:44'),
(1, 'Valeo esse video comptus vita celer.', 3, 336, '2024-12-16 12:43:13', '2024-12-16 12:43:13'),
(0, 'Adeo fugiat abstergo angelus sumptus cena cito apostolus.', 29, 254, '2025-03-07 13:14:42', '2025-03-07 13:14:42');

COMMIT;

-- ------------------------------------------------------------
-- MARK: optimizations.sql
-- ------------------------------------------------------------

-- ---------------------------------------------------------
-- MARK: Indexes
-- ---------------------------------------------------------

-- Drop any indexes if they exist
ALTER TABLE user_follows DROP INDEX IF EXISTS idx_user_follows_user_id;
ALTER TABLE user_follows DROP INDEX IF EXISTS idx_user_follows_follow_user_id;
ALTER TABLE movie_lists DROP INDEX IF EXISTS idx_movie_lists_user_watchlist;
ALTER TABLE movie_lists_movie DROP INDEX IF EXISTS idx_movie_lists_movie_list_movie;
ALTER TABLE movie_lists_movie DROP INDEX IF EXISTS idx_movie_lists_movie_list_created_at;
ALTER TABLE movie_lists_movie DROP INDEX IF EXISTS idx_movie_lists_movie_movie;
ALTER TABLE movie DROP INDEX IF EXISTS ft_movie_title;
ALTER TABLE people DROP INDEX IF EXISTS ft_people_name;
ALTER TABLE watches DROP INDEX IF EXISTS idx_watches_user_created_at;
ALTER TABLE watches DROP INDEX IF EXISTS idx_watches_movie_rating;

-- Following lookups
CREATE INDEX idx_user_follows_user_id
    ON user_follows (user_id);

CREATE INDEX idx_user_follows_follow_user_id
    ON user_follows (follow_user_id);

-- Filter movie_lists by user + watch_list flag
CREATE INDEX idx_movie_lists_user_watchlist
    ON movie_lists (user_id, is_watch_list);

-- Lookup for movie_lists pivot table
CREATE INDEX idx_movie_lists_movie_list_movie
    ON movie_lists_movie (movie_list_id, movie_id);

-- Full text search on movie titles
CREATE FULLTEXT INDEX ft_movie_title
    ON movie (title);

-- Text search on people names
CREATE FULLTEXT INDEX ft_people_name
    ON people (name);

-- Get watches for a user ordered by recency
CREATE INDEX idx_watches_user_created_at
    ON watches (user_id, created_at);

-- Ordering by added_at within a list
CREATE INDEX idx_movie_lists_movie_list_created_at
    ON movie_lists_movie (movie_list_id, created_at);

-- Query ratings for a movie quickly
CREATE INDEX idx_watches_movie_rating
    ON watches (movie_id, rating);

-- Speed up lookups for number of lists made that contain a movie
CREATE INDEX idx_movie_lists_movie_movie
    ON movie_lists_movie (movie_id);


-- ---------------------------------------------------------
-- MARK: Views
-- ---------------------------------------------------------

-- Drop views if they exist
DROP VIEW IF EXISTS v_user_engagement;
DROP VIEW IF EXISTS v_watches_with_user_movie;
DROP VIEW IF EXISTS v_user_watchlist;
DROP VIEW IF EXISTS v_movie_stats;
DROP VIEW IF EXISTS v_movie_metadata;
DROP VIEW IF EXISTS v_user_profile_summary;

-- Aggregated user data
CREATE VIEW v_user_profile_summary AS
SELECT 
    u.id,
    u.name,
    u.email,
    u.profile_image,
    u.created_at,
    COUNT(DISTINCT f1.id) AS following_count,
    COUNT(DISTINCT f2.id) AS follower_count
FROM users u
LEFT JOIN user_follows f1 ON f1.user_id = u.id
LEFT JOIN user_follows f2 ON f2.follow_user_id = u.id
GROUP BY u.id, u.name, u.email, u.profile_image, u.created_at;

-- Movie rating and popularity stats
CREATE VIEW v_movie_stats AS
SELECT
    m.id                  AS movie_id,
    m.title                AS movie_name,
    AVG(w.rating)         AS average_rating,
    COUNT(w.id)           AS total_watches,
    SUM(CASE WHEN w.liked = 1 THEN 1 ELSE 0 END) AS total_likes,
    COUNT(DISTINCT mlm.movie_list_id)            AS list_count
FROM movie m
LEFT JOIN watches w
        ON w.movie_id = m.id AND w.rating IS NOT NULL
LEFT JOIN movie_lists_movie mlm
        ON mlm.movie_id = m.id
GROUP BY m.id, m.title;

-- User watchlist with movie details
CREATE VIEW v_user_watchlist AS
SELECT 
    ml.user_id,
    m.id            AS movie_id,
    m.title          AS movie_name,
    m.release_date,
    m.overview,
    mlm.created_at  AS added_at
FROM movie_lists ml
JOIN movie_lists_movie mlm ON ml.id = mlm.movie_list_id
JOIN movie m               ON m.id = mlm.movie_id
WHERE ml.is_watch_list = 1;

-- Watches joined with users
CREATE VIEW v_watches_with_user_movie AS
SELECT 
    w.id           AS watch_id,
    w.user_id,
    u.name         AS user_name,
    w.movie_id,
    m.title         AS movie_name,
    w.rating,
    w.liked,
    w.review_text,
    w.created_at
FROM watches w
JOIN users  u ON u.id = w.user_id
JOIN movie m ON m.id = w.movie_id;

-- User engagement summary
CREATE VIEW v_user_engagement AS
SELECT
    u.id AS user_id,
    u.name,
    u.created_at,
    COUNT(DISTINCT w.id)           AS total_watches,
    COUNT(DISTINCT wc.id)          AS total_comments,
    COUNT(DISTINCT ml.id)          AS total_lists
FROM users u
LEFT JOIN watches w
       ON w.user_id = u.id
LEFT JOIN watch_comments wc
       ON wc.user_id = u.id
LEFT JOIN movie_lists ml
       ON ml.user_id = u.id
GROUP BY u.id, u.name, u.created_at;

-- Movies with basic metadata
CREATE VIEW v_movie_metadata AS
SELECT
    m.id          AS movie_id,
    m.title        AS movie_name,
    m.release_date,
    m.overview
FROM movie m;

-- ------------------------------------------------------------
-- MARK: stored_procedures.sql
-- ------------------------------------------------------------

-- Drop any procedures if they exist
DROP PROCEDURE IF EXISTS create_user;
DROP PROCEDURE IF EXISTS log_watch;
DROP PROCEDURE IF EXISTS follow_user;
DROP PROCEDURE IF EXISTS create_movie_list;
DROP PROCEDURE IF EXISTS add_movie_to_list;
DROP PROCEDURE IF EXISTS search_movie;
DROP PROCEDURE IF EXISTS delete_user;

-- create an account
DELIMITER $$

CREATE PROCEDURE create_user (
  IN p_name VARCHAR(50),
  IN p_email VARCHAR(50),
  IN p_password CHAR(64)
)
BEGIN
  INSERT INTO users (name, email, password, created_at, updated_at)
  VALUES (p_name, p_email, p_password, NOW(), NOW());
END$$

DELIMITER ;

-- log a movie as watched

DELIMITER $$

CREATE PROCEDURE log_watch (
  IN p_user_id BIGINT,
  IN p_movie_id BIGINT,
  IN p_rating INT,
  IN p_liked TINYINT,
  IN p_review TEXT,
  IN p_is_private TINYINT
)
BEGIN
  START TRANSACTION;

  INSERT INTO watches (user_id, movie_id, rating, liked, review_text, is_private, created_at, updated_at)
  VALUES (p_user_id, p_movie_id, p_rating, p_liked, p_review, p_is_private, NOW(), NOW());

  DELETE FROM movie_lists_movie
  WHERE movie_id = p_movie_id
    AND movie_list_id IN (
      SELECT id FROM movie_lists
      WHERE user_id = p_user_id AND is_watch_list = 1
    );

  COMMIT;
END$$

DELIMITER ;

-- follow a user 

DELIMITER $$

CREATE PROCEDURE follow_user (
  IN p_user_id BIGINT,
  IN p_follow_user_id BIGINT
)
BEGIN
  INSERT IGNORE INTO user_follows (user_id, follow_user_id, created_at)
  VALUES (p_u, p_fser_idollow_user_id, NOW());
END$$

DELIMITER ;

-- create a movie list

DELIMITER $$

CREATE PROCEDURE create_movie_list (
  IN p_user_id BIGINT,
  IN p_name VARCHAR(50),
  IN p_is_private TINYINT
)
BEGIN
  INSERT INTO movie_lists (user_id, name, is_private, is_watch_list,
                           created_at, updated_at)
  VALUES (p_user_id, p_name, p_is_private, 0, NOW(), NOW());
END$$

DELIMITER ;

-- add a movie to a list

DELIMITER $$

CREATE PROCEDURE add_movie_to_list (
  IN p_list_id BIGINT,
  IN p_movie_id BIGINT
)
BEGIN
  INSERT IGNORE INTO movie_lists_movie
  (movie_list_id, movie_id, created_at)
  VALUES (p_list_id, p_movie_id, NOW());
END$$

DELIMITER ;

-- search for a movie

DELIMITER $$

CREATE PROCEDURE search_movie (
  IN p_query VARCHAR(50)
)
BEGIN
  SELECT id, name, release_date
  FROM movie
  WHERE name LIKE CONCAT('%', p_query, '%');
END$$

DELIMITER ;

-- delete a user 

DELIMITER $$

CREATE PROCEDURE delete_user (
  IN p_user_id BIGINT
)
BEGIN
  START TRANSACTION;

  DELETE FROM users WHERE id = p_user_id;

  COMMIT;
END$$

DELIMITER ;

-- ------------------------------------------------------------
-- MARK: security_and_privacy.sql
-- ------------------------------------------------------------

-- Create roles
DROP ROLE IF EXISTS 'role_data_analyst';
DROP ROLE IF EXISTS 'role_content_manager';
DROP ROLE IF EXISTS 'role_admin';

CREATE ROLE 'role_data_analyst';
CREATE ROLE 'role_content_manager';
CREATE ROLE 'role_admin';

-- ---------------------------------------------------------
-- Data Analyst - read-only access to all data
-- ---------------------------------------------------------
GRANT SELECT ON letterboxd.* TO 'role_data_analyst';

-- ---------------------------------------------------------
-- Content Manager - modify film metadata, cast info, and handle content
-- ---------------------------------------------------------

-- Film metadata
GRANT SELECT, INSERT, UPDATE, DELETE
    ON letterboxd.movie          TO 'role_content_manager';
GRANT SELECT, INSERT, UPDATE, DELETE
    ON letterboxd.genre          TO 'role_content_manager';
GRANT SELECT, INSERT, UPDATE, DELETE
    ON letterboxd.movie_genre   TO 'role_content_manager';
GRANT SELECT, INSERT, UPDATE, DELETE
    ON letterboxd.studios         TO 'role_content_manager';
GRANT SELECT, INSERT, UPDATE, DELETE
    ON letterboxd.movie_studios  TO 'role_content_manager';
GRANT SELECT, INSERT, UPDATE, DELETE
    ON letterboxd.languages       TO 'role_content_manager';
GRANT SELECT, INSERT, UPDATE, DELETE
    ON letterboxd.movie_languages TO 'role_content_manager';
GRANT SELECT, INSERT, UPDATE, DELETE
    ON letterboxd.countries       TO 'role_content_manager';
GRANT SELECT, INSERT, UPDATE, DELETE
    ON letterboxd.events          TO 'role_content_manager';
GRANT SELECT, INSERT, UPDATE, DELETE
    ON letterboxd.releases        TO 'role_content_manager';
GRANT SELECT, INSERT, UPDATE, DELETE
    ON letterboxd.movie_releases TO 'role_content_manager';

-- Cast & crew info
GRANT SELECT, INSERT, UPDATE, DELETE
    ON letterboxd.person          TO 'role_content_manager';
GRANT SELECT, INSERT, UPDATE, DELETE
    ON letterboxd.cast     TO 'role_content_manager';
GRANT SELECT, INSERT, UPDATE, DELETE
    ON letterboxd.crew     TO 'role_content_manager';

-- Content moderation
GRANT SELECT, INSERT, UPDATE, DELETE
    ON letterboxd.tags            TO 'role_content_manager';
GRANT SELECT, INSERT, UPDATE, DELETE
    ON letterboxd.movie_lists     TO 'role_content_manager';
GRANT SELECT, INSERT, UPDATE, DELETE
    ON letterboxd.movie_lists_movie TO 'role_content_manager';
GRANT SELECT, INSERT, UPDATE, DELETE
    ON letterboxd.movie_lists_tags   TO 'role_content_manager';
GRANT SELECT, UPDATE, DELETE
    ON letterboxd.watch_comments  TO 'role_content_manager';

-- Read access for sensitive tables
GRANT SELECT ON letterboxd.users   TO 'role_content_manager';
GRANT SELECT ON letterboxd.watches TO 'role_content_manager';

-- ---------------------------------------------------------
-- Admin - full access
-- ---------------------------------------------------------
GRANT ALL PRIVILEGES ON letterboxd.* TO 'role_admin' WITH GRANT OPTION;

-- ---------------------------------------------------------
-- Assign roles to users 
-- ---------------------------------------------------------
GRANT 'role_data_analyst'     TO 'analyst_readonly'@'localhost';
GRANT 'role_content_manager'  TO 'content_mgr'@'localhost';
GRANT 'role_admin'            TO 'admin'@'localhost';