-- Seed Data for Letterboxd Database
-- Generated: 2025-12-07T19:40:46.384Z

-- Users
INSERT INTO users (name, email, profile_image, password, created_at, updated_at) VALUES
('Sidney Torphy-Ratke', 'valentine.erdman@yahoo.com', NULL, 'c755b6359cddad63fd5a595cf3af345b6ac8ccebef41a4679dbf12d38ef9e6cd', '2023-12-08 12:36:07', '2023-12-08 12:36:07'),
('Mr. Terry Kuhn', 'ernest_pacocha23@hotmail.com', NULL, 'acc51fd7edafde77bf28bbc07f0aa4c0ac775bceebffe3176e4a0ae7c38052d7', '2023-09-05 17:31:42', '2023-09-05 17:31:42'),
('Laurence Rempel', 'mafalda.jenkins@gmail.com', NULL, '9c4bdb6b3fbbcc728d6dc2ca2714ecf7f10bfaafd6df45aafe0c98d43d4cdab7', '2022-12-24 13:30:59', '2022-12-24 13:30:59'),
('Kirk Schneider DVM', 'belle.haley1@yahoo.com', NULL, '2bbdb1703155be32493fe1cef358eabbbaaf315e029333e9a2ee5f556ebecd71', '2023-03-14 01:01:51', '2023-03-14 01:01:51'),
('Josh Ritchie', 'rollin.balistreri@gmail.com', NULL, '26e776c671cccee11b4ad82c371d3dfdcf07ce6acd4c2bfaaf19ec8f83efcafd', '2025-06-14 07:01:46', '2025-06-14 07:01:46'),
('Sheri Lind', 'akeem.hahn83@gmail.com', NULL, 'fd85f98b0b5eeff1b5c42fc0bdab41ceb24cabbad400c9b10bad1afce5a937eb', '2024-06-07 05:24:10', '2024-06-07 05:24:10'),
('Paulette Bailey', 'josefina.mertz@gmail.com', NULL, '22ed3fbb0effae6198af11143ead9691854fccfbabd25f25a53196fda3a0f8dd', '2022-12-15 16:13:53', '2022-12-15 16:13:53'),
('Christy Shields', 'talia24@yahoo.com', NULL, 'bb6bfa2aecde1ea5c10f01e1dce8ea3ebad7a956bc0fb57b5ddfb17bbacbd0a8', '2023-03-13 06:17:25', '2023-03-13 06:17:25'),
('Cesar Ratke', 'darryl_franecki18@yahoo.com', NULL, 'e8bfeab59ddaf0f6bdcf6027eb7cbb67aaf9cc1c6f5e88dfa79818aefdefba6a', '2025-02-07 04:21:50', '2025-02-07 04:21:50'),
('Kendra Medhurst', 'sally19@yahoo.com', NULL, '6ae7f359b5daac4ae466dffc59ecede17fe6f9e8deb5eef161dbbc46fe2e5caf', '2023-03-06 16:35:08', '2023-03-06 16:35:08'),
('Lynn Paucek', 'cassie.weissnat19@yahoo.com', NULL, '1a3abebcace7a21ab00edca5bdeafa0623e21cd3988b790a87bc96e4c82f49c5', '2024-05-22 21:19:20', '2024-05-22 21:19:20'),
('Johnny Gusikowski', 'winfield34@gmail.com', NULL, '2297f9c41f55cdd99aa5ad10dfebbacd2bdae4efd0fbce9ec45c85c37e6cf01a', '2023-04-17 10:01:53', '2023-04-17 10:01:53'),
('Isabel Bernier', 'madelyn.baumbach@hotmail.com', NULL, '7a96f1be45a3fdcbf31cd3e091fafdfe1fba8db66ed6fd92449b89cf5ab5ceed', '2024-03-13 11:13:34', '2024-03-13 11:13:34'),
('Dr. Juan Hirthe', 'lee.murazik@gmail.com', NULL, 'aebd09a3acfa4add69bfcfdfda0fdbfa2d5d3eccfac63b39be6f3eec6be941e6', '2023-01-29 17:36:36', '2023-01-29 17:36:36'),
('Darin Klein DVM', 'arnulfo_murazik23@hotmail.com', NULL, 'b3de2715cdd8fdb24337decd600048eeb5be1933cdcebc3a4db41efafb00c68f', '2025-04-10 23:40:15', '2025-04-10 23:40:15'),
('Leo Grady', 'favian_kertzmann@gmail.com', NULL, '41a5ccabcff9a244f1facbbf0639b84c0fffd4adc3f11c02e5cc44d0512d79d9', '2024-09-21 11:14:46', '2024-09-21 11:14:46'),
('Enrique Harris', 'heather_hackett@yahoo.com', NULL, 'b5f8ddc43be2b5a8deac1eed2231c79e073bfc221e6bbe6f5bca6bb2ecef0ff9', '2024-05-18 03:47:06', '2024-05-18 03:47:06'),
('Teri Braun', 'wellington_cummerata@hotmail.com', NULL, '5f0bdcbfcccbfeabeaf11fe2e6bdbb7e5cfec0b54017e43a94f9e819ecdaebd9', '2025-01-10 13:07:18', '2025-01-10 13:07:18'),
('Isabel Gleichner', 'rowena_bins96@hotmail.com', NULL, 'c213c2bebacee810ac5b2dc4474bddb220bacf5e3af31ebafacd27efd4cfe621', '2024-05-09 13:01:31', '2024-05-09 13:01:31'),
('Scott Gleason', 'georgianna.treutel@yahoo.com', NULL, '2e6c6f7ac139bad01cbda23bd4eb261017aae45fd40ef5bdabe66eed9e2dceb9', '2025-09-01 21:05:09', '2025-09-01 21:05:09'),
('Sam Reinger MD', 'nels66@hotmail.com', NULL, '1d6da8333ab1a4fa0bdcf2bdbfbad0c5cc8bea1d6afa5668d5f9ac1bbaaed55a', '2023-06-24 19:49:58', '2023-06-24 19:49:58'),
('Inez Schowalter', 'ellis_buckridge48@gmail.com', NULL, 'c9fb9d2a7dd73d8ed50192fb65bee8f004ead2007d3ceca712ee9b7dbb2078d4', '2023-10-04 07:52:14', '2023-10-04 07:52:14'),
('Kurt Dooley', 'adolphus30@gmail.com', NULL, 'f8ca1abc331b51f9a7e3dc3e27396adb7f474b45a41ffa974ab1da640eabbabd', '2024-02-21 21:22:15', '2024-02-21 21:22:15'),
('Lora Hagenes', 'catharine_hintz13@hotmail.com', NULL, '7ca3ecb3e44bb3561e06cc1535ff59474e8f4c5ac910298d7ded7cfc7cb495bb', '2024-06-08 01:38:52', '2024-06-08 01:38:52'),
('Trevor Yundt', 'william.fritsch@hotmail.com', NULL, '0b5dbf6c7ba47aafe76f17dcaed65cd4543438c49c7e41c3ae5f0c70606bf3cc', '2025-09-11 00:21:32', '2025-09-11 00:21:32'),
('Hattie Vandervort-Daniel', 'neil_conn87@gmail.com', NULL, '06fbd40523ded33aecdef7adabac64feef3fecab5a332c4ec83cddfd9d6bf96d', '2023-09-12 18:19:04', '2023-09-12 18:19:04'),
('Pablo Lockman', 'mitchell73@gmail.com', NULL, '99fbfbcb6fb734cce227adc5dfbafa4c7ba468b22ee86f7f86c4dfde0b3b2dbe', '2024-12-09 12:48:30', '2024-12-09 12:48:30'),
('Vincent Ferry', 'tracy_shields@gmail.com', NULL, 'adcf7e0bb9d96d730be6b2d62bc634610b7dfe3aaad7cc0ebe36e5c221dfde56', '2024-03-01 02:01:40', '2024-03-01 02:01:40'),
('Josephine Trantow', 'jannie37@gmail.com', NULL, '0eebbfc6faf0c723f1bcbffa707984ace33fe6bbe67fef818bb9fcc319de3147', '2025-02-04 02:50:11', '2025-02-04 02:50:11'),
('Leon Gibson', 'gus_hayes@gmail.com', NULL, '52fcaa9aaaa4bedad2055ddb8a99ec0ebfe2bcdace460bd260e7fa8ff8d57e1c', '2025-04-25 20:36:17', '2025-04-25 20:36:17'),
('Joanne Waelchi', 'gisselle.harber@yahoo.com', NULL, 'd36f287d49cd3ddfbf52b9e039eaf40d4f2a7fde3d3ecb01e1dae41ec384ea4f', '2025-09-12 06:54:00', '2025-09-12 06:54:00'),
('Shannon King-Lebsack', 'carole_hodkiewicz6@hotmail.com', NULL, '3d0d4e260cbdeeb0a7479f68c446fffcaffaeef80b2210cacec325e838ad4395', '2024-10-18 16:09:11', '2024-10-18 16:09:11'),
('Edgar Ullrich', 'rebecca.feeney85@hotmail.com', NULL, '9e9acfcd7d550ceb6dd0291de1d8fc3436fc2b7c0f8cb461ac5dd4d21ad853e0', '2024-01-12 05:56:36', '2024-01-12 05:56:36'),
('Kelly Ankunding', 'junior.powlowski2@yahoo.com', NULL, 'd5f3adafbb02f4b1cc0cc6e013eb2edaccade9c1bdc10dfeddde2a97fe2038b1', '2024-06-28 06:21:07', '2024-06-28 06:21:07'),
('Michelle Ullrich', 'edgardo34@gmail.com', NULL, 'bfad9b38be2ef3e8eaa1daeeb05f065cdb8fffedeeb91eda4eddc8a92ba9dcda', '2024-01-10 08:32:52', '2024-01-10 08:32:52'),
('Miss Mamie Lesch', 'olen_oberbrunner41@yahoo.com', NULL, 'b3923368ab60ccdf39fbed01f6912fa937ad6b342ff956fa4b0cc4a0008e8aee', '2024-07-05 14:06:34', '2024-07-05 14:06:34'),
('Ms. Natalie Robel', 'aylin_bailey@hotmail.com', NULL, 'ccef1b3b0cf1cf34ce3dbff6329495c271edf1d1dec6dcf8ea932fafeb5c5d6d', '2025-07-30 16:10:58', '2025-07-30 16:10:58'),
('Kristie Barton', 'providenci_corkery@hotmail.com', NULL, '2bf5d15ea29e1d39ade3da5bbe0839a14d1bd7ec190cad9efcdad2fca1d5e9ea', '2023-11-30 16:37:56', '2023-11-30 16:37:56'),
('Elbert Cruickshank-Champlin', 'ruthe32@hotmail.com', NULL, 'c8e18faa2aefe6fde8eae23cafffcaedfd69f3adc9074b2b6ea687c5acbf6185', '2022-12-25 18:44:51', '2022-12-25 18:44:51'),
('Lillian Price', 'abbie7@gmail.com', NULL, '3d812f38c5dfbc54479411ddcc0ae73f168f6cdfead41fbcd8d870fe68b311ae', '2025-01-17 13:27:15', '2025-01-17 13:27:15'),
('Javier Hyatt MD', 'kiara41@gmail.com', NULL, '017f3a25090103880ab2bf9bd4d996cf0fb05240cade6c2458c2aec40921bdce', '2023-07-16 19:37:54', '2023-07-16 19:37:54'),
('Dr. Nicholas Hoppe DDS', 'ava73@yahoo.com', NULL, 'f59bbdcbaeabd22df210fddefca0f61ea36b8b446fcec8437e59cfeec1eeca06', '2024-10-11 18:01:00', '2024-10-11 18:01:00'),
('Dr. Hector Koss', 'seth.leffler49@hotmail.com', NULL, '41d6d75b8983b0c7595ddcaa8fdecaf7cdedbaf23bc123368c18a108c69e3e8e', '2024-10-29 19:23:45', '2024-10-29 19:23:45'),
('Brandi O''Kon', 'lelah.rice@yahoo.com', NULL, '31f1f7a02cabfbecf2add05bdeb76bfe4cd4fb9436990d19009cfbf5fc0d0aed', '2025-04-18 06:59:14', '2025-04-18 06:59:14'),
('Paul Brown', 'wilfred.effertz20@hotmail.com', NULL, 'c1dfbf98d8f3e4edb3c25d9e4b282baf203bfecded40f9ab0d6291ce34c7a5a1', '2023-11-01 23:35:11', '2023-11-01 23:35:11'),
('Dr. Joe Wolff V', 'royal37@yahoo.com', NULL, 'bb3cfbaf8ab80668bb14feeda2aedd391d1ecdb7b4ea58ba392f9c3f47ccee5f', '2024-07-03 20:02:20', '2024-07-03 20:02:20'),
('Stanley Herzog', 'elena_wunsch@gmail.com', NULL, 'e0a19c6fa9dfd7a3536c7c2982ba4d4fd197febaefee1aad26d6ccfcdb1765b4', '2025-02-20 04:03:28', '2025-02-20 04:03:28'),
('Tricia Gutmann', 'hanna_mayert16@yahoo.com', NULL, 'fa2bfa8c64e9f9ad692d3bb76938bea1bc1c1c70b9467a51cb593deadde4e68f', '2023-06-08 10:52:27', '2023-06-08 10:52:27'),
('Roderick Carter', 'jameson.walker@hotmail.com', NULL, 'afa2abcca10932d01a769cad8bb58b4771574d3ca1fcb48ceaa8c3ca5d2c9bba', '2024-12-13 13:30:31', '2024-12-13 13:30:31'),
('Tim Treutel', 'mary58@yahoo.com', NULL, 'db9cdcbb7861d3c404fa064fbc2abaca63eaca7bba7b92c2eea69e477f7baa64', '2023-02-27 16:04:36', '2023-02-27 16:04:36');

-- User Follows
INSERT INTO user_follows (user_id, follow_user_id, created_at) VALUES
(16, 47, '2025-06-25 02:58:38'),
(34, 17, '2025-06-25 11:49:42'),
(15, 2, '2025-02-15 13:38:22'),
(22, 4, '2025-10-10 03:27:07'),
(41, 25, '2025-03-11 06:32:04'),
(37, 25, '2025-03-16 21:55:39'),
(17, 45, '2024-03-29 08:39:53'),
(10, 19, '2024-05-16 06:43:41'),
(17, 29, '2025-01-13 16:30:01'),
(49, 6, '2025-02-25 20:02:37'),
(17, 39, '2025-04-13 12:46:28'),
(21, 23, '2024-01-13 01:45:59'),
(18, 26, '2024-09-25 04:05:55'),
(49, 26, '2023-12-29 09:02:59'),
(10, 41, '2025-07-30 23:28:22'),
(9, 4, '2025-08-12 06:15:55'),
(28, 43, '2024-06-21 05:37:10'),
(44, 47, '2025-03-16 02:53:54'),
(34, 50, '2025-06-15 06:35:02'),
(34, 29, '2025-04-02 12:59:02'),
(10, 46, '2025-04-14 00:00:31'),
(49, 45, '2025-07-12 07:39:51'),
(24, 14, '2024-12-17 05:06:51'),
(40, 14, '2024-02-05 07:13:39'),
(12, 35, '2024-04-14 21:56:25'),
(42, 7, '2023-12-30 23:31:01'),
(14, 13, '2024-11-25 00:37:34'),
(36, 5, '2025-06-24 05:29:56'),
(25, 30, '2025-08-11 14:49:14'),
(21, 36, '2024-05-06 15:35:43'),
(13, 47, '2024-05-11 10:47:52'),
(7, 29, '2025-03-21 00:20:17'),
(15, 36, '2024-10-01 10:31:24'),
(10, 22, '2024-01-26 22:50:17'),
(9, 46, '2025-10-06 19:40:35'),
(43, 1, '2024-01-05 02:15:22'),
(14, 3, '2025-06-02 14:39:24'),
(45, 1, '2024-02-13 15:14:01'),
(50, 22, '2024-07-06 06:17:37'),
(28, 37, '2024-04-15 10:36:56'),
(33, 22, '2024-06-22 17:54:44'),
(24, 30, '2025-10-13 10:14:51'),
(36, 8, '2024-10-22 17:09:33'),
(22, 19, '2025-03-06 04:30:28'),
(1, 11, '2024-04-05 21:45:59'),
(16, 17, '2025-06-03 08:50:21'),
(48, 42, '2024-12-28 12:01:36'),
(29, 20, '2025-10-20 11:49:50'),
(2, 25, '2024-04-28 23:22:00'),
(32, 18, '2025-09-25 21:40:26'),
(49, 34, '2025-08-17 16:39:35'),
(50, 46, '2024-12-19 15:25:00'),
(37, 24, '2024-05-18 00:18:17'),
(19, 33, '2025-02-21 05:08:11'),
(14, 44, '2025-03-12 04:25:51'),
(15, 27, '2024-04-06 09:36:04'),
(14, 21, '2024-10-02 11:00:42'),
(40, 33, '2025-08-18 00:41:10'),
(13, 50, '2025-04-05 06:36:41'),
(17, 32, '2024-03-29 17:07:33'),
(49, 20, '2024-07-11 03:13:58'),
(6, 44, '2024-03-07 05:49:03'),
(47, 39, '2024-11-12 22:28:38'),
(15, 9, '2024-07-12 20:38:08'),
(27, 24, '2025-12-02 00:36:27'),
(28, 26, '2025-08-31 20:27:17'),
(30, 41, '2025-04-14 18:43:45'),
(27, 15, '2025-06-01 23:18:11'),
(33, 32, '2025-09-26 09:33:43'),
(6, 37, '2025-10-15 06:47:30'),
(19, 18, '2024-03-05 17:36:29'),
(17, 6, '2024-12-07 18:58:04'),
(10, 47, '2025-01-14 22:01:44'),
(20, 14, '2025-01-04 23:08:35'),
(40, 20, '2025-08-20 15:48:56'),
(39, 36, '2024-01-12 11:35:14'),
(34, 10, '2024-06-05 04:00:45'),
(16, 21, '2025-05-02 07:10:10'),
(45, 41, '2024-01-26 07:06:31'),
(17, 30, '2024-06-01 18:12:35'),
(10, 27, '2025-01-06 04:34:37'),
(37, 21, '2024-08-30 21:50:52'),
(47, 4, '2025-04-21 01:41:29'),
(4, 7, '2025-05-23 04:38:41'),
(39, 20, '2025-08-03 12:32:45'),
(37, 46, '2025-04-12 22:32:43'),
(36, 39, '2024-09-27 13:39:46'),
(8, 43, '2025-06-20 02:25:44'),
(26, 23, '2025-01-02 00:23:44'),
(37, 48, '2025-12-05 18:47:28'),
(20, 17, '2025-11-21 10:01:04'),
(38, 23, '2025-02-06 10:50:25'),
(44, 7, '2025-05-12 10:23:16'),
(32, 11, '2025-08-09 09:52:30'),
(25, 11, '2025-09-27 19:58:08'),
(7, 48, '2025-10-11 15:04:33'),
(50, 3, '2024-05-06 09:18:36'),
(34, 9, '2024-12-21 22:42:22'),
(44, 14, '2025-12-02 07:11:38'),
(21, 6, '2024-10-13 19:21:46');

-- Languages
INSERT INTO languages (id, name, created_at, updated_at) VALUES
(1, 'English', '2025-08-25 04:29:55', '2025-08-25 04:29:55'),
(2, 'Spanish', '2022-02-04 20:24:06', '2022-02-04 20:24:06'),
(3, 'French', '2022-06-14 16:52:27', '2022-06-14 16:52:27'),
(4, 'German', '2024-10-21 15:57:58', '2024-10-21 15:57:58'),
(5, 'Japanese', '2021-03-30 15:22:25', '2021-03-30 15:22:25'),
(6, 'Korean', '2025-06-11 15:11:57', '2025-06-11 15:11:57'),
(7, 'Mandarin', '2025-05-22 18:17:40', '2025-05-22 18:17:40'),
(8, 'Hindi', '2023-11-22 16:15:50', '2023-11-22 16:15:50'),
(9, 'Portuguese', '2025-09-23 16:25:33', '2025-09-23 16:25:33'),
(10, 'Italian', '2023-08-02 16:54:59', '2023-08-02 16:54:59');

-- Countries
INSERT INTO countries (id, name, flag_url) VALUES
(1, 'United States', '/flags/un.png'),
(2, 'United Kingdom', '/flags/un.png'),
(3, 'France', '/flags/fr.png'),
(4, 'Germany', '/flags/ge.png'),
(5, 'Japan', '/flags/ja.png'),
(6, 'South Korea', '/flags/so.png'),
(7, 'China', '/flags/ch.png'),
(8, 'India', '/flags/in.png'),
(9, 'Brazil', '/flags/br.png'),
(10, 'Italy', '/flags/it.png'),
(11, 'Spain', '/flags/sp.png'),
(12, 'Canada', '/flags/ca.png'),
(13, 'Australia', '/flags/au.png'),
(14, 'Mexico', '/flags/me.png'),
(15, 'Russia', '/flags/ru.png'),
(16, 'Netherlands', '/flags/ne.png'),
(17, 'Sweden', '/flags/sw.png'),
(18, 'Norway', '/flags/no.png'),
(19, 'Denmark', '/flags/de.png'),
(20, 'Finland', '/flags/fi.png');

-- Studios
INSERT INTO studios (id, name, bio, created_at, updated_at) VALUES
(1, 'Heaney - Labadie', 'Digitized sustainable service-desk', '2022-07-13 04:30:35', '2022-07-13 04:30:35'),
(2, 'West - Casper', 'Advanced analyzing process improvement', '2022-10-04 23:31:31', '2022-10-04 23:31:31'),
(3, 'Johnston - Wilkinson', 'Networked real-time hierarchy', '2025-09-09 14:34:58', '2025-09-09 14:34:58'),
(4, 'Batz, Pfannerstill and Gusikowski', 'Reactive explicit utilisation', '2025-11-22 08:06:17', '2025-11-22 08:06:17'),
(5, 'Fay - Parker', 'Exclusive discrete collaboration', '2022-03-12 18:44:08', '2022-03-12 18:44:08'),
(6, 'Bartoletti - Green', 'Secured interactive customer loyalty', '2021-06-21 07:34:07', '2021-06-21 07:34:07'),
(7, 'Wilderman, Morar and Anderson', 'Organized tertiary portal', '2021-11-20 00:22:31', '2021-11-20 00:22:31'),
(8, 'Langworth Group', 'Profound holistic approach', '2021-02-22 18:11:01', '2021-02-22 18:11:01'),
(9, 'Douglas, Rice and Okuneva', 'Upgradable full-range pricing structure', '2024-08-17 23:20:39', '2024-08-17 23:20:39'),
(10, 'McGlynn, Sanford and Witting', 'Sharable incremental knowledge base', '2022-02-19 00:19:27', '2022-02-19 00:19:27'),
(11, 'Schmitt, McCullough and Schimmel', 'Compatible data-driven leverage', '2022-03-16 10:34:08', '2022-03-16 10:34:08'),
(12, 'Zieme, Prohaska and Spencer', 'Upgradable client-server collaboration', '2025-10-12 21:50:26', '2025-10-12 21:50:26'),
(13, 'Thiel - Cartwright', 'Self-enabling needs-based hub', '2021-07-04 11:05:08', '2021-07-04 11:05:08'),
(14, 'Yundt - Strosin', 'Innovative needs-based circuit', '2025-05-25 10:00:25', '2025-05-25 10:00:25'),
(15, 'Welch Group', 'Organized neutral attitude', '2022-06-07 14:20:03', '2022-06-07 14:20:03'),
(16, 'O''Reilly LLC', 'Secured asymmetric array', '2022-02-28 09:30:45', '2022-02-28 09:30:45'),
(17, 'Bechtelar, Orn and Waters', 'Managed eco-centric data-warehouse', '2022-04-11 21:52:54', '2022-04-11 21:52:54'),
(18, 'Wisoky - Labadie', 'Multi-tiered holistic strategy', '2024-07-26 03:13:19', '2024-07-26 03:13:19'),
(19, 'Fritsch - Mante', 'Upgradable systemic benchmark', '2022-05-03 03:53:00', '2022-05-03 03:53:00'),
(20, 'Deckow - Veum', 'Grass-roots full-range local area network', '2021-09-08 13:14:50', '2021-09-08 13:14:50'),
(21, 'O''Conner, Reilly and Heidenreich', 'User-centric bottom-line throughput', '2021-01-18 03:33:28', '2021-01-18 03:33:28'),
(22, 'Little LLC', 'Smart resilient flexibility', '2023-07-03 11:47:14', '2023-07-03 11:47:14'),
(23, 'Koss, Casper and Nikolaus', 'Centralized methodical protocol', '2025-07-14 07:20:53', '2025-07-14 07:20:53'),
(24, 'Franecki, Wehner and Stroman', 'Networked methodical generative AI', '2025-03-04 20:04:48', '2025-03-04 20:04:48'),
(25, 'Gerlach - Powlowski', 'Extended value-added alliance', '2023-02-10 11:16:07', '2023-02-10 11:16:07');

-- Movies-Languages
INSERT INTO movies_languages (movie_id, language_id, is_primary, created_at) VALUES
(13549, 9, 1, '2023-07-25 07:26:05'),
(19253, 4, 0, '2025-07-03 00:47:06'),
(15594, 9, 0, '2024-12-04 12:11:30'),
(17815, 6, 0, '2023-02-24 16:47:04'),
(1429, 6, 0, '2025-09-14 10:07:05'),
(8408, 8, 0, '2024-11-29 13:29:04'),
(11966, 10, 1, '2024-12-31 10:36:42'),
(8529, 1, 0, '2025-08-09 16:43:46'),
(18484, 10, 0, '2024-07-30 21:01:50'),
(934, 4, 1, '2025-11-15 00:59:07'),
(5985, 10, 0, '2023-01-07 20:21:25'),
(12909, 9, 0, '2022-12-24 03:27:03'),
(15317, 9, 0, '2024-03-21 23:03:52'),
(8774, 1, 0, '2025-03-24 16:36:48'),
(4490, 5, 0, '2024-04-24 22:56:36'),
(14742, 7, 0, '2024-12-14 03:03:42'),
(19249, 10, 0, '2024-01-06 02:05:06'),
(1760, 10, 0, '2023-07-17 04:36:35'),
(13213, 4, 0, '2023-04-14 14:49:31'),
(12348, 6, 0, '2024-01-04 06:58:18'),
(1808, 3, 0, '2025-11-22 12:03:25'),
(17686, 3, 0, '2025-01-05 04:51:10'),
(11975, 10, 0, '2025-06-08 17:05:47'),
(11128, 4, 0, '2025-06-08 16:16:08'),
(15070, 3, 0, '2023-02-15 17:30:13'),
(19649, 2, 0, '2024-02-09 22:27:26'),
(14369, 9, 0, '2023-05-15 00:10:58'),
(6452, 7, 0, '2023-02-14 02:08:35'),
(5022, 1, 0, '2024-03-25 05:16:18'),
(14559, 5, 1, '2025-06-14 15:06:33'),
(3176, 5, 0, '2023-04-20 20:18:03'),
(2394, 9, 0, '2025-02-04 19:12:12'),
(6652, 10, 0, '2024-09-19 11:57:16'),
(19680, 3, 1, '2023-05-14 11:45:28'),
(18550, 9, 1, '2023-03-11 23:25:58'),
(6608, 7, 1, '2025-06-07 10:57:15'),
(4122, 9, 1, '2024-07-20 09:03:24'),
(10958, 5, 1, '2023-07-30 08:20:20'),
(14844, 3, 1, '2023-06-01 08:15:15'),
(18557, 3, 0, '2025-01-11 01:16:25'),
(5974, 9, 1, '2023-02-26 02:05:15'),
(5376, 4, 0, '2025-11-18 06:37:19'),
(5574, 4, 1, '2023-07-28 11:31:41'),
(13586, 1, 1, '2024-11-25 14:15:00'),
(15630, 1, 0, '2025-01-25 21:47:10'),
(9365, 9, 1, '2024-04-07 03:41:08'),
(16266, 2, 1, '2025-06-25 12:52:06'),
(1458, 1, 0, '2023-07-21 02:02:47'),
(4259, 8, 0, '2023-12-28 03:46:40'),
(8549, 6, 0, '2025-10-11 20:36:33'),
(232, 4, 0, '2024-09-06 08:53:18'),
(235, 1, 0, '2025-10-07 12:30:39'),
(7139, 1, 1, '2025-05-14 09:03:25'),
(17984, 8, 0, '2024-02-12 02:37:30'),
(10730, 1, 0, '2025-10-27 16:23:58'),
(5440, 1, 0, '2024-12-29 08:17:22'),
(468, 8, 0, '2024-01-07 22:21:50'),
(17438, 2, 0, '2023-04-14 09:31:03'),
(2795, 6, 1, '2023-06-21 02:08:10'),
(11803, 4, 1, '2023-07-13 08:34:17'),
(10130, 6, 0, '2023-08-29 22:51:50'),
(17302, 7, 0, '2023-10-06 19:11:02'),
(18088, 4, 0, '2024-07-07 21:37:57'),
(8409, 5, 0, '2024-10-02 09:27:16'),
(10943, 4, 0, '2025-04-14 23:49:05'),
(6645, 3, 0, '2024-01-09 18:03:28'),
(9194, 10, 1, '2023-06-13 06:42:25'),
(2530, 6, 0, '2024-12-20 14:37:24'),
(7563, 5, 1, '2023-02-11 12:32:19'),
(14094, 10, 0, '2024-04-28 08:43:19'),
(6349, 8, 0, '2023-03-07 15:11:12'),
(4108, 6, 1, '2024-06-06 22:51:49'),
(5202, 8, 1, '2025-02-14 21:38:53'),
(3086, 1, 0, '2025-07-09 21:08:17'),
(8584, 7, 1, '2023-09-06 21:20:52'),
(15149, 7, 0, '2022-12-12 13:33:33'),
(18496, 6, 0, '2025-03-13 00:07:55'),
(4234, 3, 0, '2024-06-24 15:21:55'),
(4895, 6, 1, '2024-10-26 14:37:22'),
(7773, 8, 0, '2024-10-19 10:58:27'),
(4306, 7, 1, '2023-02-24 18:45:25'),
(4198, 6, 0, '2024-09-14 12:19:15'),
(8259, 10, 0, '2025-05-16 13:37:23'),
(11999, 7, 0, '2025-08-22 14:43:45'),
(6512, 7, 0, '2023-07-12 01:42:23'),
(7929, 2, 1, '2023-02-21 06:05:28'),
(12364, 7, 1, '2025-02-11 09:38:39'),
(11761, 4, 0, '2024-11-02 11:03:01'),
(6523, 1, 0, '2023-04-22 14:12:45'),
(18451, 1, 0, '2023-03-05 16:37:47'),
(4439, 3, 0, '2024-07-30 23:28:30'),
(7465, 2, 0, '2024-05-05 21:14:43'),
(3148, 9, 0, '2025-11-12 23:58:13'),
(15760, 7, 0, '2023-06-28 17:19:03'),
(4771, 2, 0, '2025-03-07 02:53:49'),
(17202, 1, 0, '2023-06-26 07:20:44'),
(14276, 7, 1, '2023-09-30 17:03:48'),
(19420, 9, 0, '2024-01-01 13:24:45'),
(11189, 6, 0, '2025-02-19 01:19:20'),
(10094, 2, 1, '2024-03-18 23:52:46'),
(12601, 2, 0, '2025-04-07 03:04:39'),
(9363, 8, 0, '2023-11-18 13:37:39'),
(13670, 6, 1, '2025-11-07 01:33:55'),
(9034, 7, 0, '2025-10-15 07:58:48'),
(4532, 6, 0, '2024-12-28 10:23:09'),
(16029, 7, 0, '2024-09-16 19:16:37'),
(8591, 8, 0, '2023-01-18 09:05:44'),
(12383, 2, 0, '2025-05-29 12:06:37'),
(18782, 5, 0, '2024-03-15 10:03:54'),
(12296, 4, 1, '2024-06-11 22:16:37'),
(14820, 5, 1, '2024-04-07 11:20:18'),
(14021, 7, 0, '2025-04-28 15:56:53'),
(17709, 6, 0, '2025-04-16 16:13:41'),
(18821, 6, 1, '2025-07-27 08:17:46'),
(976, 4, 0, '2025-09-04 04:12:22'),
(9904, 3, 0, '2023-03-26 22:13:48'),
(9604, 9, 1, '2025-07-11 00:23:55'),
(8945, 8, 0, '2025-09-11 15:52:36'),
(160, 7, 0, '2025-05-17 07:29:44'),
(487, 10, 0, '2024-02-17 20:30:00'),
(18846, 1, 0, '2023-04-27 09:10:12'),
(7204, 4, 1, '2025-02-05 19:23:52'),
(129, 2, 0, '2025-02-19 07:38:13'),
(2210, 7, 1, '2025-09-24 16:47:45'),
(7634, 4, 0, '2025-06-07 06:16:48'),
(746, 6, 1, '2025-09-03 23:07:33'),
(3749, 9, 1, '2024-08-31 11:02:11'),
(2799, 9, 0, '2024-02-21 12:50:03'),
(15825, 7, 0, '2023-12-19 17:09:41'),
(18344, 3, 0, '2025-06-07 01:18:22'),
(3792, 6, 0, '2025-03-30 04:19:12'),
(18869, 10, 0, '2025-10-14 19:41:12'),
(3876, 7, 0, '2023-09-04 22:57:52'),
(10805, 4, 1, '2023-06-30 02:01:31'),
(2568, 6, 0, '2025-04-20 07:24:18'),
(2916, 3, 0, '2023-12-13 13:37:10'),
(12424, 5, 1, '2025-07-31 21:02:10'),
(3314, 8, 0, '2025-12-07 18:03:13'),
(15736, 4, 0, '2024-03-30 07:20:46'),
(15291, 7, 1, '2024-01-23 09:32:07'),
(1334, 7, 0, '2023-05-07 19:51:39'),
(18605, 4, 0, '2025-09-09 09:21:10'),
(11688, 5, 0, '2024-03-17 16:37:47'),
(2978, 6, 0, '2025-10-06 11:48:39'),
(12702, 5, 1, '2025-03-11 19:43:08'),
(8228, 4, 1, '2025-02-02 04:52:09'),
(1687, 2, 1, '2023-10-22 13:44:51'),
(1193, 7, 1, '2023-07-10 06:11:16'),
(17412, 2, 0, '2024-08-28 16:57:32'),
(5729, 8, 1, '2023-09-06 04:54:45'),
(12411, 6, 1, '2025-12-02 06:09:11'),
(15441, 6, 0, '2025-02-08 13:03:49'),
(1848, 5, 1, '2024-09-28 20:01:07'),
(11206, 4, 0, '2025-09-24 17:25:06'),
(15420, 10, 1, '2023-08-03 04:28:01'),
(11596, 1, 0, '2023-10-18 10:07:58'),
(18536, 1, 0, '2025-05-28 14:06:14'),
(9818, 10, 0, '2023-12-26 10:58:31'),
(9845, 2, 0, '2023-12-04 06:43:09'),
(1488, 4, 0, '2025-04-19 15:11:38'),
(12665, 5, 1, '2023-11-19 06:49:02'),
(2457, 4, 1, '2023-07-14 18:08:32'),
(9001, 5, 0, '2024-02-15 22:08:44'),
(11485, 9, 0, '2025-03-26 06:21:26'),
(6293, 4, 0, '2023-07-20 09:43:21'),
(1742, 3, 0, '2023-11-11 06:39:19'),
(4046, 1, 0, '2023-11-21 13:25:37'),
(9858, 5, 0, '2025-03-27 08:51:43'),
(10194, 3, 0, '2025-02-16 12:58:23'),
(8682, 10, 1, '2023-07-06 23:50:31'),
(8511, 8, 0, '2023-09-09 21:39:59'),
(13804, 3, 0, '2023-02-20 15:30:28'),
(5393, 8, 0, '2023-11-10 08:58:30'),
(13265, 5, 0, '2025-06-26 17:47:36'),
(9348, 4, 0, '2025-08-31 05:12:29'),
(2917, 4, 0, '2024-01-08 13:22:38'),
(11802, 1, 0, '2025-08-09 20:16:29'),
(16146, 3, 0, '2023-03-26 18:19:19'),
(930, 1, 0, '2024-10-12 09:24:32'),
(5572, 9, 1, '2025-03-09 06:13:16'),
(69, 10, 1, '2023-09-09 21:03:51'),
(582, 9, 1, '2024-11-21 09:39:26'),
(9416, 8, 0, '2023-06-16 16:27:01'),
(8412, 7, 1, '2024-02-13 03:45:24'),
(9989, 4, 0, '2024-10-07 20:15:38'),
(2651, 4, 1, '2023-05-05 00:46:12'),
(3639, 8, 0, '2024-12-26 08:16:52'),
(14091, 3, 0, '2025-06-05 16:54:23'),
(764, 7, 0, '2024-03-18 00:53:51'),
(10930, 8, 0, '2024-01-29 11:09:08'),
(15800, 3, 1, '2025-07-23 11:23:35'),
(16503, 10, 1, '2022-12-24 04:59:15'),
(5616, 4, 1, '2024-02-02 10:23:24'),
(9143, 6, 0, '2023-11-28 18:57:03'),
(7089, 6, 0, '2023-09-13 03:27:26'),
(2148, 2, 0, '2023-08-03 10:04:24'),
(16294, 1, 0, '2023-10-16 09:19:09'),
(18159, 3, 0, '2024-07-07 03:04:34'),
(13270, 8, 0, '2023-05-25 13:40:13'),
(18863, 5, 0, '2022-12-20 15:33:33');

-- Movies-Studios
INSERT INTO movies_studios (movie_id, studio_id, created_at) VALUES
(11279, 3, '2025-03-13 14:51:36'),
(5821, 10, '2023-08-26 09:21:01'),
(10992, 13, '2023-07-16 20:45:06'),
(19151, 11, '2024-01-24 19:55:16'),
(3235, 6, '2022-12-12 19:31:45'),
(4110, 11, '2025-08-03 16:36:37'),
(7346, 20, '2024-07-26 13:38:16'),
(3342, 10, '2023-06-20 21:36:26'),
(14585, 14, '2025-03-29 15:12:37'),
(17031, 1, '2023-01-07 04:11:45'),
(6952, 23, '2022-12-24 03:09:58'),
(19340, 5, '2024-06-19 14:48:54'),
(19534, 1, '2024-12-26 10:49:38'),
(15135, 14, '2025-09-12 15:38:21'),
(7271, 20, '2023-02-09 18:04:04'),
(11408, 4, '2023-09-16 13:39:13'),
(16965, 15, '2023-04-01 10:29:11'),
(15386, 14, '2024-11-11 16:58:07'),
(10962, 1, '2025-09-23 02:18:39'),
(8606, 6, '2023-10-13 19:16:19'),
(5632, 12, '2025-10-26 12:47:18'),
(17263, 18, '2025-03-24 17:19:10'),
(10006, 14, '2023-04-25 18:02:27'),
(10266, 19, '2024-05-24 13:26:44'),
(8013, 17, '2024-05-06 21:52:35'),
(3192, 10, '2023-06-12 23:00:04'),
(13725, 15, '2024-07-27 09:08:56'),
(3286, 17, '2023-12-02 16:59:47'),
(11846, 5, '2025-11-03 08:21:56'),
(11276, 7, '2025-03-22 08:15:35'),
(12336, 9, '2024-04-09 04:23:33'),
(15498, 16, '2024-09-07 09:09:40'),
(6470, 6, '2022-12-27 04:06:05'),
(5309, 3, '2024-06-07 19:24:10'),
(2523, 3, '2023-12-08 23:51:52'),
(10783, 19, '2023-12-13 07:39:57'),
(9329, 16, '2024-09-04 17:33:22'),
(18612, 22, '2023-10-21 00:06:51'),
(1076, 18, '2025-08-26 00:26:11'),
(19292, 8, '2025-05-24 01:22:21'),
(16319, 2, '2023-02-11 08:52:47'),
(10345, 14, '2024-02-21 02:15:11'),
(6026, 14, '2024-09-22 09:41:02'),
(16165, 11, '2024-09-08 00:39:01'),
(6035, 9, '2024-10-14 10:17:46'),
(11039, 5, '2023-10-20 08:20:44'),
(8493, 3, '2025-01-31 05:45:11'),
(10071, 5, '2025-07-05 08:05:50'),
(4750, 22, '2024-06-08 08:24:43'),
(2229, 16, '2023-08-13 07:45:31'),
(19318, 13, '2025-04-28 04:33:39'),
(5920, 25, '2024-06-13 17:43:41'),
(15498, 18, '2025-09-15 06:31:31'),
(185, 7, '2023-08-31 16:09:27'),
(6922, 15, '2024-07-13 04:56:15'),
(7572, 11, '2025-12-04 21:49:38'),
(11405, 12, '2024-11-16 14:01:54'),
(728, 1, '2025-06-22 23:31:06'),
(5579, 20, '2025-02-28 13:46:06'),
(4085, 9, '2023-10-16 17:11:41'),
(8703, 10, '2023-12-02 09:09:02'),
(12273, 23, '2025-07-28 09:43:27'),
(18052, 3, '2024-03-05 01:09:19'),
(12884, 10, '2023-05-17 23:53:57'),
(16233, 22, '2024-02-02 14:43:19'),
(13885, 5, '2025-02-14 08:18:44'),
(5051, 7, '2025-06-29 00:23:38'),
(1934, 16, '2025-05-18 21:34:08'),
(112, 21, '2023-03-30 15:20:10'),
(6317, 10, '2023-10-23 20:30:27'),
(8964, 10, '2023-11-18 06:17:47'),
(11307, 11, '2023-11-10 11:02:18'),
(12284, 8, '2025-08-06 05:17:46'),
(14259, 9, '2025-08-03 22:28:29'),
(6405, 16, '2023-04-18 14:37:17'),
(17237, 23, '2025-07-31 02:47:35'),
(10911, 23, '2025-06-17 02:05:18'),
(7497, 19, '2023-02-07 11:49:14'),
(6266, 22, '2025-10-13 06:05:10'),
(12821, 10, '2023-06-19 04:45:14'),
(12185, 12, '2023-06-02 10:13:35'),
(870, 16, '2023-04-26 03:29:35'),
(19735, 22, '2023-01-28 05:20:47'),
(4657, 15, '2023-12-24 16:21:21'),
(10056, 7, '2025-07-14 16:44:48'),
(8261, 20, '2023-02-13 19:01:45'),
(4371, 22, '2025-03-05 07:36:39'),
(89, 17, '2025-09-17 22:30:30'),
(13984, 6, '2024-09-01 06:49:28'),
(2403, 6, '2024-05-05 23:45:07'),
(17557, 12, '2024-01-25 22:24:52'),
(6073, 17, '2024-01-26 23:27:16'),
(5859, 1, '2023-01-06 03:07:39'),
(16686, 22, '2023-03-26 19:50:53'),
(2316, 20, '2025-07-13 11:23:07'),
(18627, 13, '2025-03-03 11:36:36'),
(4337, 8, '2025-02-26 06:37:11'),
(11080, 24, '2025-07-03 16:15:33'),
(10208, 7, '2025-06-06 23:41:39'),
(15052, 5, '2025-08-16 23:15:51'),
(16445, 5, '2023-12-19 04:01:38'),
(16594, 4, '2024-11-03 09:01:05'),
(17077, 11, '2024-12-04 09:16:01'),
(8701, 14, '2025-08-23 10:23:53'),
(3375, 6, '2023-02-21 12:42:55'),
(1867, 5, '2024-03-11 05:35:10'),
(4426, 9, '2024-05-05 21:39:51'),
(12622, 17, '2024-11-30 19:02:36'),
(5562, 22, '2025-10-12 08:39:41'),
(5098, 2, '2023-09-21 16:01:31'),
(8498, 11, '2023-02-09 16:39:10'),
(7256, 22, '2022-12-16 01:41:31'),
(377, 7, '2024-09-10 05:43:48'),
(15956, 2, '2025-09-03 08:34:56'),
(6149, 14, '2023-07-02 12:22:41'),
(11082, 17, '2024-05-04 13:33:32'),
(8520, 22, '2023-04-03 10:53:04'),
(11167, 11, '2023-12-03 19:28:43'),
(8395, 6, '2025-07-26 20:00:43'),
(145, 19, '2025-09-14 14:55:16'),
(7585, 8, '2024-04-20 03:34:59'),
(13817, 6, '2025-04-29 09:33:11'),
(473, 9, '2025-01-03 03:07:51'),
(91, 19, '2023-07-29 02:54:12'),
(374, 13, '2024-12-14 09:18:24'),
(12700, 13, '2025-10-30 21:39:04'),
(17811, 6, '2023-05-02 19:31:58'),
(180, 8, '2025-01-08 12:05:56'),
(5951, 17, '2025-11-18 15:24:32'),
(18853, 18, '2024-05-08 11:02:36'),
(4315, 3, '2023-12-06 19:34:33'),
(18461, 22, '2023-05-26 12:40:08'),
(1271, 19, '2025-10-16 10:22:40'),
(7063, 11, '2023-04-02 08:50:12'),
(15307, 3, '2025-02-04 11:56:33'),
(3421, 23, '2025-05-01 19:29:12'),
(8004, 25, '2025-04-06 19:48:32'),
(13988, 10, '2023-04-20 08:16:29'),
(2601, 21, '2024-04-20 23:31:03'),
(17703, 3, '2023-05-10 13:40:27'),
(7325, 3, '2024-10-22 18:39:33'),
(13677, 6, '2025-01-09 21:42:37'),
(10436, 5, '2025-03-28 16:53:47'),
(18831, 12, '2024-12-08 16:15:35'),
(6460, 20, '2024-11-22 06:00:15'),
(12237, 13, '2025-08-26 17:49:52'),
(8341, 7, '2023-05-13 21:10:44'),
(13777, 21, '2022-12-22 16:18:28'),
(17400, 12, '2025-11-05 07:44:51'),
(13747, 9, '2024-11-22 19:49:01'),
(2463, 10, '2024-06-29 03:29:39'),
(922, 17, '2024-09-21 21:06:01'),
(12414, 1, '2023-07-04 05:48:56'),
(7695, 14, '2023-12-07 11:50:20'),
(15699, 19, '2023-05-29 00:02:55'),
(525, 19, '2025-07-07 17:02:03'),
(10833, 12, '2025-01-20 02:01:38'),
(15006, 10, '2023-06-22 13:01:05'),
(13149, 11, '2023-10-27 06:26:27'),
(1207, 1, '2025-10-03 19:09:44'),
(17575, 2, '2023-10-03 21:43:25'),
(11881, 13, '2025-09-18 14:35:22'),
(2286, 8, '2023-06-05 22:07:22'),
(11412, 12, '2025-01-07 13:39:32'),
(15742, 10, '2025-04-16 16:53:37'),
(17938, 4, '2024-09-07 15:39:21'),
(4681, 22, '2024-11-29 11:04:20'),
(8284, 10, '2024-04-03 19:14:34'),
(4386, 23, '2025-10-31 22:30:54'),
(14469, 18, '2023-09-29 00:14:50'),
(1233, 10, '2024-10-14 06:33:50'),
(568, 4, '2023-01-26 05:41:40'),
(19189, 4, '2024-06-29 23:03:54'),
(16164, 17, '2024-04-03 02:14:04'),
(17660, 2, '2025-11-01 11:43:59'),
(15066, 1, '2025-11-26 20:21:27'),
(2929, 18, '2025-02-26 10:00:44'),
(4606, 15, '2024-03-24 23:24:33'),
(15035, 23, '2024-09-14 17:36:18'),
(1906, 7, '2024-03-23 21:06:36'),
(17946, 23, '2025-04-14 04:06:36'),
(16688, 2, '2025-09-10 06:02:36'),
(9860, 10, '2025-01-27 06:43:37'),
(12887, 11, '2023-03-23 13:30:41'),
(8186, 3, '2024-04-12 00:37:50'),
(5180, 19, '2024-09-09 10:04:51'),
(3296, 23, '2024-07-19 04:03:59'),
(7764, 6, '2025-09-03 05:25:47'),
(17250, 4, '2023-10-15 14:33:05'),
(17680, 3, '2023-01-06 23:09:04'),
(18101, 23, '2025-03-25 15:17:10'),
(1762, 15, '2025-02-03 18:55:21'),
(13201, 23, '2024-11-19 15:12:55'),
(5233, 20, '2023-09-25 20:35:23'),
(18724, 1, '2024-05-09 13:03:24'),
(11689, 15, '2023-08-12 20:10:38'),
(8113, 3, '2025-05-13 22:32:30'),
(14407, 5, '2023-10-12 20:07:53'),
(6979, 12, '2023-06-17 14:19:28'),
(5481, 9, '2023-04-26 23:50:08');

-- Events
INSERT INTO events (id, name, date, created_at, updated_at) VALUES
(1, 'Venice Film Festival 2010', '2022-12-12', '2025-06-30 15:36:42', '2025-06-30 15:36:42'),
(2, 'Tribeca Film Festival 2011', '2016-01-09', '2025-08-17 02:29:59', '2025-08-17 02:29:59'),
(3, 'Sundance Film Festival 2012', '2015-12-26', '2023-03-30 21:30:53', '2023-03-30 21:30:53'),
(4, 'Sundance Film Festival 2013', '2021-10-05', '2025-09-15 06:18:43', '2025-09-15 06:18:43'),
(5, 'Berlin Film Festival 2014', '2022-03-08', '2021-06-07 00:39:30', '2021-06-07 00:39:30'),
(6, 'Venice Film Festival 2015', '2018-01-06', '2022-04-22 06:16:22', '2022-04-22 06:16:22'),
(7, 'Tribeca Film Festival 2016', '2016-07-27', '2024-07-28 13:20:29', '2024-07-28 13:20:29'),
(8, 'Tribeca Film Festival 2017', '2018-04-14', '2025-09-01 21:25:56', '2025-09-01 21:25:56'),
(9, 'Tribeca Film Festival 2018', '2024-06-09', '2021-11-10 08:43:07', '2021-11-10 08:43:07'),
(10, 'Tribeca Film Festival 2019', '2020-02-24', '2022-12-27 19:20:56', '2022-12-27 19:20:56'),
(11, 'Berlin Film Festival 2020', '2021-09-16', '2021-01-25 04:31:59', '2021-01-25 04:31:59'),
(12, 'Berlin Film Festival 2021', '2025-02-10', '2021-07-08 05:39:48', '2021-07-08 05:39:48'),
(13, 'Sundance Film Festival 2022', '2020-08-31', '2025-08-10 01:03:59', '2025-08-10 01:03:59'),
(14, 'Venice Film Festival 2023', '2019-07-23', '2021-09-02 03:21:02', '2021-09-02 03:21:02'),
(15, 'Venice Film Festival 2024', '2020-09-10', '2025-11-11 00:44:01', '2025-11-11 00:44:01'),
(16, 'Cannes Film Festival 2010', '2016-07-05', '2021-04-12 08:55:56', '2021-04-12 08:55:56'),
(17, 'Cannes Film Festival 2011', '2021-05-30', '2025-01-18 16:27:21', '2025-01-18 16:27:21'),
(18, 'Sundance Film Festival 2012', '2021-06-08', '2023-09-01 09:15:12', '2023-09-01 09:15:12'),
(19, 'Tribeca Film Festival 2013', '2017-04-29', '2022-11-30 19:10:33', '2022-11-30 19:10:33'),
(20, 'Tribeca Film Festival 2014', '2025-09-28', '2022-05-30 22:47:52', '2022-05-30 22:47:52');

-- Releases
INSERT INTO releases (id, name, date, release_type, event_id, country_id, created_at, updated_at) VALUES
(1, 'The Long & Winding Road Release', '2015-11-15', 'festival', NULL, 4, '2023-03-21 00:37:20', '2023-03-21 00:37:20'),
(2, 'Love Hangover Release', '2011-04-04', 'dvd', 14, 1, '2025-03-17 03:15:23', '2025-03-17 03:15:23'),
(3, 'Cry Like a Baby Release', '2014-08-19', 'digital', 3, 8, '2024-11-22 05:53:57', '2024-11-22 05:53:57'),
(4, 'Private Eyes Release', '2009-07-10', 'dvd', NULL, 2, '2025-10-05 02:04:53', '2025-10-05 02:04:53'),
(5, 'I''m a Believer Release', '2022-07-23', 'festival', NULL, 12, '2022-12-26 11:55:57', '2022-12-26 11:55:57'),
(6, 'I Can''t Help Myself (Sugar Pie, Honey Bu Release', '2023-06-04', 'dvd', 15, 4, '2025-06-03 06:46:34', '2025-06-03 06:46:34'),
(7, 'Daydream Believer Release', '2020-01-19', 'digital', NULL, 6, '2024-01-15 03:16:16', '2024-01-15 03:16:16'),
(8, 'God Bless the Child Release', '2008-04-04', 'dvd', 15, 7, '2023-05-19 16:33:47', '2023-05-19 16:33:47'),
(9, 'On My Own Release', '2022-06-02', 'theatrical', NULL, 11, '2023-11-24 18:45:11', '2023-11-24 18:45:11'),
(10, 'The Tide is High Release', '2018-01-28', 'digital', 12, 19, '2025-08-02 03:41:14', '2025-08-02 03:41:14'),
(11, 'Temperature Release', '2014-10-11', 'digital', NULL, 19, '2024-01-14 03:44:15', '2024-01-14 03:44:15'),
(12, 'Baby Got Back Release', '2009-09-30', 'festival', 2, 3, '2024-03-01 01:19:30', '2024-03-01 01:19:30'),
(13, 'I Feel For You Release', '2016-10-15', 'festival', NULL, 18, '2023-02-23 09:19:02', '2023-02-23 09:19:02'),
(14, '(Your Love Keeps Lifting Me) Higher & Hi Release', '2024-09-29', 'dvd', NULL, 16, '2025-10-10 19:02:49', '2025-10-10 19:02:49'),
(15, 'Wipe Out Release', '2013-08-13', 'dvd', 17, 15, '2024-04-01 14:42:38', '2024-04-01 14:42:38'),
(16, 'The Prisoner''s Song Release', '2016-04-18', 'theatrical', 19, 8, '2024-06-26 09:22:36', '2024-06-26 09:22:36'),
(17, 'All I Have to Do is Dream Release', '2017-05-06', 'festival', 15, 6, '2025-06-12 06:29:58', '2025-06-12 06:29:58'),
(18, 'Stairway to Heaven Release', '2021-10-27', 'theatrical', NULL, 6, '2024-12-16 14:02:27', '2024-12-16 14:02:27'),
(19, 'Band of Gold Release', '2015-06-06', 'digital', NULL, 17, '2024-12-29 02:06:07', '2024-12-29 02:06:07'),
(20, 'Un-Break My Heart Release', '2011-12-19', 'dvd', NULL, 6, '2023-07-08 08:17:54', '2023-07-08 08:17:54'),
(21, 'Baby Love Release', '2013-09-17', 'festival', NULL, 2, '2023-03-16 05:13:54', '2023-03-16 05:13:54'),
(22, 'Hey Jude Release', '2012-02-13', 'dvd', NULL, 6, '2024-02-19 18:52:57', '2024-02-19 18:52:57'),
(23, 'One More Try Release', '2020-03-14', 'festival', NULL, 15, '2024-08-27 05:00:39', '2024-08-27 05:00:39'),
(24, 'Crazy Release', '2017-02-20', 'theatrical', 19, 12, '2024-12-22 05:13:16', '2024-12-22 05:13:16'),
(25, 'Baby Baby Release', '2013-02-23', 'digital', NULL, 3, '2025-02-06 14:41:34', '2025-02-06 14:41:34'),
(26, 'All Along the Watchtower Release', '2019-01-13', 'festival', NULL, 3, '2023-05-03 16:03:06', '2023-05-03 16:03:06'),
(27, 'Shadow Dancing Release', '2008-10-01', 'festival', 8, 6, '2024-02-01 03:13:57', '2024-02-01 03:13:57'),
(28, 'If You Leave Me Now Release', '2020-05-26', 'digital', 5, 5, '2025-10-21 18:25:05', '2025-10-21 18:25:05'),
(29, 'Because You Loved Me Release', '2018-12-13', 'festival', NULL, 14, '2025-04-28 23:12:27', '2025-04-28 23:12:27'),
(30, 'Fly Robin Fly Release', '2010-01-23', 'theatrical', NULL, 8, '2023-05-22 11:53:18', '2023-05-22 11:53:18'),
(31, 'Queen of Hearts Release', '2015-03-14', 'festival', NULL, 10, '2022-12-27 11:57:56', '2022-12-27 11:57:56'),
(32, 'Do Ya Think I''m Sexy? Release', '2024-07-16', 'festival', NULL, 13, '2023-04-15 13:14:14', '2023-04-15 13:14:14'),
(33, 'The Christmas Song (Chestnuts Roasting O Release', '2019-03-12', 'dvd', NULL, 6, '2025-05-27 19:22:51', '2025-05-27 19:22:51'),
(34, 'Spanish Harlem Release', '2018-08-28', 'theatrical', NULL, 16, '2024-11-11 14:08:44', '2024-11-11 14:08:44'),
(35, 'Lose Yourself Release', '2014-04-24', 'dvd', 7, 10, '2024-11-30 21:28:51', '2024-11-30 21:28:51'),
(36, 'She Drives Me Crazy Release', '2015-08-18', 'digital', 18, 5, '2023-11-22 19:48:22', '2023-11-22 19:48:22'),
(37, 'Gimme Some Lovin'' Release', '2025-01-15', 'dvd', 14, 12, '2025-10-07 07:17:04', '2025-10-07 07:17:04'),
(38, 'Louie Louie Release', '2019-02-10', 'digital', 11, 3, '2023-09-21 16:38:56', '2023-09-21 16:38:56'),
(39, 'Get Back Release', '2024-07-12', 'digital', NULL, 20, '2023-10-21 22:34:01', '2023-10-21 22:34:01'),
(40, 'Un-Break My Heart Release', '2015-06-19', 'digital', NULL, 15, '2024-02-22 06:02:43', '2024-02-22 06:02:43'),
(41, 'Moonlight Cocktail Release', '2009-09-15', 'festival', 15, 5, '2023-12-09 02:15:57', '2023-12-09 02:15:57'),
(42, 'Are You Lonesome Tonight? Release', '2023-11-09', 'festival', NULL, 14, '2024-01-21 20:14:57', '2024-01-21 20:14:57'),
(43, 'Ticket to Ride Release', '2019-12-21', 'festival', NULL, 7, '2024-01-02 23:39:37', '2024-01-02 23:39:37'),
(44, 'Too Close Release', '2020-08-16', 'dvd', NULL, 18, '2023-07-13 11:45:55', '2023-07-13 11:45:55'),
(45, 'Hot Child In The City Release', '2025-04-22', 'digital', NULL, 9, '2024-09-07 21:06:42', '2024-09-07 21:06:42'),
(46, 'Kiss On My List Release', '2024-02-16', 'theatrical', 12, 14, '2023-07-21 12:33:21', '2023-07-21 12:33:21'),
(47, 'Love Letters in the Sand Release', '2006-05-13', 'dvd', NULL, 10, '2024-11-05 17:55:37', '2024-11-05 17:55:37'),
(48, 'Venus Release', '2007-07-05', 'digital', 11, 3, '2024-05-21 14:23:10', '2024-05-21 14:23:10'),
(49, 'Near You Release', '2007-11-07', 'digital', NULL, 11, '2025-03-08 03:57:37', '2025-03-08 03:57:37'),
(50, 'Lola Release', '2024-02-13', 'digital', NULL, 5, '2025-01-03 21:34:54', '2025-01-03 21:34:54'),
(51, 'We Got The Beat Release', '2017-04-16', 'digital', NULL, 13, '2023-09-29 02:42:27', '2023-09-29 02:42:27'),
(52, 'Always On My Mind Release', '2018-05-04', 'festival', NULL, 3, '2025-05-05 00:43:19', '2025-05-05 00:43:19'),
(53, 'Help! Release', '2022-02-16', 'digital', NULL, 4, '2023-05-22 17:42:09', '2023-05-22 17:42:09'),
(54, 'Don''t Let the Sun Go Down On Me Release', '2022-10-25', 'digital', NULL, 5, '2023-08-18 13:51:13', '2023-08-18 13:51:13'),
(55, 'Physical Release', '2014-02-01', 'digital', 16, 16, '2025-08-23 15:07:02', '2025-08-23 15:07:02'),
(56, 'Something Release', '2014-12-16', 'festival', NULL, 5, '2023-06-29 05:44:45', '2023-06-29 05:44:45'),
(57, 'Paint it Black Release', '2017-06-07', 'festival', NULL, 16, '2022-12-14 15:53:27', '2022-12-14 15:53:27'),
(58, 'Secret Love Release', '2022-01-03', 'dvd', 16, 9, '2023-12-10 16:29:26', '2023-12-10 16:29:26'),
(59, 'Money For Nothing Release', '2024-09-07', 'dvd', NULL, 6, '2024-07-22 17:43:24', '2024-07-22 17:43:24'),
(60, 'Celebration Release', '2017-07-13', 'digital', NULL, 9, '2024-08-18 22:13:57', '2024-08-18 22:13:57'),
(61, 'Mickey Release', '2006-06-08', 'festival', NULL, 15, '2023-02-16 08:23:31', '2023-02-16 08:23:31'),
(62, 'Incense & Peppermints Release', '2019-01-05', 'theatrical', NULL, 10, '2023-02-01 16:21:58', '2023-02-01 16:21:58'),
(63, 'Baby Baby Release', '2016-02-18', 'festival', 3, 20, '2024-05-20 12:29:34', '2024-05-20 12:29:34'),
(64, 'How Deep is Your Love? Release', '2023-11-08', 'digital', NULL, 12, '2024-05-27 08:31:22', '2024-05-27 08:31:22'),
(65, 'Centerfold Release', '2009-09-24', 'dvd', 2, 7, '2023-01-08 07:59:44', '2023-01-08 07:59:44'),
(66, 'Mr Brightside Release', '2014-11-16', 'theatrical', NULL, 2, '2024-09-02 11:05:40', '2024-09-02 11:05:40'),
(67, 'Wild Wild West Release', '2015-08-02', 'festival', NULL, 7, '2025-05-07 12:44:57', '2025-05-07 12:44:57'),
(68, '50 Ways to Leave Your Lover Release', '2023-09-15', 'festival', NULL, 14, '2022-12-20 05:29:30', '2022-12-20 05:29:30'),
(69, 'Love Child Release', '2012-10-27', 'digital', NULL, 19, '2025-07-19 19:09:10', '2025-07-19 19:09:10'),
(70, 'A Thousand Miles Release', '2014-02-07', 'digital', NULL, 15, '2023-11-20 12:29:51', '2023-11-20 12:29:51'),
(71, 'Are You Lonesome Tonight? Release', '2024-09-21', 'digital', NULL, 4, '2022-12-28 23:36:50', '2022-12-28 23:36:50'),
(72, 'Duke of Earl Release', '2019-01-14', 'theatrical', NULL, 3, '2024-05-07 06:15:48', '2024-05-07 06:15:48'),
(73, 'Take Me Home, Country Roads Release', '2010-08-05', 'theatrical', NULL, 5, '2025-05-20 13:10:59', '2025-05-20 13:10:59'),
(74, 'I Got You Babe Release', '2006-02-14', 'dvd', NULL, 13, '2024-01-19 12:22:22', '2024-01-19 12:22:22'),
(75, 'Fast Car Release', '2019-03-25', 'theatrical', NULL, 2, '2024-10-14 21:20:58', '2024-10-14 21:20:58'),
(76, 'We Didn''t Start the Fire Release', '2011-03-02', 'dvd', NULL, 2, '2024-11-11 06:26:00', '2024-11-11 06:26:00'),
(77, 'My Sharona Release', '2024-03-22', 'dvd', 10, 2, '2023-05-02 14:22:11', '2023-05-02 14:22:11'),
(78, 'Make it With You Release', '2009-06-14', 'festival', 2, 14, '2024-08-20 05:26:57', '2024-08-20 05:26:57'),
(79, 'She''s a Lady Release', '2012-04-07', 'dvd', NULL, 17, '2024-12-09 19:54:56', '2024-12-09 19:54:56'),
(80, 'Somebody to Love Release', '2014-04-20', 'theatrical', NULL, 18, '2024-05-14 11:56:56', '2024-05-14 11:56:56'),
(81, 'I Just Wanna Be Your Everything Release', '2013-06-05', 'festival', NULL, 2, '2023-11-28 09:59:37', '2023-11-28 09:59:37'),
(82, 'Live & Let Die Release', '2021-06-28', 'theatrical', 14, 9, '2024-11-30 18:23:49', '2024-11-30 18:23:49'),
(83, 'Auf Wiederseh''n Sweetheart Release', '2014-05-13', 'digital', 10, 10, '2023-09-01 04:35:04', '2023-09-01 04:35:04'),
(84, 'I Kissed A Girl Release', '2018-12-17', 'dvd', NULL, 12, '2023-12-31 23:16:32', '2023-12-31 23:16:32'),
(85, 'The Way You Move Release', '2012-02-02', 'theatrical', NULL, 3, '2025-11-11 10:27:43', '2025-11-11 10:27:43'),
(86, 'Breaking Up is Hard to Do Release', '2011-03-05', 'dvd', 17, 1, '2023-11-24 22:45:55', '2023-11-24 22:45:55'),
(87, 'Let''s Hear it For the Boy Release', '2020-11-22', 'digital', NULL, 7, '2023-08-12 11:41:49', '2023-08-12 11:41:49'),
(88, 'Another One Bites the Dust Release', '2021-01-03', 'festival', 16, 12, '2024-04-02 13:27:59', '2024-04-02 13:27:59'),
(89, 'Bad Girls Release', '2011-05-05', 'dvd', NULL, 11, '2024-12-07 00:53:09', '2024-12-07 00:53:09'),
(90, 'Do Wah Diddy Diddy Release', '2024-05-21', 'dvd', 8, 17, '2025-04-06 02:57:26', '2025-04-06 02:57:26'),
(91, 'Bad Romance Release', '2006-08-17', 'festival', NULL, 2, '2022-12-19 21:00:25', '2022-12-19 21:00:25'),
(92, 'Kiss Me Release', '2023-06-18', 'theatrical', 16, 13, '2023-08-15 01:50:10', '2023-08-15 01:50:10'),
(93, 'Walk This Way Release', '2011-07-29', 'festival', 14, 1, '2025-12-03 06:27:21', '2025-12-03 06:27:21'),
(94, 'Gypsies, Tramps & Thieves Release', '2020-08-08', 'dvd', NULL, 9, '2025-01-01 18:34:55', '2025-01-01 18:34:55'),
(95, '50 Ways to Leave Your Lover Release', '2015-07-10', 'dvd', NULL, 8, '2024-08-06 09:38:04', '2024-08-06 09:38:04'),
(96, 'Come On-a My House Release', '2007-03-07', 'dvd', NULL, 1, '2025-06-21 02:37:51', '2025-06-21 02:37:51'),
(97, 'Body & Soul Release', '2014-07-10', 'festival', NULL, 17, '2023-03-20 20:17:12', '2023-03-20 20:17:12'),
(98, '(Everything I Do) I Do it For You Release', '2017-02-28', 'dvd', NULL, 8, '2023-06-06 00:31:57', '2023-06-06 00:31:57'),
(99, 'Because You Loved Me Release', '2010-08-12', 'dvd', NULL, 3, '2023-01-03 09:51:44', '2023-01-03 09:51:44'),
(100, 'When Doves Cry Release', '2011-04-26', 'dvd', NULL, 1, '2025-10-19 05:10:22', '2025-10-19 05:10:22');

-- Movies-Releases
INSERT INTO movies_releases (movie_id, release_id, created_at) VALUES
(4917, 53, '2024-06-24 21:11:48'),
(3352, 35, '2025-10-29 08:17:29'),
(290, 13, '2025-09-08 18:31:36'),
(632, 10, '2025-01-17 15:54:40'),
(811, 68, '2025-09-27 01:01:36'),
(6568, 85, '2025-06-13 16:28:52'),
(5817, 43, '2024-07-25 15:19:56'),
(15979, 72, '2025-04-27 17:43:55'),
(6113, 77, '2023-07-18 06:02:05'),
(4045, 53, '2024-09-27 00:52:04'),
(1106, 28, '2025-08-19 05:32:54'),
(2965, 14, '2025-03-28 07:17:14'),
(5422, 65, '2023-12-27 05:24:35'),
(9140, 47, '2023-11-05 01:45:59'),
(18420, 19, '2024-12-13 12:13:12'),
(15132, 78, '2023-07-11 18:57:26'),
(16892, 52, '2023-07-04 02:43:13'),
(14888, 41, '2025-01-10 07:40:15'),
(16303, 88, '2025-05-17 09:22:56'),
(6664, 93, '2024-09-30 16:25:27'),
(10901, 77, '2024-07-21 06:47:30'),
(7024, 2, '2023-01-05 13:10:14'),
(7657, 97, '2025-06-22 15:04:46'),
(11210, 99, '2023-10-17 17:51:04'),
(9323, 31, '2023-01-30 11:42:46'),
(16977, 83, '2025-02-26 07:56:31'),
(5979, 72, '2024-11-09 06:58:08'),
(15601, 49, '2025-09-23 20:59:54'),
(6246, 56, '2023-04-18 22:55:26'),
(6069, 37, '2025-06-25 02:15:25'),
(15521, 86, '2024-02-29 15:58:45'),
(6402, 43, '2023-03-28 00:56:10'),
(9697, 42, '2023-03-06 04:57:26'),
(4113, 14, '2025-10-05 00:12:37'),
(3018, 45, '2023-07-08 13:59:39'),
(11306, 44, '2024-08-04 13:33:25'),
(1424, 8, '2025-01-10 16:49:52'),
(1387, 40, '2025-08-18 00:46:57'),
(5752, 48, '2023-04-30 10:05:41'),
(4353, 62, '2023-06-14 07:45:35'),
(6936, 23, '2025-01-11 15:16:05'),
(16651, 3, '2024-01-06 00:04:53'),
(2023, 41, '2023-12-12 04:09:04'),
(6764, 58, '2024-03-13 05:52:10'),
(791, 7, '2023-10-14 07:13:29'),
(8027, 48, '2025-08-07 09:57:46'),
(16203, 9, '2023-07-22 06:31:31'),
(14045, 54, '2024-02-12 03:31:42'),
(16696, 34, '2024-04-02 03:11:26'),
(17052, 98, '2024-03-12 11:04:29'),
(18276, 79, '2025-11-23 00:13:40'),
(14819, 72, '2025-11-17 07:28:48'),
(10095, 57, '2025-07-20 04:57:18'),
(1667, 50, '2023-10-03 17:34:41'),
(14096, 64, '2024-02-13 14:30:43'),
(16532, 45, '2025-10-15 06:08:56'),
(9793, 76, '2024-05-16 16:13:19'),
(16884, 31, '2024-02-04 22:50:42'),
(18573, 50, '2025-11-12 12:39:07'),
(5791, 86, '2024-12-13 00:40:01'),
(8497, 67, '2025-02-13 18:30:11'),
(5925, 69, '2025-07-26 23:06:32'),
(1854, 41, '2023-02-10 22:57:03'),
(11420, 3, '2025-01-29 06:22:32'),
(14257, 48, '2025-07-08 02:28:59'),
(6938, 93, '2025-05-25 10:55:14'),
(9074, 26, '2025-02-01 07:20:14'),
(8420, 86, '2025-10-16 16:38:16'),
(19376, 44, '2023-10-01 23:49:19'),
(13206, 67, '2024-12-22 04:43:54'),
(13517, 22, '2023-10-10 13:48:13'),
(11385, 70, '2024-01-15 18:35:12'),
(4421, 4, '2022-12-26 15:50:55'),
(7343, 40, '2025-04-22 04:29:28'),
(7586, 4, '2023-12-06 15:57:06'),
(8253, 22, '2024-12-03 06:32:56'),
(15432, 18, '2025-10-17 03:57:57'),
(2283, 1, '2024-05-13 01:43:22'),
(6161, 4, '2023-03-17 10:56:40'),
(1168, 41, '2024-11-30 23:40:08'),
(14111, 17, '2024-09-13 07:48:04'),
(19239, 6, '2023-10-28 11:03:02'),
(9058, 33, '2025-05-12 16:58:33'),
(4508, 26, '2023-08-15 21:41:37'),
(2719, 16, '2023-01-06 04:07:14'),
(16500, 56, '2023-04-18 13:04:13'),
(6101, 72, '2024-01-18 20:45:46'),
(17840, 15, '2025-02-05 15:14:04'),
(3715, 73, '2024-01-30 13:38:21'),
(13625, 3, '2024-10-27 00:13:50'),
(11875, 97, '2025-01-29 16:56:33'),
(4157, 74, '2024-06-25 00:07:39'),
(15863, 14, '2025-01-13 18:32:27'),
(51, 17, '2025-07-25 09:39:38'),
(12446, 21, '2023-03-18 23:22:38'),
(3661, 52, '2024-04-15 11:17:58'),
(4946, 86, '2023-05-17 22:16:28'),
(6506, 90, '2023-12-16 10:51:15'),
(15530, 12, '2023-01-04 04:37:19'),
(8397, 43, '2024-08-14 12:00:34'),
(11509, 2, '2024-06-16 14:50:48'),
(11392, 90, '2024-11-27 20:07:52'),
(11098, 53, '2023-02-27 02:06:37'),
(16561, 1, '2025-08-20 17:19:03'),
(9392, 58, '2025-09-24 02:42:58'),
(8458, 74, '2023-07-25 11:02:02'),
(14234, 80, '2025-08-01 04:10:08'),
(659, 5, '2024-09-03 20:22:40'),
(335, 6, '2025-05-23 18:52:15'),
(15654, 50, '2025-10-16 09:22:09'),
(13557, 23, '2024-04-02 04:22:07'),
(13876, 58, '2025-09-30 10:52:46'),
(1771, 62, '2024-07-24 08:36:54'),
(8050, 15, '2025-05-01 00:39:19'),
(2402, 83, '2023-08-28 05:12:32'),
(19490, 100, '2024-12-02 11:41:25'),
(8587, 46, '2023-01-24 10:04:03'),
(12232, 20, '2025-10-28 10:45:40'),
(3744, 30, '2025-01-17 05:59:08'),
(9540, 2, '2025-01-11 00:21:50'),
(7513, 100, '2025-02-27 04:49:18'),
(11473, 8, '2023-07-02 16:30:27'),
(83, 67, '2025-11-01 14:56:03'),
(5810, 66, '2024-11-03 05:44:16'),
(17215, 28, '2023-05-10 21:58:32'),
(1042, 68, '2023-03-11 06:16:54'),
(7150, 44, '2025-10-01 16:24:01'),
(8953, 68, '2023-09-26 21:24:25'),
(305, 11, '2025-03-12 22:16:09'),
(1516, 56, '2024-02-01 18:42:01'),
(14587, 80, '2023-09-11 17:52:52'),
(1323, 26, '2024-07-29 16:49:59'),
(9068, 73, '2023-08-21 22:13:41'),
(8643, 64, '2023-07-13 19:47:39'),
(1185, 64, '2024-07-16 16:09:08'),
(6509, 92, '2024-02-14 19:09:12'),
(9893, 51, '2024-04-13 01:21:04'),
(7107, 28, '2024-08-22 01:41:01'),
(8845, 52, '2024-09-13 18:10:48'),
(5347, 18, '2023-10-10 06:36:50'),
(15234, 16, '2024-05-27 06:50:35'),
(9938, 69, '2024-05-15 05:39:09'),
(16779, 45, '2023-08-09 13:43:54'),
(4338, 95, '2023-05-14 07:56:16'),
(4756, 71, '2023-06-19 14:51:38'),
(14923, 79, '2023-02-28 00:47:06'),
(13991, 68, '2023-12-17 09:19:16'),
(4129, 66, '2025-06-26 12:30:36'),
(8500, 35, '2025-07-30 02:20:32'),
(15319, 59, '2024-12-06 01:15:58');

-- Tags
INSERT INTO tags (id, name, created_at, updated_at) VALUES
(1, 'Favorites', '2023-01-10 16:10:40', '2023-01-10 16:10:40'),
(2, 'Must Watch', '2025-05-28 11:16:17', '2025-05-28 11:16:17'),
(3, 'Award Winners', '2024-07-21 17:42:16', '2024-07-21 17:42:16'),
(4, 'Hidden Gems', '2024-01-06 05:19:06', '2024-01-06 05:19:06'),
(5, 'Classic', '2024-07-07 04:04:07', '2024-07-07 04:04:07'),
(6, 'Underrated', '2024-11-15 20:00:42', '2024-11-15 20:00:42'),
(7, 'Overrated', '2025-08-06 17:22:52', '2025-08-06 17:22:52'),
(8, 'Feel Good', '2023-03-18 17:43:10', '2023-03-18 17:43:10'),
(9, 'Mind Bending', '2024-02-18 01:24:39', '2024-02-18 01:24:39'),
(10, 'Tearjerker', '2025-01-30 04:12:23', '2025-01-30 04:12:23'),
(11, 'Date Night', '2024-03-05 10:44:22', '2024-03-05 10:44:22'),
(12, 'Family Friendly', '2023-07-30 17:18:34', '2023-07-30 17:18:34'),
(13, 'Guilty Pleasure', '2025-11-25 16:10:45', '2025-11-25 16:10:45'),
(14, 'Cult Classic', '2023-11-08 12:57:08', '2023-11-08 12:57:08'),
(15, 'Foreign Films', '2025-02-08 19:28:32', '2025-02-08 19:28:32'),
(16, 'Indie', '2024-11-23 20:48:22', '2024-11-23 20:48:22'),
(17, 'Blockbuster', '2025-10-13 08:05:11', '2025-10-13 08:05:11'),
(18, 'Slow Burn', '2025-04-09 20:52:54', '2025-04-09 20:52:54'),
(19, 'Fast Paced', '2024-11-30 23:15:03', '2024-11-30 23:15:03'),
(20, 'Visually Stunning', '2024-12-11 07:53:16', '2024-12-11 07:53:16'),
(21, 'Great Soundtrack', '2024-10-08 15:50:27', '2024-10-08 15:50:27'),
(22, 'Plot Twist', '2024-01-05 00:33:04', '2024-01-05 00:33:04'),
(23, 'Based on True Story', '2024-05-15 00:47:30', '2024-05-15 00:47:30'),
(24, 'Book Adaptation', '2025-10-07 09:25:10', '2025-10-07 09:25:10'),
(25, 'Remake', '2024-01-14 00:01:18', '2024-01-14 00:01:18'),
(26, 'Sequel', '2024-08-07 19:37:45', '2024-08-07 19:37:45'),
(27, 'Prequel', '2025-08-05 07:05:35', '2025-08-05 07:05:35'),
(28, 'Anthology', '2024-09-18 23:47:58', '2024-09-18 23:47:58'),
(29, 'Short Films', '2024-04-24 16:28:05', '2024-04-24 16:28:05'),
(30, 'Silent Films', '2024-01-19 17:48:30', '2024-01-19 17:48:30');

-- Movie Lists
INSERT INTO movie_lists (id, name, is_watch_list, is_private, user_id, created_at, updated_at) VALUES
(1, 'votum traho vigor', 1, 0, 20, '2025-01-14 14:51:31', '2025-01-14 14:51:31'),
(2, 'depulso dicta versus', 0, 0, 10, '2025-07-26 02:24:24', '2025-07-26 02:24:24'),
(3, 'valetudo ustilo dolore', 1, 0, 11, '2024-03-17 05:17:47', '2024-03-17 05:17:47'),
(4, 'tres abduco sordeo', 0, 1, 20, '2024-05-06 14:14:18', '2024-05-06 14:14:18'),
(5, 'vigor debitis via', 1, 1, 4, '2024-01-30 14:16:33', '2024-01-30 14:16:33'),
(6, 'spiritus ea eligendi', 0, 0, 13, '2023-12-28 09:29:23', '2023-12-28 09:29:23'),
(7, 'civis tepidus tamdiu', 0, 1, 39, '2024-01-16 20:50:52', '2024-01-16 20:50:52'),
(8, 'derideo turpis copia', 0, 0, 15, '2024-04-15 07:16:44', '2024-04-15 07:16:44'),
(9, 'sto possimus defaeco', 0, 1, 1, '2024-02-26 01:29:27', '2024-02-26 01:29:27'),
(10, 'maxime supra caritas', 0, 0, 49, '2025-01-24 01:29:15', '2025-01-24 01:29:15'),
(11, 'subvenio delectus tumultus', 0, 0, 36, '2024-11-19 09:04:25', '2024-11-19 09:04:25'),
(12, 'carbo est volutabrum', 0, 0, 50, '2025-11-08 22:18:05', '2025-11-08 22:18:05'),
(13, 'creo adfectus creber', 0, 0, 4, '2024-04-09 05:56:47', '2024-04-09 05:56:47'),
(14, 'nisi baiulus tollo', 0, 0, 23, '2024-06-05 08:48:53', '2024-06-05 08:48:53'),
(15, 'sursum contra color', 1, 0, 22, '2025-07-02 05:15:10', '2025-07-02 05:15:10'),
(16, 'vere arto ultra', 0, 1, 23, '2024-04-23 09:47:50', '2024-04-23 09:47:50'),
(17, 'cognomen absens considero', 0, 0, 35, '2024-11-25 07:09:08', '2024-11-25 07:09:08'),
(18, 'curo volup utilis', 0, 0, 44, '2024-11-12 01:12:15', '2024-11-12 01:12:15'),
(19, 'summopere adsuesco suscipit', 0, 0, 4, '2025-05-19 13:50:31', '2025-05-19 13:50:31'),
(20, 'eveniet ater architecto', 0, 1, 19, '2024-10-28 00:09:47', '2024-10-28 00:09:47'),
(21, 'conqueror uberrime trucido', 1, 0, 5, '2025-01-30 09:39:00', '2025-01-30 09:39:00'),
(22, 'clarus circumvenio alo', 0, 0, 5, '2025-07-14 12:32:25', '2025-07-14 12:32:25'),
(23, 'addo conicio desolo', 1, 0, 13, '2025-06-29 13:43:44', '2025-06-29 13:43:44'),
(24, 'vindico verto creta', 0, 0, 11, '2024-03-04 15:48:13', '2024-03-04 15:48:13'),
(25, 'calamitas torrens alius', 0, 0, 34, '2024-06-18 10:10:46', '2024-06-18 10:10:46'),
(26, 'delibero tergiversatio bos', 0, 0, 8, '2024-10-01 18:03:59', '2024-10-01 18:03:59'),
(27, 'umerus doloremque incidunt', 0, 0, 37, '2025-02-05 07:28:18', '2025-02-05 07:28:18'),
(28, 'usus torrens tersus', 0, 1, 15, '2023-12-09 11:53:52', '2023-12-09 11:53:52'),
(29, 'ter amoveo depono', 0, 0, 7, '2024-08-31 12:14:34', '2024-08-31 12:14:34'),
(30, 'tremo cruciamentum bos', 0, 0, 33, '2024-07-01 21:02:58', '2024-07-01 21:02:58'),
(31, 'xiphias defluo vapulus', 1, 0, 14, '2023-12-09 14:10:36', '2023-12-09 14:10:36'),
(32, 'antiquus certus pariatur', 0, 0, 42, '2025-02-24 12:40:28', '2025-02-24 12:40:28'),
(33, 'demonstro arbitro audentia', 0, 0, 20, '2024-01-31 10:37:32', '2024-01-31 10:37:32'),
(34, 'cedo vestrum speciosus', 0, 0, 36, '2024-04-01 11:31:45', '2024-04-01 11:31:45'),
(35, 'victus vicissitudo vigor', 0, 1, 35, '2025-05-15 10:48:28', '2025-05-15 10:48:28'),
(36, 'acerbitas desparatus cimentarius', 0, 0, 19, '2025-04-04 15:18:38', '2025-04-04 15:18:38'),
(37, 'beatus bis inventore', 0, 0, 30, '2025-11-07 18:47:55', '2025-11-07 18:47:55'),
(38, 'deserunt quis inventore', 0, 0, 40, '2023-12-14 08:01:32', '2023-12-14 08:01:32'),
(39, 'vorago curatio adipisci', 1, 1, 6, '2025-07-23 10:21:48', '2025-07-23 10:21:48'),
(40, 'acceptus commodi artificiose', 1, 0, 31, '2024-07-09 15:32:54', '2024-07-09 15:32:54'),
(41, 'subito via angulus', 0, 0, 42, '2025-10-29 13:56:29', '2025-10-29 13:56:29'),
(42, 'curis officiis aestus', 1, 0, 49, '2024-10-26 01:03:21', '2024-10-26 01:03:21'),
(43, 'desparatus delego temporibus', 0, 0, 26, '2025-03-21 22:27:15', '2025-03-21 22:27:15'),
(44, 'ventito censura crastinus', 0, 0, 16, '2024-08-29 08:47:00', '2024-08-29 08:47:00'),
(45, 'titulus aveho vesper', 1, 0, 48, '2025-09-19 07:05:21', '2025-09-19 07:05:21'),
(46, 'auditor demo decipio', 0, 1, 3, '2025-06-10 08:25:54', '2025-06-10 08:25:54'),
(47, 'cervus iusto adamo', 0, 1, 11, '2024-04-27 09:37:55', '2024-04-27 09:37:55'),
(48, 'delectatio crapula adsuesco', 1, 0, 49, '2024-10-30 18:11:16', '2024-10-30 18:11:16'),
(49, 'crebro titulus tamen', 0, 0, 40, '2024-11-18 15:50:29', '2024-11-18 15:50:29'),
(50, 'sonitus demoror terreo', 0, 1, 1, '2024-01-06 09:18:59', '2024-01-06 09:18:59'),
(51, 'voro crastinus vociferor', 0, 0, 7, '2025-01-22 05:39:32', '2025-01-22 05:39:32'),
(52, 'contabesco ullus amo', 0, 0, 29, '2025-09-18 19:59:25', '2025-09-18 19:59:25'),
(53, 'sordeo comburo similique', 1, 0, 17, '2024-04-12 03:36:17', '2024-04-12 03:36:17'),
(54, 'versus sublime solvo', 0, 0, 8, '2023-12-20 13:02:52', '2023-12-20 13:02:52'),
(55, 'demitto alo deputo', 0, 0, 18, '2025-06-02 11:25:08', '2025-06-02 11:25:08'),
(56, 'desipio decor tabella', 0, 0, 7, '2025-01-11 18:54:40', '2025-01-11 18:54:40'),
(57, 'usitas ager creptio', 0, 0, 33, '2024-01-16 22:19:59', '2024-01-16 22:19:59'),
(58, 'voco absorbeo velum', 0, 0, 2, '2024-04-09 13:33:32', '2024-04-09 13:33:32'),
(59, 'possimus temperantia tabesco', 1, 0, 40, '2024-03-30 01:01:11', '2024-03-30 01:01:11'),
(60, 'subiungo cinis vel', 1, 0, 42, '2024-02-16 01:01:49', '2024-02-16 01:01:49'),
(61, 'bellum temperantia adinventitias', 0, 0, 47, '2025-12-07 11:27:04', '2025-12-07 11:27:04'),
(62, 'vita comburo amor', 0, 0, 3, '2024-01-30 10:29:13', '2024-01-30 10:29:13'),
(63, 'acsi vix acervus', 1, 1, 30, '2025-10-16 23:08:45', '2025-10-16 23:08:45'),
(64, 'speciosus decretum eum', 1, 0, 15, '2024-11-19 14:35:55', '2024-11-19 14:35:55'),
(65, 'spes incidunt aspicio', 0, 0, 33, '2025-07-31 04:35:02', '2025-07-31 04:35:02'),
(66, 'a reprehenderit auxilium', 0, 1, 47, '2025-05-09 11:35:28', '2025-05-09 11:35:28'),
(67, 'ascit talus ustilo', 0, 0, 40, '2025-01-19 23:26:03', '2025-01-19 23:26:03'),
(68, 'centum clamo utrum', 0, 0, 24, '2025-04-07 15:50:46', '2025-04-07 15:50:46'),
(69, 'vir asper cena', 0, 0, 14, '2025-04-15 13:08:08', '2025-04-15 13:08:08'),
(70, 'cariosus curtus stipes', 1, 0, 10, '2024-12-29 09:52:54', '2024-12-29 09:52:54'),
(71, 'vorago torqueo creta', 1, 0, 15, '2025-10-24 03:53:04', '2025-10-24 03:53:04'),
(72, 'sperno desparatus volup', 0, 0, 21, '2024-11-07 12:49:17', '2024-11-07 12:49:17'),
(73, 'ventosus vesper sumptus', 0, 0, 6, '2024-07-27 15:18:51', '2024-07-27 15:18:51'),
(74, 'apto coruscus bellum', 0, 0, 13, '2025-04-10 22:02:00', '2025-04-10 22:02:00'),
(75, 'adeptio deorsum tabella', 0, 0, 37, '2024-10-06 07:36:42', '2024-10-06 07:36:42'),
(76, 'conventus suadeo suscipit', 1, 0, 37, '2025-05-19 01:42:31', '2025-05-19 01:42:31'),
(77, 'thalassinus pax aetas', 0, 0, 28, '2024-12-26 13:27:55', '2024-12-26 13:27:55'),
(78, 'colo tollo venio', 0, 0, 35, '2024-10-05 10:48:48', '2024-10-05 10:48:48'),
(79, 'solutio adficio tendo', 1, 1, 7, '2025-04-20 09:20:04', '2025-04-20 09:20:04'),
(80, 'vorax copiose aperiam', 0, 0, 1, '2025-01-06 19:14:03', '2025-01-06 19:14:03'),
(81, 'cimentarius comedo adsum', 0, 1, 20, '2024-03-19 16:48:55', '2024-03-19 16:48:55'),
(82, 'vigilo adfectus reprehenderit', 1, 0, 22, '2024-07-19 21:15:51', '2024-07-19 21:15:51'),
(83, 'tergo abbas colo', 1, 1, 7, '2024-06-17 21:50:41', '2024-06-17 21:50:41'),
(84, 'velit atrocitas conturbo', 0, 0, 47, '2024-07-07 20:37:13', '2024-07-07 20:37:13'),
(85, 'dolores sequi deleo', 1, 0, 35, '2025-04-25 15:00:35', '2025-04-25 15:00:35'),
(86, 'voluptate decimus deprecator', 1, 0, 5, '2025-07-14 17:19:56', '2025-07-14 17:19:56'),
(87, 'conspergo sortitus suspendo', 0, 0, 3, '2024-09-19 16:55:12', '2024-09-19 16:55:12'),
(88, 'administratio coniuratio culpo', 0, 0, 50, '2024-10-11 06:21:47', '2024-10-11 06:21:47'),
(89, 'argumentum adduco vinitor', 1, 1, 29, '2025-09-18 13:25:42', '2025-09-18 13:25:42'),
(90, 'acervus at amoveo', 0, 0, 20, '2023-12-12 19:30:42', '2023-12-12 19:30:42'),
(91, 'tracto nemo tenus', 0, 1, 5, '2024-12-21 21:39:16', '2024-12-21 21:39:16'),
(92, 'studio vinculum adulatio', 0, 0, 22, '2024-05-30 15:25:01', '2024-05-30 15:25:01'),
(93, 'tener ustilo decipio', 1, 0, 28, '2024-11-11 09:26:23', '2024-11-11 09:26:23'),
(94, 'terror odit autem', 0, 0, 20, '2024-05-24 08:40:45', '2024-05-24 08:40:45'),
(95, 'ab utilis acer', 0, 0, 36, '2024-03-18 19:31:23', '2024-03-18 19:31:23'),
(96, 'delectus caute timor', 1, 0, 19, '2025-04-28 16:45:18', '2025-04-28 16:45:18'),
(97, 'urbanus delego beatae', 0, 0, 13, '2025-05-27 16:17:28', '2025-05-27 16:17:28'),
(98, 'nobis avaritia calculus', 0, 0, 6, '2025-08-30 04:53:59', '2025-08-30 04:53:59'),
(99, 'substantia sophismata cornu', 0, 0, 2, '2025-09-03 02:40:33', '2025-09-03 02:40:33'),
(100, 'vestrum amor subito', 1, 1, 36, '2024-02-03 04:49:52', '2024-02-03 04:49:52');

-- Movie Lists-Movies
INSERT INTO movie_lists_movies (movie_list_id, movie_id, created_at) VALUES
(36, 11136, '2024-07-18 19:22:09'),
(14, 7035, '2024-03-20 00:55:01'),
(87, 8199, '2024-06-15 06:09:44'),
(18, 11713, '2025-03-06 04:05:01'),
(80, 7198, '2024-11-07 13:42:55'),
(96, 17453, '2024-10-18 09:22:26'),
(69, 4139, '2025-01-08 00:09:22'),
(25, 2322, '2024-10-28 14:29:20'),
(35, 8731, '2025-02-27 00:32:33'),
(72, 1217, '2024-11-04 09:56:51'),
(41, 8511, '2024-06-18 06:18:09'),
(25, 7053, '2024-11-27 20:11:43'),
(61, 13332, '2024-09-20 18:35:41'),
(7, 18820, '2025-08-28 14:16:34'),
(77, 15773, '2024-01-04 20:52:19'),
(92, 550, '2025-02-28 03:40:11'),
(34, 2995, '2024-06-06 23:08:04'),
(21, 8390, '2025-03-11 14:54:37'),
(49, 5883, '2024-06-30 09:22:53'),
(42, 3872, '2025-10-07 12:12:13'),
(81, 14656, '2025-05-26 01:37:29'),
(79, 3660, '2024-01-02 20:06:14'),
(61, 12492, '2024-02-24 22:14:02'),
(18, 6520, '2025-01-13 08:11:39'),
(9, 19177, '2024-07-19 04:05:01'),
(73, 4194, '2024-07-11 19:17:10'),
(79, 16332, '2024-11-01 11:48:47'),
(77, 438, '2025-04-12 14:04:40'),
(84, 6346, '2025-02-09 01:45:55'),
(90, 8481, '2024-10-11 21:39:56'),
(20, 5406, '2025-10-09 10:44:49'),
(41, 5432, '2024-05-03 14:41:20'),
(64, 5013, '2025-12-07 07:05:49'),
(30, 92, '2025-11-07 16:35:16'),
(22, 12269, '2025-08-23 23:26:47'),
(80, 6245, '2024-05-01 16:59:23'),
(56, 10677, '2025-06-20 10:23:39'),
(93, 8869, '2025-01-14 07:07:35'),
(1, 5859, '2025-10-19 12:10:48'),
(6, 18328, '2024-02-17 14:42:45'),
(28, 15594, '2025-10-03 02:16:31'),
(32, 2072, '2025-01-13 22:37:13'),
(88, 16567, '2024-12-21 05:11:15'),
(52, 3215, '2025-08-04 09:43:55'),
(89, 3775, '2024-04-27 13:23:00'),
(19, 18233, '2024-11-09 17:56:06'),
(40, 16680, '2025-05-05 16:24:04'),
(49, 2270, '2025-01-12 08:05:02'),
(21, 4641, '2024-11-18 03:13:26'),
(20, 6420, '2025-09-24 00:03:18'),
(78, 13213, '2025-10-12 13:15:55'),
(38, 19524, '2024-02-07 23:52:45'),
(60, 18306, '2025-11-22 09:39:13'),
(87, 8921, '2024-01-21 08:34:45'),
(31, 16391, '2025-05-08 04:51:24'),
(29, 3243, '2024-11-13 01:36:17'),
(11, 10089, '2025-02-18 13:56:58'),
(58, 16052, '2025-08-12 08:05:26'),
(83, 460, '2024-01-24 17:15:18'),
(81, 7464, '2025-07-20 22:02:11'),
(14, 9190, '2024-02-08 11:28:29'),
(5, 8714, '2023-12-20 14:26:31'),
(7, 5883, '2024-05-02 09:37:09'),
(78, 8157, '2023-12-09 10:19:51'),
(10, 13444, '2024-08-24 12:14:26'),
(81, 8235, '2024-05-01 16:13:41'),
(14, 17498, '2024-03-21 06:40:48'),
(92, 3582, '2025-09-01 23:10:54'),
(77, 11427, '2023-12-28 05:00:32'),
(25, 16476, '2025-08-30 07:23:49'),
(1, 15964, '2024-01-19 00:36:12'),
(85, 15410, '2024-01-22 03:18:11'),
(12, 15268, '2025-10-07 14:02:52'),
(32, 8178, '2025-05-27 11:52:56'),
(24, 4127, '2024-04-15 07:45:48'),
(58, 1608, '2025-05-22 09:46:02'),
(50, 8748, '2024-09-06 10:05:28'),
(70, 10615, '2025-01-10 06:20:43'),
(76, 15857, '2025-07-07 07:20:03'),
(17, 6844, '2025-02-26 17:42:37'),
(66, 2914, '2024-05-03 13:55:47'),
(43, 6962, '2025-12-01 07:36:00'),
(19, 18666, '2024-03-24 11:54:23'),
(92, 14847, '2024-12-30 05:39:05'),
(53, 7556, '2025-02-05 08:28:55'),
(42, 14186, '2025-04-03 23:04:10'),
(50, 11567, '2025-08-30 09:12:29'),
(11, 10380, '2025-11-02 15:58:19'),
(56, 10074, '2025-04-23 16:25:47'),
(100, 17506, '2024-06-14 17:46:21'),
(13, 13266, '2024-11-09 01:07:40'),
(2, 16409, '2025-11-24 12:53:49'),
(47, 3180, '2025-02-18 07:22:26'),
(33, 18011, '2025-06-24 00:25:41'),
(70, 3120, '2025-10-30 03:05:27'),
(87, 18132, '2025-03-20 02:07:50'),
(32, 2235, '2024-11-09 14:51:28'),
(40, 12475, '2024-06-08 15:53:55'),
(26, 9011, '2024-03-24 08:15:09'),
(13, 9392, '2024-05-26 01:13:48'),
(39, 2476, '2025-10-21 01:49:08'),
(66, 15825, '2025-09-12 07:03:59'),
(85, 3037, '2024-02-01 02:17:44'),
(38, 6036, '2024-10-01 00:27:03'),
(83, 8704, '2025-02-07 08:22:16'),
(19, 15536, '2024-10-21 09:40:33'),
(63, 16945, '2024-01-11 12:45:36'),
(71, 3828, '2024-01-31 23:51:43'),
(48, 10163, '2025-08-26 14:12:15'),
(34, 18961, '2025-05-27 01:38:52'),
(9, 13171, '2025-04-17 03:50:46'),
(14, 19695, '2025-09-19 09:48:09'),
(36, 14268, '2025-04-10 06:02:57'),
(27, 3992, '2025-07-13 13:21:38'),
(22, 11276, '2025-01-15 23:24:01'),
(30, 8864, '2024-10-07 02:29:24'),
(43, 6280, '2024-08-13 02:02:14'),
(45, 8697, '2024-05-04 18:32:56'),
(8, 2959, '2023-12-18 22:33:24'),
(91, 4935, '2024-08-26 16:03:45'),
(30, 852, '2024-05-30 14:39:16'),
(94, 4237, '2025-06-04 06:42:55'),
(49, 2295, '2024-10-07 01:02:41'),
(45, 5650, '2025-08-26 01:04:01'),
(89, 17590, '2025-02-22 00:23:38'),
(66, 14766, '2024-11-03 20:27:52'),
(44, 1221, '2025-04-27 16:29:08'),
(96, 15470, '2024-08-08 04:13:51'),
(59, 1428, '2024-12-19 14:51:02'),
(58, 13572, '2025-11-28 03:58:25'),
(44, 9137, '2024-06-30 11:06:30'),
(39, 4468, '2024-03-04 18:34:24'),
(81, 18717, '2024-11-23 20:36:19'),
(68, 2619, '2025-11-09 06:20:35'),
(87, 7403, '2025-02-16 21:49:41'),
(72, 9371, '2025-10-09 05:11:05'),
(75, 5190, '2025-02-17 08:23:33'),
(52, 8478, '2025-04-29 11:41:51'),
(54, 18326, '2025-09-26 10:34:47'),
(27, 11780, '2025-04-21 08:01:18'),
(96, 1986, '2025-11-03 23:19:42'),
(23, 16220, '2025-04-23 08:27:47'),
(72, 4695, '2024-02-19 02:00:37'),
(92, 12455, '2025-11-02 17:45:51'),
(48, 19068, '2025-04-30 10:33:26'),
(57, 17120, '2024-08-03 09:12:13'),
(10, 17490, '2024-07-30 01:18:51'),
(72, 6320, '2023-12-27 09:47:21'),
(88, 14625, '2024-12-07 08:24:53'),
(57, 6136, '2025-01-14 04:56:48'),
(34, 5986, '2024-10-10 17:10:25'),
(21, 17523, '2025-12-02 17:58:55'),
(10, 8919, '2025-04-08 15:02:29'),
(94, 14730, '2025-06-28 08:58:32'),
(75, 4448, '2025-07-18 21:48:12'),
(77, 13646, '2024-04-16 06:01:35'),
(47, 15819, '2024-02-18 20:43:08'),
(77, 8079, '2024-12-12 04:09:39'),
(100, 8905, '2025-05-11 04:41:41'),
(96, 10051, '2025-04-08 23:07:17'),
(48, 9370, '2025-09-21 05:45:58'),
(77, 19586, '2025-06-04 22:42:59'),
(40, 11192, '2025-07-18 18:47:50'),
(73, 3879, '2023-12-11 04:55:47'),
(53, 44, '2025-02-18 03:44:41'),
(60, 7320, '2025-04-27 15:42:01'),
(14, 2958, '2025-10-07 09:43:31'),
(52, 17555, '2024-12-27 05:09:41'),
(8, 12852, '2025-03-21 08:05:29'),
(65, 6129, '2024-02-13 21:28:59'),
(69, 18422, '2025-08-07 07:16:07'),
(43, 7470, '2024-03-03 14:10:14'),
(23, 6384, '2025-07-20 17:32:00'),
(33, 12137, '2025-11-19 14:46:50'),
(26, 10735, '2024-10-15 06:53:04'),
(85, 11581, '2024-04-04 03:41:49'),
(23, 729, '2024-06-11 22:04:13'),
(64, 14718, '2025-06-13 19:02:49'),
(52, 9964, '2025-06-27 12:18:07'),
(66, 15485, '2025-04-17 06:01:26'),
(77, 14704, '2025-11-08 20:55:37'),
(74, 1649, '2024-08-04 21:32:32'),
(92, 14208, '2023-12-15 02:58:15'),
(54, 8410, '2024-12-20 14:09:03'),
(27, 13137, '2025-02-11 10:29:18'),
(97, 6507, '2024-01-18 23:05:36'),
(100, 14840, '2025-04-14 19:28:08'),
(35, 8007, '2024-09-10 12:47:25'),
(67, 3514, '2025-04-04 06:58:03'),
(33, 12597, '2025-07-02 21:06:19'),
(36, 2941, '2025-02-24 21:26:58'),
(47, 15663, '2024-01-21 01:27:49'),
(71, 6947, '2024-08-07 03:06:44'),
(95, 7051, '2024-08-11 07:48:29'),
(45, 10575, '2024-05-25 11:56:50'),
(27, 18167, '2024-06-14 08:54:15'),
(45, 10990, '2024-01-19 11:55:37'),
(32, 1981, '2025-07-28 15:57:55'),
(10, 12377, '2025-10-05 12:37:29'),
(37, 9086, '2024-04-26 15:51:21'),
(50, 6100, '2024-07-03 01:49:41'),
(5, 4603, '2025-01-06 17:01:29'),
(75, 15947, '2024-10-26 08:21:59'),
(59, 19228, '2024-01-16 02:23:51'),
(59, 15518, '2024-01-28 04:04:48'),
(24, 14357, '2024-10-03 05:27:37'),
(94, 9909, '2024-07-18 14:16:41'),
(24, 12191, '2025-01-04 18:10:05'),
(76, 5047, '2024-05-14 02:34:06'),
(29, 3203, '2025-01-26 15:59:24'),
(58, 4338, '2024-01-24 04:04:12'),
(56, 1154, '2025-05-15 05:54:38'),
(75, 7134, '2025-05-30 04:31:00'),
(10, 5481, '2025-06-02 23:18:57'),
(100, 2186, '2024-11-19 12:58:22'),
(38, 9867, '2025-04-26 20:34:46'),
(97, 16941, '2024-03-22 17:40:23'),
(98, 6302, '2025-07-31 22:16:35'),
(33, 12382, '2025-04-10 12:08:09'),
(77, 14295, '2024-03-20 05:58:44'),
(9, 5687, '2025-12-04 17:39:48'),
(68, 4162, '2024-06-06 00:12:43'),
(6, 3620, '2025-04-29 16:04:59'),
(62, 3991, '2025-07-12 20:21:02'),
(58, 18411, '2024-01-11 01:55:23'),
(20, 13268, '2025-01-25 09:17:10'),
(47, 2921, '2025-06-06 05:07:43'),
(59, 12735, '2024-06-14 11:09:36'),
(78, 6274, '2023-12-18 20:53:56'),
(57, 15960, '2024-09-18 17:35:08'),
(23, 17019, '2025-09-02 15:07:20'),
(71, 2346, '2025-02-27 20:02:30'),
(88, 4507, '2024-12-28 01:47:13'),
(48, 2533, '2025-05-06 19:42:52'),
(87, 12227, '2024-04-08 06:10:36'),
(81, 10014, '2025-02-11 07:08:58'),
(19, 17002, '2024-06-04 06:22:39'),
(6, 18731, '2024-03-27 04:06:39'),
(11, 10691, '2024-10-24 17:42:55'),
(71, 13078, '2025-09-28 00:24:20'),
(91, 234, '2025-09-12 07:05:35'),
(41, 10051, '2024-07-28 01:29:58'),
(17, 289, '2025-01-27 01:22:58'),
(34, 8632, '2024-03-10 17:20:29'),
(21, 16304, '2025-04-20 12:19:09'),
(16, 2074, '2024-06-07 17:24:41'),
(92, 3729, '2023-12-25 16:38:54'),
(7, 10514, '2024-08-02 14:03:33'),
(50, 11444, '2025-06-07 09:47:14'),
(26, 14856, '2025-10-30 07:03:01'),
(91, 17748, '2024-10-04 12:22:09'),
(90, 13014, '2025-03-20 18:44:43'),
(41, 8203, '2025-02-02 08:54:02'),
(52, 7527, '2023-12-11 02:25:23'),
(11, 6175, '2025-11-05 21:29:06'),
(85, 2781, '2024-08-02 17:25:47'),
(4, 8121, '2025-08-23 13:37:18'),
(25, 7493, '2024-02-20 16:29:01'),
(48, 12813, '2024-04-28 16:44:17'),
(67, 15728, '2023-12-12 01:49:13'),
(63, 14874, '2024-11-10 04:16:43'),
(46, 13521, '2025-07-06 18:34:15'),
(32, 6104, '2024-12-16 06:10:12'),
(70, 14987, '2024-06-24 03:50:24'),
(62, 9023, '2025-06-24 10:21:46'),
(45, 10701, '2025-07-10 01:42:51'),
(50, 9688, '2024-11-18 21:34:17'),
(73, 19344, '2025-10-01 22:21:36'),
(58, 19047, '2024-09-16 06:20:04'),
(69, 16878, '2025-09-08 06:28:24'),
(13, 5465, '2024-03-16 04:14:06'),
(90, 15141, '2024-04-11 04:35:42'),
(96, 16603, '2025-01-01 18:31:55'),
(44, 18187, '2024-05-28 18:28:39'),
(21, 2692, '2025-08-11 19:14:40'),
(46, 12585, '2025-06-14 07:37:05'),
(65, 9053, '2025-05-23 13:32:51'),
(35, 2464, '2024-01-21 12:37:32'),
(46, 2950, '2024-08-13 05:20:09'),
(17, 18168, '2024-11-03 17:30:58'),
(32, 6885, '2024-12-10 08:46:17'),
(37, 17359, '2025-08-22 16:42:36'),
(15, 3969, '2025-02-03 09:21:11'),
(13, 17719, '2025-04-19 16:21:09'),
(50, 6923, '2025-07-04 00:58:19'),
(2, 11426, '2025-07-24 09:47:22'),
(41, 18727, '2025-08-18 02:22:38'),
(59, 10635, '2025-09-09 02:29:05'),
(84, 17277, '2025-05-23 11:00:16'),
(34, 19245, '2025-01-02 02:56:05'),
(3, 11037, '2024-12-15 14:28:05'),
(47, 5857, '2024-07-01 20:52:57'),
(69, 13340, '2025-11-04 23:26:18'),
(21, 11838, '2025-06-27 04:18:22'),
(72, 3919, '2025-03-04 12:11:20'),
(53, 7029, '2025-09-29 22:36:18'),
(14, 13873, '2025-07-29 21:14:41'),
(75, 3557, '2024-03-30 02:58:37'),
(25, 19381, '2024-07-24 07:54:20'),
(99, 19224, '2024-01-26 08:21:50');

-- Movie Lists-Tags
INSERT INTO movie_lists_tags (is_primary, movie_list_id, tag_id, created_at) VALUES
(1, 26, 15, '2025-05-16 19:46:53'),
(0, 11, 11, '2025-08-05 16:57:38'),
(1, 59, 24, '2024-08-25 11:44:10'),
(0, 4, 14, '2024-07-20 07:13:01'),
(0, 96, 21, '2024-05-15 23:06:51'),
(1, 52, 28, '2024-05-21 13:55:29'),
(0, 91, 23, '2025-02-13 01:07:12'),
(1, 63, 30, '2025-08-09 05:20:30'),
(0, 4, 13, '2023-12-25 16:03:33'),
(0, 99, 5, '2025-12-05 14:49:19'),
(0, 28, 13, '2025-04-02 16:57:29'),
(0, 71, 23, '2025-07-18 03:20:47'),
(1, 23, 4, '2025-06-11 06:40:50'),
(0, 78, 5, '2024-01-30 03:34:45'),
(1, 82, 18, '2024-01-23 08:22:10'),
(1, 96, 10, '2025-09-29 08:46:55'),
(0, 56, 7, '2024-01-23 05:32:47'),
(0, 29, 15, '2024-03-14 16:28:13'),
(0, 5, 16, '2025-11-17 23:59:17'),
(0, 11, 18, '2024-08-18 08:46:12'),
(0, 91, 27, '2024-01-31 04:03:17'),
(0, 80, 19, '2024-03-04 18:12:31'),
(0, 47, 15, '2024-12-16 14:56:26'),
(0, 68, 12, '2025-07-12 02:57:28'),
(0, 16, 20, '2025-05-16 18:25:53'),
(0, 78, 3, '2023-12-10 20:57:57'),
(1, 70, 13, '2024-04-19 11:19:37'),
(1, 18, 19, '2024-09-08 05:32:54'),
(0, 30, 22, '2024-08-15 01:43:06'),
(0, 28, 24, '2025-04-06 20:39:02'),
(0, 17, 8, '2024-10-31 18:48:18'),
(0, 78, 17, '2025-07-26 15:21:34'),
(0, 54, 1, '2025-08-23 19:07:20'),
(1, 15, 25, '2025-04-06 04:40:12'),
(0, 6, 4, '2024-10-12 06:53:36'),
(0, 20, 10, '2025-06-17 11:28:43'),
(0, 59, 25, '2024-12-02 16:52:32'),
(1, 46, 12, '2024-06-20 19:33:47'),
(0, 71, 16, '2025-05-31 06:17:44'),
(1, 29, 21, '2024-01-16 16:35:13'),
(1, 7, 16, '2025-12-07 17:19:12'),
(0, 37, 21, '2025-11-09 06:03:18'),
(0, 27, 24, '2025-10-28 01:38:49'),
(0, 18, 25, '2024-12-31 19:22:47'),
(0, 16, 1, '2025-09-05 13:39:52'),
(0, 1, 12, '2025-04-23 00:32:24'),
(1, 36, 12, '2024-02-06 05:39:10'),
(0, 34, 10, '2024-10-03 20:56:52'),
(0, 93, 21, '2025-10-18 13:59:34'),
(0, 74, 4, '2025-01-20 15:12:16'),
(1, 54, 28, '2025-05-15 21:05:02'),
(1, 75, 16, '2025-01-17 02:18:17'),
(0, 18, 29, '2025-08-09 20:49:53'),
(1, 94, 9, '2025-04-29 09:18:29'),
(0, 76, 25, '2023-12-19 21:38:42'),
(0, 39, 28, '2024-07-30 13:03:14'),
(0, 31, 18, '2024-06-20 05:52:49'),
(0, 12, 11, '2024-06-23 13:13:01'),
(1, 11, 15, '2024-10-26 07:27:07'),
(0, 74, 13, '2025-02-21 11:00:05'),
(1, 32, 12, '2024-01-20 22:29:22'),
(0, 22, 10, '2024-08-17 02:35:01'),
(0, 68, 25, '2024-05-02 05:30:26'),
(0, 57, 2, '2023-12-18 18:11:11'),
(0, 81, 19, '2024-05-14 17:24:42'),
(0, 20, 23, '2025-03-22 20:31:17'),
(0, 86, 8, '2025-04-12 15:58:58'),
(0, 16, 30, '2025-02-02 01:55:03'),
(0, 50, 23, '2025-09-27 22:46:39'),
(1, 13, 30, '2024-10-21 10:10:15'),
(0, 8, 15, '2025-08-11 18:47:00'),
(0, 85, 9, '2024-09-02 09:05:59'),
(0, 4, 29, '2025-01-08 14:55:10'),
(0, 28, 12, '2025-06-14 08:49:43'),
(0, 72, 1, '2024-04-09 00:06:53'),
(0, 49, 30, '2024-06-21 06:37:57'),
(0, 89, 16, '2025-07-19 01:41:02'),
(0, 27, 27, '2025-05-27 22:40:47'),
(1, 55, 3, '2025-02-17 09:23:48'),
(0, 78, 14, '2024-06-29 03:29:28'),
(0, 53, 12, '2025-04-14 01:35:40'),
(0, 46, 22, '2024-09-08 19:17:28'),
(0, 94, 26, '2024-03-15 04:27:46'),
(0, 7, 15, '2025-10-06 10:25:17'),
(0, 32, 7, '2025-08-02 19:46:07'),
(1, 62, 10, '2024-04-10 07:15:25'),
(0, 85, 30, '2024-11-15 06:20:06'),
(1, 70, 18, '2025-10-08 15:23:44'),
(0, 48, 20, '2025-08-30 18:53:13'),
(0, 48, 23, '2024-10-28 13:19:50'),
(1, 21, 17, '2024-01-06 20:29:20'),
(0, 69, 27, '2024-07-15 20:37:23'),
(1, 86, 13, '2024-02-15 11:34:36'),
(0, 5, 15, '2025-08-16 20:26:46'),
(0, 81, 14, '2024-05-20 14:59:23'),
(0, 57, 5, '2024-09-06 11:22:39'),
(0, 51, 18, '2024-04-21 05:23:28'),
(0, 96, 18, '2024-03-20 21:43:46'),
(0, 50, 27, '2024-09-09 15:32:22'),
(1, 84, 25, '2025-09-21 09:26:41'),
(0, 23, 5, '2024-10-31 13:13:55'),
(1, 26, 25, '2025-10-30 07:06:49'),
(0, 96, 13, '2024-05-01 15:49:46'),
(0, 30, 23, '2024-10-30 09:02:23'),
(0, 23, 9, '2024-05-02 05:10:47'),
(1, 50, 16, '2024-07-23 05:17:15'),
(1, 45, 19, '2024-09-16 00:03:10'),
(0, 47, 8, '2024-11-05 03:26:53'),
(0, 44, 17, '2024-07-16 15:06:28'),
(0, 31, 13, '2024-05-31 06:22:28'),
(1, 41, 1, '2023-12-30 18:19:24'),
(0, 15, 26, '2025-07-03 01:12:12'),
(0, 65, 4, '2024-11-10 03:31:34'),
(1, 6, 24, '2024-09-10 04:59:18'),
(0, 17, 9, '2025-07-25 01:01:13'),
(0, 67, 11, '2025-02-12 01:19:00'),
(0, 42, 11, '2025-12-04 01:41:18'),
(1, 26, 9, '2025-10-07 17:49:58'),
(1, 25, 3, '2024-10-11 06:57:04'),
(0, 82, 5, '2024-03-01 18:14:49'),
(0, 81, 12, '2024-10-08 01:31:50'),
(1, 58, 28, '2025-04-07 14:00:39'),
(1, 55, 1, '2025-06-01 15:59:15'),
(0, 92, 30, '2025-04-14 23:49:19'),
(0, 91, 10, '2024-07-29 15:05:58'),
(1, 63, 4, '2025-01-08 17:57:07'),
(0, 60, 10, '2024-01-28 01:42:27'),
(1, 28, 25, '2024-07-29 01:50:17'),
(0, 28, 28, '2025-05-30 08:30:57'),
(0, 38, 29, '2024-10-02 04:31:18'),
(0, 45, 16, '2024-02-29 12:29:09'),
(0, 30, 1, '2025-11-29 01:40:12'),
(0, 24, 24, '2025-04-08 01:55:48'),
(0, 100, 19, '2024-06-23 10:34:32'),
(1, 51, 9, '2025-07-03 22:14:30'),
(0, 8, 6, '2025-08-04 17:32:41'),
(1, 50, 26, '2025-02-28 20:39:31'),
(0, 20, 7, '2024-09-08 20:26:35'),
(0, 67, 2, '2024-02-12 23:17:57'),
(0, 41, 11, '2025-06-29 02:39:18'),
(0, 91, 15, '2025-12-03 07:40:00'),
(0, 84, 19, '2024-10-04 22:15:58'),
(0, 60, 17, '2025-08-01 06:33:23'),
(0, 7, 19, '2024-09-13 18:37:54'),
(1, 37, 15, '2024-09-18 16:28:39'),
(1, 49, 4, '2024-06-04 02:14:42'),
(0, 48, 7, '2025-01-18 15:18:08'),
(0, 58, 3, '2023-12-23 15:55:45'),
(0, 61, 26, '2024-03-24 11:58:20'),
(1, 100, 7, '2025-03-08 02:45:18');

-- Watches
INSERT INTO watches (liked, is_private, rating, review_text, movie_id, user_id, created_at, updated_at) VALUES
(0, 0, 5, 'Timidus thorax virga campana contego viriliter. Unde adiuvo tabernus vero cogito apud considero ater.', 4901, 17, '2024-05-02 14:00:34', '2024-05-02 14:00:34'),
(1, 0, 1, 'Tum speciosus asperiores nesciunt. Audacia ars celer.', 10498, 22, '2023-12-22 01:42:48', '2023-12-22 01:42:48'),
(1, 0, 7, 'Vinculum tolero aegrotatio solium tergeo bardus tutamen curriculum crinis. Torrens voro sordeo.', 9153, 39, '2024-08-07 01:45:55', '2024-08-07 01:45:55'),
(0, 0, 8, 'Abutor demoror amplitudo caelum cuppedia advoco velit utpote tepidus calculus. Aequus odit desidero pauper.', 4038, 28, '2024-12-09 05:28:18', '2024-12-09 05:28:18'),
(0, 0, 3, 'Totidem explicabo vero. Defungo advenio officia centum deleniti voco absorbeo supellex curso tribuo.', 15406, 43, '2025-04-03 09:10:52', '2025-04-03 09:10:52'),
(1, 0, 7, 'Eligendi ulterius condico. Concedo copia sodalitas volo.', 6488, 7, '2025-11-10 07:11:28', '2025-11-10 07:11:28'),
(1, 0, 8, 'Videlicet neque suffoco inflammatio animadverto angustus. Carpo nisi conscendo ocer depromo alioqui amaritudo.', 2483, 20, '2025-06-18 06:44:43', '2025-06-18 06:44:43'),
(0, 0, 4, 'Aperiam desino admitto harum vigor sol sollicito tum atque paens. Subnecto adicio talis trucido considero.', 15146, 32, '2024-02-09 07:39:55', '2024-02-09 07:39:55'),
(1, 0, 2, 'Succedo auctor totidem. Amicitia corrumpo videlicet unus territo uredo.', 19437, 39, '2024-03-27 06:00:14', '2024-03-27 06:00:14'),
(1, 0, 6, 'Nulla adsuesco ullam. Succedo molestiae non curso commodi.', 54, 14, '2025-01-12 03:11:11', '2025-01-12 03:11:11'),
(1, 1, 4, 'Carmen surculus coerceo. Denique decretum agnosco vix cras delibero auctus assumenda.', 11476, 4, '2024-03-05 23:23:18', '2024-03-05 23:23:18'),
(0, 0, 9, 'Tantillus terror decimus tripudio talio tergeo. Aranea uberrime votum totus cunabula ambulo balbus abstergo adulatio.', 19422, 4, '2024-08-24 21:26:03', '2024-08-24 21:26:03'),
(1, 0, 4, 'Abeo artificiose volva. Acies corrumpo cornu crapula socius quam solitudo.', 11018, 13, '2025-02-25 00:39:06', '2025-02-25 00:39:06'),
(1, 1, 2, 'Terga caterva eveniet tutamen laudantium adduco curto volva. Timor cognomen non asporto desolo.', 14439, 8, '2024-06-23 22:48:32', '2024-06-23 22:48:32'),
(1, 1, 8, 'Ut conservo odit beatae. Cras socius deduco circumvenio chirographum aggero.', 15591, 20, '2025-04-26 22:01:13', '2025-04-26 22:01:13'),
(0, 0, 5, 'Quis debeo ipsa. Civitas hic vergo totidem.', 10099, 37, '2024-07-20 16:23:20', '2024-07-20 16:23:20'),
(0, 0, 1, 'Taedium sopor vitium mollitia eveniet admiratio. Sumptus deleniti capitulus timor sublime peccatus acidus dicta coaegresco.', 13290, 33, '2025-09-19 16:28:35', '2025-09-19 16:28:35'),
(1, 0, 1, 'Contego minus nihil debitis. Coepi subnecto decens incidunt theologus clamo ea thorax odit.', 19292, 41, '2024-06-26 14:34:51', '2024-06-26 14:34:51'),
(1, 1, 8, 'Curto error ventito tepesco terebro ultra speculum explicabo. Vestigium abscido cultura libero aliquam vespillo totus clarus vulariter suus.', 6330, 44, '2024-09-11 13:46:13', '2024-09-11 13:46:13'),
(1, 0, 2, 'Carbo vulgus sopor doloremque comparo vero cumque quae. Quibusdam suppellex tamisium.', 7886, 12, '2025-09-09 08:26:40', '2025-09-09 08:26:40'),
(1, 0, 1, 'Eum turba tertius. Crepusculum trado charisma.', 11892, 27, '2025-07-19 03:11:20', '2025-07-19 03:11:20'),
(0, 0, 3, 'Vae absorbeo vinco vomica crebro tristis chirographum adopto quas. Aveho templum cetera cinis curis cenaculum cogito aliquam armarium adsidue.', 10537, 33, '2024-09-05 23:52:02', '2024-09-05 23:52:02'),
(1, 0, 5, 'Demonstro cum error autem virga statua. Quas turpis argentum considero depulso contabesco veniam vitiosus confido.', 1258, 47, '2025-10-22 14:51:01', '2025-10-22 14:51:01'),
(1, 0, 10, 'Crinis defero absque avaritia tempore quos. Quisquam tamquam cognomen.', 17137, 48, '2025-06-23 23:43:58', '2025-06-23 23:43:58'),
(1, 0, 8, 'Tenuis volutabrum officiis umbra decumbo civis suppono adeo. Illo vicinus sordeo patruus vigor absens.', 15943, 36, '2024-01-14 03:09:52', '2024-01-14 03:09:52'),
(1, 0, 6, 'Calculus demens atqui balbus sursum corroboro caput quia sodalitas. Solvo vorax convoco curatio aduro sollicito vapulus incidunt universe arma.', 10660, 10, '2024-06-19 22:18:54', '2024-06-19 22:18:54'),
(0, 0, 8, 'Ab tutis sonitus approbo aegrotatio amet. Quis terebro traho canonicus conservo antiquus cohors denique amitto.', 8978, 1, '2025-08-02 00:23:32', '2025-08-02 00:23:32'),
(1, 0, 10, 'Tricesimus illo angustus studio demitto iure audacia stips. Eligendi aspicio atavus incidunt terebro.', 8453, 17, '2024-08-10 22:37:10', '2024-08-10 22:37:10'),
(0, 0, 4, 'Adipisci pariatur volubilis versus ustulo virtus turbo depopulo. Caelum video vulnero adamo.', 14607, 13, '2024-10-17 14:06:41', '2024-10-17 14:06:41'),
(1, 0, 1, 'Coniuratio altus desolo iste. Patrocinor textus administratio bibo summa tricesimus utilis conqueror abduco utroque.', 9907, 20, '2024-12-22 08:17:14', '2024-12-22 08:17:14'),
(1, 0, 3, 'Tener speciosus attero surculus laudantium. Debeo super summopere architecto virtus magnam ratione tego subito.', 2856, 21, '2023-12-23 10:25:33', '2023-12-23 10:25:33'),
(1, 0, 7, 'Voluptatibus vobis bene cumque officiis error quia culpo caries. Adicio odit socius ulterius ulterius vero subvenio patruus.', 3835, 16, '2024-03-15 16:24:55', '2024-03-15 16:24:55'),
(1, 1, 8, 'Delicate atqui maxime. Circumvenio vester utique.', 5618, 25, '2024-05-11 01:23:10', '2024-05-11 01:23:10'),
(0, 0, 8, 'Dedecor consequatur cariosus. Incidunt surculus adamo adhuc.', 9080, 37, '2024-04-13 07:11:48', '2024-04-13 07:11:48'),
(1, 0, 8, 'Calcar defessus antepono censura ars. Crepusculum arca adinventitias iure conforto vester ager.', 2399, 19, '2024-05-07 09:12:25', '2024-05-07 09:12:25'),
(1, 0, 10, 'Confero delego infit testimonium demulceo. Totus aggredior bellum considero cerno speciosus utilis tantillus commodo.', 9570, 17, '2024-07-16 10:40:53', '2024-07-16 10:40:53'),
(1, 0, 9, 'Sponte cibus tertius cunctatio capio assentator surgo tempora approbo spero. Aro apud verbera.', 5269, 34, '2024-06-16 09:01:27', '2024-06-16 09:01:27'),
(1, 0, 10, 'Saepe calcar aeneus. Amiculum benevolentia curso asperiores temeritas victoria itaque vicissitudo tabgo.', 8687, 29, '2025-03-20 19:52:54', '2025-03-20 19:52:54'),
(0, 0, 7, 'Vado bis aequus textor pariatur arbustum. Ipsa dolorum turpis subiungo crur tempore voluntarius caveo vestigium condico.', 16082, 16, '2024-08-12 18:31:36', '2024-08-12 18:31:36'),
(1, 1, 1, 'Patruus universe traho. Thesaurus depopulo tres vitae vigor cinis defleo abundans auxilium.', 11039, 47, '2024-06-25 10:48:42', '2024-06-25 10:48:42'),
(0, 0, 2, 'Auctor esse tertius suadeo absens colligo caste pectus sonitus. Reiciendis abundans pax annus victoria sustineo.', 14518, 38, '2024-01-12 10:28:10', '2024-01-12 10:28:10'),
(0, 0, 1, 'Tergeo pariatur tantum et doloribus ipsum tenax tamen. Auctor socius depereo textilis vaco corrigo.', 2523, 10, '2024-04-03 06:24:59', '2024-04-03 06:24:59'),
(1, 0, 6, 'Nihil vulariter aliquam magnam. Cariosus suasoria ultio communis alius conscendo utrimque.', 4774, 22, '2024-04-02 09:51:35', '2024-04-02 09:51:35'),
(1, 0, 3, 'Tripudio sum in armarium beatus tribuo. Avarus cedo videlicet defero.', 3199, 43, '2025-01-06 08:19:34', '2025-01-06 08:19:34'),
(1, 0, 10, 'Pectus defendo administratio demum temptatio angulus. Caelum tenuis acquiro vulnero viriliter.', 16454, 7, '2024-06-29 00:31:08', '2024-06-29 00:31:08'),
(1, 0, 3, 'Rem suspendo ventosus quam vinitor molestias solio tenax. Vacuus adicio quia angulus vindico.', 6520, 11, '2024-06-26 18:35:01', '2024-06-26 18:35:01'),
(1, 0, 9, 'Arceo quo corroboro carpo conturbo ab cui possimus tactus. Convoco toties degenero dapifer cupio voluptate vado acerbitas vado.', 8883, 46, '2025-03-29 22:25:59', '2025-03-29 22:25:59'),
(1, 0, 10, 'Deporto saepe cum corporis antiquus ad spes vesica. Volutabrum quidem comparo beatae acervus quisquam.', 4669, 30, '2025-02-02 13:48:25', '2025-02-02 13:48:25'),
(1, 0, 1, 'Coniecto tergo stipes curso consequatur repellendus varietas explicabo. Vilicus cupiditate conforto absum textilis amitto ambulo aurum cito.', 7331, 47, '2024-09-23 13:07:25', '2024-09-23 13:07:25'),
(1, 0, 8, 'Surgo accendo decimus deinde arbor versus. Conduco quos vacuus caritas.', 14912, 44, '2024-11-04 20:33:44', '2024-11-04 20:33:44'),
(0, 0, 1, 'Aegre acidus deserunt caveo absens. Tendo curvo ascit vero dolores subseco totidem balbus ipsum.', 3639, 48, '2024-11-09 01:31:21', '2024-11-09 01:31:21'),
(1, 0, 9, 'Auctus nemo carus. Corrupti exercitationem earum.', 9690, 18, '2025-02-27 09:04:05', '2025-02-27 09:04:05'),
(1, 0, 2, 'Atrocitas quasi ver velut terebro. Commemoro stipes voveo virtus.', 17698, 44, '2025-06-08 07:14:24', '2025-06-08 07:14:24'),
(1, 0, 2, 'Cruentus voluptatibus creo tactus. Culpo architecto apto arx speciosus comes crinis.', 11810, 41, '2025-08-03 15:55:32', '2025-08-03 15:55:32'),
(1, 0, 4, 'Cognatus vestrum crinis spectaculum. Sollers viscus quia carpo cohaero crux numquam.', 1186, 2, '2024-04-09 18:30:07', '2024-04-09 18:30:07'),
(0, 0, 2, 'Suppono bardus solitudo stella uterque. Totam adflicto capitulus cariosus odio toties.', 2943, 7, '2024-04-29 22:37:30', '2024-04-29 22:37:30'),
(1, 0, 2, 'Cibus decet statua abutor laboriosam basium arca torqueo vinco. Vallum avarus adeptio ipsam.', 7211, 11, '2024-11-08 15:46:03', '2024-11-08 15:46:03'),
(0, 0, 7, 'Deleo coaegresco venio neque recusandae. Audentia placeat creator acquiro cinis vulariter ultra aggero.', 16187, 42, '2025-01-24 05:29:45', '2025-01-24 05:29:45'),
(1, 1, 9, 'Sponte sulum consequuntur tripudio. Sonitus deprimo vesper distinctio testimonium arcesso suadeo decretum.', 17749, 7, '2025-06-26 15:27:01', '2025-06-26 15:27:01'),
(1, 0, 10, 'Comptus derideo tamquam delego. Tenuis usque ancilla cito denuo territo labore denuo congregatio cogo.', 9247, 30, '2024-10-25 18:14:21', '2024-10-25 18:14:21'),
(1, 0, 2, 'Utroque dapifer stultus desparatus taceo victoria surgo ubi. Earum numquam iure necessitatibus.', 19702, 10, '2024-04-21 15:09:11', '2024-04-21 15:09:11'),
(0, 0, 10, 'Supplanto voluptate convoco. Aegrotatio deludo aureus.', 19105, 28, '2025-07-10 15:24:41', '2025-07-10 15:24:41'),
(1, 0, 5, 'Quo vel et hic. Ait censura voco carpo tempus voluptate.', 9899, 24, '2025-04-14 16:00:50', '2025-04-14 16:00:50'),
(1, 0, 8, 'Aedificium sollicito tardus. Casso tamisium error ipsum tibi coepi.', 17482, 31, '2024-10-13 15:10:16', '2024-10-13 15:10:16'),
(1, 0, 1, 'Capillus certus accusator aggero taceo. Suppono vel cubitum aut demergo theologus repudiandae ater earum.', 8773, 43, '2024-06-03 07:28:04', '2024-06-03 07:28:04'),
(1, 0, 4, 'Valens tabernus vergo. Ambulo vesper nostrum tolero claustrum copia umbra.', 1423, 23, '2024-07-30 10:06:25', '2024-07-30 10:06:25'),
(1, 1, 4, 'Deduco caecus sumptus virga carpo. Tabula vindico vulariter temptatio sursum allatus adduco tepidus temporibus.', 1074, 33, '2024-02-04 22:14:12', '2024-02-04 22:14:12'),
(0, 0, 2, 'Denuncio ceno tenax adopto dicta cauda aegrotatio excepturi corporis. Assumenda temeritas adulatio accedo adulatio desipio ars.', 13883, 36, '2025-07-12 15:02:54', '2025-07-12 15:02:54'),
(0, 0, 7, 'Sollers perferendis sodalitas curatio defero debeo eos adsidue tenax damnatio. Carpo adulescens curto laborum attonbitus celer corona volaticus demonstro magnam.', 2924, 6, '2024-08-28 17:54:53', '2024-08-28 17:54:53'),
(0, 0, 8, 'Repudiandae spectaculum surgo architecto pauci eligendi tutamen armarium sopor degero. Cras a barba capillus quas.', 17415, 35, '2024-04-23 07:58:01', '2024-04-23 07:58:01'),
(1, 0, 2, 'Desparatus adduco clementia iure cupio creator quibusdam. Suadeo convoco eos creptio velit celebrer.', 7520, 34, '2023-12-13 15:53:23', '2023-12-13 15:53:23'),
(1, 0, 7, 'Termes audio admoveo pecco carcer summopere arto tumultus careo surgo. Deficio tergum vulpes adnuo viridis officiis acsi amita.', 8613, 25, '2024-06-02 00:26:41', '2024-06-02 00:26:41'),
(1, 0, 2, 'Delinquo vita quaerat vilitas dedecor decor creator. Suffragium cattus creta sapiente speciosus validus illum.', 12490, 44, '2024-07-26 01:27:48', '2024-07-26 01:27:48'),
(0, 0, 5, 'Aveho corona censura desparatus. Adipiscor desparatus cultura amoveo centum adiuvo.', 7773, 21, '2024-12-31 07:05:18', '2024-12-31 07:05:18'),
(1, 0, 10, 'Corrupti vigilo campana tantum curis benevolentia. Cavus dolorem taedium tabernus suasoria quaerat.', 10371, 6, '2024-03-08 12:32:47', '2024-03-08 12:32:47'),
(1, 0, 2, 'Deporto arbor suppellex absconditus nobis compello ad. Ratione acervus bestia.', 13205, 34, '2025-02-28 19:19:44', '2025-02-28 19:19:44'),
(1, 0, 6, 'Thema speculum terga coepi aqua. Totus strues ipsa terra contra socius animi reprehenderit.', 9782, 10, '2024-10-05 07:18:43', '2024-10-05 07:18:43'),
(0, 0, 1, 'Delinquo spectaculum adhaero nihil aegrotatio terror colligo cenaculum vapulus. Cornu vilicus condico vita cumque illo cubo vix aveho.', 5418, 14, '2024-01-28 14:33:42', '2024-01-28 14:33:42'),
(1, 0, 3, 'Torqueo torqueo teres synagoga adsuesco suscipit aeternus amet. Abeo triumphus adinventitias.', 14472, 16, '2025-05-16 21:15:56', '2025-05-16 21:15:56'),
(1, 0, 10, 'Ara vesco termes cur. Sol alias vehemens sit depono decretum bellicus.', 7391, 17, '2025-01-05 11:26:23', '2025-01-05 11:26:23'),
(1, 0, 3, 'Aegre ocer sumo comedo tempore. Maxime vinculum uxor decens adfectus.', 7520, 20, '2025-08-29 09:16:58', '2025-08-29 09:16:58'),
(1, 1, 4, 'Tondeo denuncio aedificium aperte contra vociferor. Defendo turpis quas amissio ducimus adstringo decretum triumphus delicate.', 1544, 14, '2025-10-24 07:05:13', '2025-10-24 07:05:13'),
(1, 0, 10, 'Mollitia abutor vorago quia patria comprehendo. Campana canis demo volaticus creber vero cervus arx.', 16261, 36, '2024-02-08 16:28:35', '2024-02-08 16:28:35'),
(1, 0, 1, 'Ambulo adversus bonus vilicus subvenio. Denuo textor adimpleo strues virga qui.', 16243, 7, '2025-02-28 02:46:17', '2025-02-28 02:46:17'),
(0, 0, 4, 'Vita pariatur tero textilis curiositas vinculum taedium curto tutis laboriosam. Adeo dolorum tunc alioqui.', 4342, 13, '2025-07-09 21:42:21', '2025-07-09 21:42:21'),
(0, 0, 6, 'Vilicus damnatio conventus defero stultus. Adnuo tenus apto villa dolore sortitus summisse conspergo vestigium voluptates.', 2020, 16, '2025-05-12 02:43:02', '2025-05-12 02:43:02'),
(1, 0, 4, 'Venia cito adimpleo tot solvo adfero. Ulciscor debitis cupiditas tenax defungo vita velum adinventitias stultus.', 13507, 21, '2024-05-15 18:22:06', '2024-05-15 18:22:06'),
(1, 0, 7, 'Error adsum candidus virtus comptus casus. Magni quibusdam adsum sortitus thymum.', 16520, 29, '2025-02-07 11:27:43', '2025-02-07 11:27:43'),
(1, 0, 8, 'Vesica comptus aurum termes. Iure accusamus ascisco cras beatae defleo varietas altus pauci peior.', 16309, 46, '2024-04-27 10:33:42', '2024-04-27 10:33:42'),
(1, 0, 2, 'Auctus cupiditas nisi harum volubilis peccatus. Nemo quam dignissimos.', 16640, 12, '2025-05-15 13:47:59', '2025-05-15 13:47:59'),
(1, 0, 7, 'Ceno stipes suppellex appono calcar eaque. Ad vulnero adopto tactus ventito eius quos subiungo acquiro.', 5396, 33, '2025-01-19 02:22:13', '2025-01-19 02:22:13'),
(1, 0, 5, 'Sollicito ipsa ab acervus balbus dolor autus urbs adhaero. Angelus deripio video.', 712, 13, '2024-08-09 03:53:34', '2024-08-09 03:53:34'),
(1, 0, 7, 'Suadeo anser auctus vivo advoco amita cimentarius autem. Summa cinis debitis dedecor.', 8081, 14, '2024-04-05 06:20:01', '2024-04-05 06:20:01'),
(1, 0, 6, 'Causa candidus clarus perferendis virtus. Animi amor corrupti corrigo.', 4185, 13, '2024-02-22 22:10:07', '2024-02-22 22:10:07'),
(1, 0, 6, 'Depereo spargo repellendus cena accusator calamitas. Aer defero possimus caritas aut.', 6384, 7, '2025-09-26 05:31:13', '2025-09-26 05:31:13'),
(0, 0, 3, 'Textus cohaero magni decretum atrox aequus territo. Crebro repellendus communis alias derideo vos aurum civis vicinus.', 5640, 31, '2025-02-06 00:46:55', '2025-02-06 00:46:55'),
(0, 1, 7, 'Venia audio demitto. Collum sonitus adficio colligo cauda canis.', 768, 16, '2024-06-04 07:25:55', '2024-06-04 07:25:55'),
(1, 1, 9, 'Sortitus provident bellum adficio capto aureus maxime strues praesentium adulatio. Vociferor aurum architecto.', 13243, 35, '2024-03-28 08:19:04', '2024-03-28 08:19:04'),
(1, 0, 7, 'Vulariter cinis repudiandae creator tunc demoror acervus adsum cibus. Sunt veniam tibi molestias cuppedia consequuntur beatae sit dicta.', 12375, 48, '2024-07-24 11:03:05', '2024-07-24 11:03:05'),
(0, 0, 2, 'Timidus conventus tertius. Cruentus charisma doloremque adficio ullus turpis varietas cunae tonsor.', 16696, 20, '2024-11-22 22:34:26', '2024-11-22 22:34:26'),
(1, 0, 5, 'Tabgo vacuus civis vere magni sono ambitus angelus. Ab adhaero timor.', 18177, 15, '2024-05-29 02:42:29', '2024-05-29 02:42:29'),
(1, 0, 1, 'Debeo caute coaegresco vomica velociter defetiscor sum. Cibo tabgo carbo qui decretum tutis adstringo.', 3249, 34, '2024-09-24 07:59:47', '2024-09-24 07:59:47'),
(0, 0, 4, 'Crebro cruentus delinquo currus. Denuo illum volo nulla surculus deinde.', 8582, 33, '2024-04-20 16:08:13', '2024-04-20 16:08:13'),
(1, 0, 5, 'Iure adeptio admiratio volubilis collum dedico cognomen vivo universe titulus. Tamdiu depulso utpote cura apostolus in valeo capillus capto.', 6713, 49, '2025-08-09 23:23:25', '2025-08-09 23:23:25'),
(1, 0, 5, 'Derelinquo talus demulceo suus. Terreo commodo delectus vulgo tempus addo eius admoneo vergo praesentium.', 7307, 2, '2024-09-13 09:51:10', '2024-09-13 09:51:10'),
(1, 1, 9, 'Admoveo beatus tribuo complectus assumenda. Spargo aperio peccatus modi usus.', 7400, 46, '2024-05-16 18:07:31', '2024-05-16 18:07:31'),
(1, 0, 10, 'Dolore ocer vinco absconditus toties thalassinus demoror callide cuppedia. Caritas anser victoria.', 16586, 22, '2024-08-13 13:40:09', '2024-08-13 13:40:09'),
(1, 1, 6, 'Uterque admoveo causa usque audio occaecati aegrus collum cernuus absque. Timidus crudelis curvo bestia auditor soleo.', 4470, 14, '2025-02-08 21:33:19', '2025-02-08 21:33:19'),
(1, 0, 6, 'Crastinus vociferor iure ubi creber. Degusto territo caelum.', 3045, 38, '2025-11-17 04:01:00', '2025-11-17 04:01:00'),
(1, 0, 8, 'Ars voluptas sunt. Vehemens dolor ventito tantum.', 17853, 43, '2024-12-14 03:17:43', '2024-12-14 03:17:43'),
(0, 0, 10, 'Conor verbera arbor compello defleo aufero laudantium audacia. Aureus cui ambitus calcar.', 3016, 4, '2024-09-08 02:38:57', '2024-09-08 02:38:57'),
(1, 0, 10, 'Voluptates vobis quibusdam veniam delectatio aestas casus volaticus acer comis. Vigor depopulo modi tersus.', 3772, 28, '2025-11-09 05:20:22', '2025-11-09 05:20:22'),
(1, 0, 3, 'Cultura caput nulla ustulo caries abeo compono auctus truculenter. Sub altus claro uterque vaco tum videlicet architecto blandior.', 5277, 8, '2025-08-10 12:33:19', '2025-08-10 12:33:19'),
(0, 0, 9, 'Autem via valeo asper coniecto acidus auctus aperio subvenio subiungo. Arcus clibanus ascit claro theologus quod.', 4151, 24, '2024-04-19 15:00:40', '2024-04-19 15:00:40'),
(1, 0, 6, 'Quo adversus templum agnosco cena amissio ars amor. Sint ter terebro corpus.', 13925, 14, '2025-04-11 02:44:32', '2025-04-11 02:44:32'),
(1, 0, 5, 'Assumenda aetas porro incidunt cultura recusandae. Tamdiu crapula stipes ater vomer aequitas acquiro aegrus verbum theologus.', 5271, 39, '2025-07-29 10:54:26', '2025-07-29 10:54:26'),
(1, 0, 9, 'Adfectus cerno tolero sulum depromo aeternus curso. Molestiae ocer utrimque ceno cuppedia quidem.', 9511, 24, '2024-07-17 11:08:42', '2024-07-17 11:08:42'),
(0, 0, 10, 'Crebro decerno tristis coaegresco claustrum voluntarius. Pauci paulatim consectetur vapulus curtus adulescens cernuus despecto.', 3061, 24, '2024-03-26 14:07:28', '2024-03-26 14:07:28'),
(0, 1, 7, 'Soleo decumbo coma utpote sursum comedo aperiam ager. Clarus voluptatibus voveo adnuo acsi caecus certe.', 14594, 2, '2024-02-10 06:28:24', '2024-02-10 06:28:24'),
(0, 0, 4, 'Tumultus tredecim usus. Desipio calcar apud decet.', 2202, 7, '2025-05-19 04:20:17', '2025-05-19 04:20:17'),
(1, 0, 7, 'Abduco cometes suspendo accusantium deorsum capitulus. Dens quos amo.', 10277, 29, '2025-08-23 08:22:03', '2025-08-23 08:22:03'),
(0, 0, 6, 'Vilitas termes tenetur copia currus arx quia bene ara. Non celer tergiversatio cattus recusandae cunae sursum tandem bellicus.', 14581, 47, '2024-11-27 07:43:14', '2024-11-27 07:43:14'),
(1, 0, 10, 'Cernuus comis cultura provident vulariter truculenter arcus viridis pel. Desipio alii capio tibi vulnero creo blanditiis iusto aeneus ars.', 4979, 24, '2025-06-06 16:56:17', '2025-06-06 16:56:17'),
(1, 0, 3, 'Tergiversatio curvo reiciendis decor trepide adaugeo tunc sublime deleniti tergiversatio. Decimus debeo acquiro adfectus uterque patior.', 5963, 43, '2023-12-31 17:01:39', '2023-12-31 17:01:39'),
(1, 0, 5, 'Aperte canonicus adstringo compello. Demoror cultellus adficio.', 14103, 28, '2024-05-17 10:13:07', '2024-05-17 10:13:07'),
(1, 0, 5, 'Ademptio clementia stillicidium arcesso totidem aspernatur dapifer curiositas explicabo. Curso vinitor bellicus.', 1891, 17, '2025-06-07 16:36:49', '2025-06-07 16:36:49'),
(1, 0, 8, 'Decumbo tam cinis ventosus comitatus laborum defetiscor cursim toties vir. Attero theatrum summisse desidero.', 8391, 25, '2025-05-20 08:33:00', '2025-05-20 08:33:00'),
(1, 0, 9, 'Sulum abundans demens. Subito territo claustrum bellum depulso adflicto.', 19710, 19, '2025-07-08 02:29:52', '2025-07-08 02:29:52'),
(1, 0, 6, 'Dens angulus ab correptius depono quibusdam comis cuius. Truculenter accusator uredo.', 14845, 22, '2024-04-30 20:49:55', '2024-04-30 20:49:55'),
(1, 0, 5, 'Cimentarius explicabo campana astrum abundans alter verecundia. Tantum cruciamentum volo adaugeo eum synagoga.', 15184, 17, '2024-11-08 06:56:24', '2024-11-08 06:56:24'),
(0, 1, 8, 'Subseco adipiscor adnuo vinum pecco tubineus occaecati aestus. Quidem vitae deporto vel.', 178, 4, '2024-05-04 16:15:35', '2024-05-04 16:15:35'),
(1, 0, 1, 'Cultellus spectaculum animadverto acer conventus. Patrocinor tredecim conspergo ancilla alter videlicet averto defendo.', 18975, 7, '2024-08-11 11:09:32', '2024-08-11 11:09:32'),
(1, 0, 3, 'Vehemens totus dolorum soleo neque tametsi dolores pecco accusantium adipiscor. Convoco bonus tantillus teres approbo uberrime sequi valetudo.', 18491, 47, '2025-02-22 13:54:56', '2025-02-22 13:54:56'),
(1, 0, 8, 'Alias saepe cognomen ullus porro. Caries charisma accendo summa clamo derideo aegrotatio crur qui.', 8716, 30, '2024-03-28 18:43:26', '2024-03-28 18:43:26'),
(0, 0, 5, 'Suppono optio cunabula sublime. Error blandior una antea cresco autem sequi cometes tardus.', 4663, 30, '2024-10-14 22:18:07', '2024-10-14 22:18:07'),
(1, 0, 9, 'Caput conqueror ara odio vel ducimus speciosus ipsa arbitro. At adimpleo desparatus vita theatrum cras celo cultellus voro coniuratio.', 4589, 12, '2024-12-25 21:52:28', '2024-12-25 21:52:28'),
(1, 0, 7, 'Damno ter facere vulgaris ultra quaerat catena a. Vulpes argentum alii alienus depopulo.', 10231, 28, '2025-11-05 21:38:03', '2025-11-05 21:38:03'),
(1, 0, 8, 'Tactus ut ut. Commodi ultio ademptio.', 5412, 16, '2024-10-24 17:30:55', '2024-10-24 17:30:55'),
(1, 0, 6, 'Tergiversatio vorax certe tardus. Laborum adnuo spargo dapifer adulescens deleo itaque.', 2969, 16, '2025-05-20 00:08:22', '2025-05-20 00:08:22'),
(0, 0, 3, 'Ara utroque vestrum bestia decet ultra umbra casus creptio accedo. Ademptio error totus campana quam inventore capto.', 7045, 12, '2025-05-18 06:45:13', '2025-05-18 06:45:13'),
(0, 0, 9, 'Ducimus fuga theca degusto celer cicuta cerno. Vulticulus vestrum voluptas aggredior decor vae.', 18858, 14, '2024-10-05 13:17:35', '2024-10-05 13:17:35'),
(1, 0, 2, 'Eius venio avarus abstergo sublime ullus maxime turbo caries. Decens expedita nulla corpus acervus cornu combibo expedita voro.', 17382, 3, '2024-03-12 11:38:18', '2024-03-12 11:38:18'),
(0, 0, 5, 'Saepe defero doloribus ter. Suscipit verbum tamdiu decet crur denego ab circumvenio.', 19468, 25, '2024-11-05 09:08:11', '2024-11-05 09:08:11'),
(0, 0, 4, 'Amaritudo amitto demoror vigilo ustilo adulescens tyrannus. Conitor vociferor varietas valetudo caecus.', 9747, 23, '2025-11-06 11:31:58', '2025-11-06 11:31:58'),
(0, 0, 10, 'Speciosus volubilis utpote turbo dolore mollitia volo. Degenero cunctatio solium.', 14374, 47, '2024-01-07 17:26:36', '2024-01-07 17:26:36'),
(1, 1, 5, 'Turpis vobis thymum delectatio soluta verbera theatrum tolero pauci. Corrupti pectus videlicet volva trucido.', 8120, 43, '2024-11-03 18:02:34', '2024-11-03 18:02:34'),
(1, 1, 2, 'Absum vitae assumenda caterva valetudo cruentus tenetur tamen. Thesaurus ager amaritudo aegrus atrocitas.', 5099, 5, '2024-06-11 23:02:56', '2024-06-11 23:02:56'),
(0, 0, 5, 'Doloremque utrimque adimpleo thymbra thesis corroboro laborum officia. Tollo virga allatus error accusamus cinis.', 586, 36, '2025-07-05 21:28:13', '2025-07-05 21:28:13'),
(1, 0, 1, 'Adsidue conatus abscido. Delicate sophismata sursum decet aegre demens.', 14137, 32, '2024-11-03 13:09:04', '2024-11-03 13:09:04'),
(1, 0, 8, 'Somniculosus animus caute. Territo nesciunt apud umquam deprecator adversus.', 18855, 29, '2024-03-04 11:57:08', '2024-03-04 11:57:08'),
(1, 0, 6, 'Accendo tenax adeo vetus valde numquam ver adnuo comitatus colo. Paens umquam pauci abduco.', 2251, 41, '2025-09-06 12:55:27', '2025-09-06 12:55:27'),
(1, 0, 5, 'Vinculum vis vigor velociter allatus. Cur temporibus thalassinus statua turbo apud talus amplitudo admiratio.', 9383, 8, '2024-02-27 01:14:29', '2024-02-27 01:14:29'),
(0, 0, 9, 'Vulgus maxime ventosus animadverto cimentarius voco deserunt ultio antiquus tendo. Adimpleo aestivus tutis statim.', 16333, 44, '2024-02-05 04:08:55', '2024-02-05 04:08:55'),
(0, 0, 8, 'Cursus maxime provident denego possimus suus tamdiu pauper. Adfero cernuus vix sunt vinco spoliatio utilis adhaero stultus.', 13652, 30, '2024-08-05 04:10:12', '2024-08-05 04:10:12'),
(0, 0, 6, 'Vilicus suspendo comedo. Confugo terga candidus tabella utrum conduco curvo umquam audeo cinis.', 14505, 6, '2024-09-13 18:41:20', '2024-09-13 18:41:20'),
(1, 0, 8, 'Currus unus ut decerno. Ipsa bellicus caterva cur tempora amplus numquam alo accedo.', 767, 21, '2024-08-22 09:41:31', '2024-08-22 09:41:31'),
(0, 0, 8, 'Chirographum id sopor libero totam termes. Culpa cimentarius tempora credo.', 12946, 35, '2024-07-27 22:23:18', '2024-07-27 22:23:18'),
(0, 0, 1, 'Tenetur currus patria uberrime quae impedit blandior. Amita subseco decimus demitto vestigium animadverto vulgaris baiulus.', 8673, 12, '2024-04-30 03:54:14', '2024-04-30 03:54:14'),
(1, 0, 8, 'Vilis pariatur culpa temptatio. Sint dolor nisi conspergo ademptio aspicio vilicus tergiversatio repellat succedo.', 467, 21, '2023-12-25 03:19:30', '2023-12-25 03:19:30'),
(0, 1, 2, 'Surgo tenax denique teres. Quasi vulgus derelinquo asporto tepidus defessus cerno maxime.', 6407, 35, '2025-09-25 06:14:25', '2025-09-25 06:14:25'),
(0, 0, 5, 'Articulus decet convoco curto adfectus quisquam. Autem est cauda stillicidium exercitationem vestigium torqueo abbas utilis.', 13171, 23, '2024-12-04 03:49:20', '2024-12-04 03:49:20'),
(1, 0, 6, 'Apto talis cervus. Ter anser condico sunt adfectus cotidie amissio appono dens.', 4725, 19, '2025-05-29 00:18:26', '2025-05-29 00:18:26'),
(1, 0, 7, 'Thesaurus deripio brevis curo. Sono voluptates venustas autem alveus.', 6106, 4, '2024-01-30 05:28:56', '2024-01-30 05:28:56'),
(0, 0, 5, 'Vestigium quod acerbitas vacuus. Admoveo laboriosam antepono conqueror aggredior solitudo delinquo solio.', 15023, 33, '2024-02-01 05:45:56', '2024-02-01 05:45:56'),
(1, 0, 9, 'Provident deinde ante volutabrum calculus versus virga. Cilicium contra tres traho adsidue utilis denuncio vilitas catena.', 8039, 28, '2024-10-11 00:08:25', '2024-10-11 00:08:25'),
(1, 0, 2, 'Vorax auctus vereor tricesimus adsum solum culpo. Capio candidus deleniti cornu.', 4169, 11, '2024-06-28 19:59:17', '2024-06-28 19:59:17'),
(0, 1, 8, 'Conor debitis quam cupressus trepide aegrotatio vicissitudo. Temperantia adversus alioqui summopere saepe.', 18863, 29, '2024-02-24 12:08:10', '2024-02-24 12:08:10'),
(1, 0, 9, 'Apud textor repellendus thymum artificiose aestivus talio theologus abstergo amet. Tantum adhaero caput inflammatio dapifer officia voluptate.', 2635, 45, '2025-08-25 04:09:12', '2025-08-25 04:09:12'),
(0, 1, 1, 'Tempore arbitro sui crustulum quo vulariter crapula. Vir collum theologus conicio adipisci.', 329, 36, '2023-12-21 09:57:01', '2023-12-21 09:57:01'),
(0, 1, 10, 'Cunabula triduana culpa. Aequus coerceo alveus venia curis.', 16817, 49, '2025-10-21 00:04:47', '2025-10-21 00:04:47'),
(0, 0, 5, 'Aequus depulso cattus. Argentum ustilo summopere paens aspicio mollitia.', 2292, 15, '2025-01-09 05:54:00', '2025-01-09 05:54:00'),
(1, 0, 7, 'Velum corrigo veniam adeptio adinventitias. Statua vitae sapiente adopto molestiae ascit confugo tersus volubilis vir.', 18487, 36, '2024-10-17 14:00:04', '2024-10-17 14:00:04'),
(1, 0, 8, 'Solium appositus unus admoveo tredecim stella aptus vorago. Auditor delego constans tribuo tremo accendo cenaculum.', 18251, 3, '2025-04-15 07:48:04', '2025-04-15 07:48:04'),
(1, 1, 10, 'Beatae auxilium tener conduco sodalitas tersus cupiditate apto bibo vergo. Tabula delicate hic trans deserunt defungo.', 2241, 10, '2024-11-12 02:40:11', '2024-11-12 02:40:11'),
(0, 1, 8, 'Paens usque vinculum uter. Abbas articulus carpo voluptate delibero beatus abeo villa.', 18617, 34, '2025-10-30 09:45:57', '2025-10-30 09:45:57'),
(1, 0, 6, 'Ustilo commemoro absens delinquo tabesco sophismata vomer. Vulgo comptus cogo capillus clamo cedo cupiditate adicio carpo.', 759, 33, '2024-08-08 06:54:00', '2024-08-08 06:54:00'),
(1, 0, 7, 'Strenuus vestrum avarus vicinus aduro cuius commemoro. Thesaurus deprecator dolores esse subnecto deripio cursus degero tero vulgo.', 102, 46, '2025-08-04 23:28:56', '2025-08-04 23:28:56'),
(0, 0, 1, 'Tempore cura unus occaecati volubilis. Unde deorsum vitiosus contego taedium arguo tabesco.', 16032, 17, '2025-03-13 18:57:58', '2025-03-13 18:57:58'),
(1, 1, 7, 'Aureus adhuc surgo confido. Commodo decens tollo triumphus arma abduco bonus sequi culpa.', 2232, 40, '2024-08-04 12:53:53', '2024-08-04 12:53:53'),
(0, 0, 1, 'Vitae tersus victus. Ipsa amor arma.', 18243, 19, '2025-11-27 12:06:46', '2025-11-27 12:06:46'),
(0, 0, 9, 'Est clarus cerno apostolus. Concedo subito conitor minus crudelis clementia denuo tondeo assentator distinctio.', 1035, 21, '2025-05-12 00:32:06', '2025-05-12 00:32:06'),
(1, 0, 3, 'Complectus tepesco adduco cado vorago cupio volaticus vaco agnitio. Verbera tamquam ager ulciscor vis pecco vestigium nulla.', 5939, 48, '2025-05-26 08:21:26', '2025-05-26 08:21:26'),
(1, 0, 9, 'Carpo decens dedecor odio creator compello basium. Demens tot caveo taedium.', 12348, 33, '2024-07-17 13:45:25', '2024-07-17 13:45:25'),
(1, 0, 2, 'Antea corrumpo aggero at addo aetas adficio. Custodia taceo timor.', 6741, 11, '2025-09-20 05:33:57', '2025-09-20 05:33:57'),
(1, 0, 10, 'Angulus tepesco suadeo sint. Claudeo amissio alias aer vitiosus thymbra subseco aveho.', 13404, 44, '2025-11-17 01:45:23', '2025-11-17 01:45:23'),
(1, 0, 9, 'Vigor thorax carpo at. Curvo denuo pecto coniecto beneficium cauda deleo abbas tenuis venustas.', 2157, 23, '2025-10-20 14:14:36', '2025-10-20 14:14:36'),
(1, 0, 5, 'Tribuo contra credo carbo error totus autem aegrus. Incidunt pectus caste cruentus patria.', 3031, 3, '2024-03-13 00:57:33', '2024-03-13 00:57:33'),
(0, 0, 9, 'Spoliatio tergeo ullus casus. Curvo terminatio tyrannus curtus decor aestas.', 5239, 16, '2025-04-19 21:01:32', '2025-04-19 21:01:32'),
(1, 0, 4, 'Tabula barba enim rem concedo acsi cicuta benigne. Quos audax demoror comedo claudeo porro cruciamentum cohaero solium.', 7793, 33, '2024-01-10 14:06:01', '2024-01-10 14:06:01'),
(1, 0, 10, 'Umbra creta perspiciatis approbo sulum. Abduco tandem cumque.', 6618, 45, '2025-01-12 10:17:26', '2025-01-12 10:17:26'),
(1, 0, 7, 'Suasoria reprehenderit adimpleo correptius. Cibo aveho explicabo arcus beneficium vilis abscido quisquam aureus.', 10836, 49, '2025-04-19 11:43:44', '2025-04-19 11:43:44'),
(0, 0, 5, 'Asper tum asper ulterius. Taedium comptus comis audacia cuppedia damno adipiscor cohaero.', 1949, 12, '2025-04-25 06:21:50', '2025-04-25 06:21:50'),
(1, 0, 2, 'Taceo molestias vallum dedecor architecto abundans tabella sub tabula. Summisse vis amet crebro vobis votum tandem statua.', 9468, 50, '2025-01-21 00:12:01', '2025-01-21 00:12:01'),
(1, 0, 2, 'Apto apud contra arcus bis. Quisquam eaque id vobis audentia.', 13144, 47, '2024-03-01 03:02:37', '2024-03-01 03:02:37'),
(1, 0, 5, 'Thesaurus absque vitae cum vesco. Contra aqua cupiditas coaegresco.', 2866, 34, '2024-01-05 15:31:15', '2024-01-05 15:31:15'),
(0, 0, 3, 'Articulus causa alias non adhuc cavus modi caries. Xiphias tracto qui vado caritas culpa adhuc amissio turbo voro.', 10267, 31, '2024-12-30 22:56:43', '2024-12-30 22:56:43'),
(1, 0, 9, 'Sperno admoveo vesco labore accusantium stultus cogo abundans thermae. Aperiam celer vulticulus tempore.', 13206, 12, '2025-09-04 03:38:46', '2025-09-04 03:38:46'),
(0, 0, 4, 'Voluptas dolorem acies. Contabesco attonbitus inflammatio quas inventore demonstro quaerat tergo strenuus.', 11130, 27, '2024-12-30 07:02:51', '2024-12-30 07:02:51'),
(1, 0, 9, 'Admitto conicio deserunt degusto. Excepturi caelum bibo valeo cinis clibanus assentator crudelis.', 3256, 40, '2025-09-23 02:03:13', '2025-09-23 02:03:13'),
(1, 0, 8, 'Vergo depraedor colligo canto ventito attollo. Argentum corrigo vox terra tripudio versus annus verbum.', 14719, 20, '2024-11-24 22:53:34', '2024-11-24 22:53:34'),
(1, 0, 1, 'Solus voluntarius ustilo surgo claudeo utilis. Peior demitto truculenter vilitas aspicio deputo cilicium paens somniculosus.', 10076, 18, '2025-02-11 08:39:42', '2025-02-11 08:39:42'),
(1, 0, 4, 'Succedo sono curia accusator. Defleo minus ceno acer calcar accedo antepono.', 17797, 28, '2025-09-10 14:38:20', '2025-09-10 14:38:20'),
(1, 0, 4, 'Templum totus dolore cunabula cogo vicinus. Suppono viduo tametsi modi cuius sui vinum omnis synagoga sunt.', 18845, 26, '2025-06-01 00:58:34', '2025-06-01 00:58:34'),
(1, 0, 9, 'Color adinventitias subito adfero provident tenus angelus cruciamentum. Socius temperantia adsuesco canonicus crustulum defleo aranea porro vestrum acervus.', 2993, 9, '2024-08-11 23:10:45', '2024-08-11 23:10:45'),
(1, 0, 4, 'Tantillus confugo minus pax vorago conqueror alveus quam aiunt. Vulgo aspernatur earum spectaculum conventus altus corroboro vere adfero aspicio.', 12726, 24, '2025-10-31 07:35:19', '2025-10-31 07:35:19'),
(0, 0, 3, 'Aduro cado tam comitatus mollitia capio abutor carmen. Ducimus blanditiis tabernus bene crustulum.', 6688, 34, '2024-12-06 14:06:58', '2024-12-06 14:06:58'),
(1, 0, 4, 'Amplus crebro terebro sonitus absconditus sublime ex. Aveho similique cultura patruus.', 16002, 30, '2025-09-15 17:30:46', '2025-09-15 17:30:46'),
(1, 0, 2, 'Animi corrupti repellat supra. Aduro totidem argentum cena conitor.', 17110, 42, '2025-03-24 10:39:31', '2025-03-24 10:39:31'),
(1, 0, 1, 'Curo timidus adhuc vero repellat temporibus demum viduo labore. Ancilla asper cunae carbo ocer tribuo totidem triumphus strenuus.', 10635, 44, '2024-03-03 04:33:41', '2024-03-03 04:33:41'),
(1, 1, 2, 'Conscendo denuo cumque dolorum laudantium demo cupiditate. Calco spectaculum strenuus.', 938, 11, '2025-05-23 12:59:33', '2025-05-23 12:59:33'),
(1, 0, 5, 'Deleniti ullus succedo laudantium. Colo apparatus vilitas pel tendo veritas votum tergum tergo.', 15613, 29, '2024-11-04 03:42:33', '2024-11-04 03:42:33'),
(1, 1, 2, 'Corrupti turbo clementia. Surgo sed assumenda cattus curto debitis pauper provident.', 17978, 36, '2024-07-16 08:27:22', '2024-07-16 08:27:22'),
(0, 0, 2, 'Vestigium peccatus ante sumo amitto. Ullam triduana cibus aiunt.', 336, 10, '2024-06-11 10:28:50', '2024-06-11 10:28:50'),
(1, 0, 9, 'A creta arbustum tener aer chirographum corrigo patruus turba. Facere canto tametsi nam aveho vesper cubicularis vetus supra adeptio.', 7381, 38, '2024-08-05 08:21:33', '2024-08-05 08:21:33'),
(1, 0, 5, 'Admitto candidus tumultus torqueo auditor aer vociferor tutis strues. Vehemens censura celebrer clamo ventus ascit statua molestias debitis arx.', 16158, 20, '2024-12-09 19:06:29', '2024-12-09 19:06:29'),
(0, 0, 1, 'Turbo deputo acquiro unde demergo vulnero. Venia ait coruscus tempus.', 12138, 16, '2024-08-08 15:21:53', '2024-08-08 15:21:53'),
(0, 0, 4, 'Ulterius ut conduco venia corporis deorsum carmen conforto blandior fugiat. Nesciunt corroboro advenio comparo tubineus cum amplus.', 11821, 41, '2025-04-24 19:43:49', '2025-04-24 19:43:49'),
(1, 0, 1, 'Cunae vestigium video. Architecto admiratio aegrus cattus.', 15340, 12, '2024-05-24 03:45:45', '2024-05-24 03:45:45'),
(1, 0, 1, 'Veniam aequitas ventito vere vulticulus validus celebrer id. Astrum suppono voro cito.', 6796, 4, '2024-07-13 01:24:57', '2024-07-13 01:24:57'),
(0, 0, 10, 'Volup anser abundans bardus ter trucido. Convoco bonus valens thorax.', 3534, 46, '2025-07-07 11:24:20', '2025-07-07 11:24:20'),
(1, 0, 3, 'Assumenda delibero tamen sperno talus coma sapiente arma magnam copia. Acies ullam crepusculum voluptates video alveus ceno.', 12471, 24, '2025-11-05 08:24:16', '2025-11-05 08:24:16'),
(1, 0, 10, 'Tergeo clarus canto certus adimpleo vado consequatur testimonium. Circumvenio tamdiu cenaculum.', 6030, 9, '2025-04-23 00:33:38', '2025-04-23 00:33:38'),
(1, 0, 9, 'Adaugeo alius conqueror maiores tactus tricesimus sui censura. Vox chirographum comprehendo solvo aliqua aperiam adnuo rem.', 836, 27, '2024-10-17 20:12:39', '2024-10-17 20:12:39'),
(0, 0, 10, 'Triduana vito tui. Alioqui suscipit denuo solvo sint tandem.', 14499, 31, '2025-06-30 19:07:34', '2025-06-30 19:07:34'),
(0, 0, 9, 'Absum curvo admoveo odio enim agnitio demo. Vereor cognatus deinde adsuesco angustus somnus abduco ars celer.', 18840, 43, '2024-07-20 18:16:58', '2024-07-20 18:16:58'),
(0, 0, 4, 'Audax tum triduana voluntarius thesis cognatus ulterius. Subvenio alioqui sint voluntarius molestias defendo deserunt abduco compono.', 6985, 50, '2025-11-18 16:55:07', '2025-11-18 16:55:07'),
(1, 0, 7, 'Suscipit cicuta color. Quibusdam attonbitus caries vallum stips adfectus degero tardus fugit.', 13560, 19, '2024-11-28 01:26:45', '2024-11-28 01:26:45'),
(1, 0, 5, 'Vulticulus audentia voveo certe deripio valetudo clibanus. Explicabo sol credo capitulus sto tepesco nulla desidero careo.', 10716, 42, '2024-08-02 21:53:47', '2024-08-02 21:53:47'),
(1, 0, 4, 'Calamitas defaeco occaecati copiose nemo aranea pax casso depono. Vinco tum thorax decerno claro tabesco cattus abutor talio.', 19354, 3, '2025-04-22 21:55:16', '2025-04-22 21:55:16'),
(0, 0, 4, 'Veniam suscipio uberrime desino adipisci. Vallum reiciendis summopere compello.', 6368, 5, '2024-12-09 17:25:12', '2024-12-09 17:25:12'),
(0, 0, 6, 'Vomica tenuis ipsa demoror attero beatus speculum. Acer peccatus vinum curvo vapulus.', 17160, 44, '2025-03-24 22:43:59', '2025-03-24 22:43:59'),
(1, 0, 3, 'Delibero aspicio cupressus pecco dapifer pecco patrocinor tracto astrum. Aspicio ratione aeger surculus tabesco virgo porro amor.', 16771, 45, '2024-03-11 19:13:37', '2024-03-11 19:13:37'),
(0, 0, 3, 'Barba vae stipes. Terra clementia expedita crudelis cultellus autus culpo taedium tristis artificiose.', 9520, 48, '2025-06-01 20:25:10', '2025-06-01 20:25:10'),
(1, 0, 9, 'Minus conor apparatus trado subvenio amplus. Aedificium explicabo celebrer ducimus vomica.', 9526, 18, '2025-09-23 13:06:33', '2025-09-23 13:06:33'),
(1, 0, 6, 'Officiis velociter coadunatio. Vilicus absque vere.', 10652, 11, '2025-04-05 04:04:57', '2025-04-05 04:04:57'),
(0, 0, 1, 'Depromo decet curriculum tyrannus ullam. Eius curiositas cumque calamitas pecto adficio utpote.', 5736, 33, '2024-10-04 07:55:32', '2024-10-04 07:55:32'),
(1, 0, 3, 'Inflammatio umbra cultellus aperiam conqueror angelus alo eos. Volutabrum vito utroque demergo venustas triduana sperno cena audacia censura.', 8549, 1, '2025-08-01 20:01:49', '2025-08-01 20:01:49'),
(1, 0, 10, 'Vacuus cohibeo vobis auditor cado. Defaeco cursus coepi eius ad.', 6474, 23, '2024-03-18 13:16:23', '2024-03-18 13:16:23'),
(0, 0, 1, 'Aureus vulgaris amoveo. Vinum doloribus cupiditate ascisco ipsa temeritas damnatio.', 11713, 25, '2024-05-11 17:18:19', '2024-05-11 17:18:19'),
(1, 0, 8, 'Deduco id brevis adsuesco perspiciatis beatus tendo triumphus. Vulpes quos terminatio pecus dedico desolo.', 8462, 13, '2024-03-31 14:15:32', '2024-03-31 14:15:32'),
(1, 1, 10, 'Vociferor allatus vergo. Aeneus depono ocer certus adnuo debeo aegrus.', 134, 28, '2025-10-13 20:46:03', '2025-10-13 20:46:03'),
(1, 0, 7, 'Mollitia bardus curvo convoco. Placeat conforto thesaurus talis.', 3605, 37, '2025-06-29 00:36:16', '2025-06-29 00:36:16'),
(1, 1, 1, 'Ancilla laborum benevolentia animadverto amaritudo stillicidium. Atque incidunt agnosco vergo cresco.', 13599, 43, '2024-07-28 21:15:33', '2024-07-28 21:15:33'),
(1, 0, 6, 'Pectus tibi adaugeo attollo. Talus trans facere statua amicitia adversus adeo correptius.', 15880, 14, '2025-05-06 02:04:12', '2025-05-06 02:04:12'),
(1, 0, 3, 'Strenuus crux arceo sodalitas. Vestigium suus conor abduco.', 131, 21, '2024-02-11 20:55:55', '2024-02-11 20:55:55'),
(0, 0, 8, 'Ceno comprehendo suscipit conor. Inventore non peior thymbra deleniti perferendis esse succedo.', 16534, 42, '2025-02-05 14:18:32', '2025-02-05 14:18:32'),
(0, 1, 3, 'Derelinquo enim cariosus deficio traho causa depono despecto clam. Stillicidium toties excepturi adhaero cotidie tribuo.', 12688, 47, '2025-04-28 06:34:29', '2025-04-28 06:34:29'),
(1, 0, 6, 'Depono defendo balbus bis autus caste. Supellex textor barba copiose tremo apto stips calculus.', 3854, 5, '2025-08-15 07:03:36', '2025-08-15 07:03:36'),
(1, 0, 2, 'Brevis sopor patruus subnecto coepi soluta cedo. Valens animi vestrum adduco corroboro avarus volutabrum.', 19358, 22, '2025-03-31 12:21:20', '2025-03-31 12:21:20'),
(1, 0, 8, 'Armarium caste derelinquo damnatio vos valetudo thalassinus aureus. Depromo corpus studio alveus pecto.', 837, 29, '2024-03-05 03:20:24', '2024-03-05 03:20:24'),
(1, 1, 7, 'Comptus volaticus aliquid utrum. Pel carbo comparo voluptas verecundia adeo aliquid aliqua eius.', 2174, 36, '2024-03-24 00:30:40', '2024-03-24 00:30:40'),
(0, 1, 6, 'Damno valde itaque eaque taedium quidem autus. Autem cohibeo auctor.', 243, 32, '2025-10-12 04:47:30', '2025-10-12 04:47:30'),
(1, 1, 5, 'Pectus chirographum velum aranea venustas nulla doloribus aiunt. Curtus casso somniculosus pecto antea solvo verecundia.', 17355, 10, '2025-02-06 14:09:36', '2025-02-06 14:09:36'),
(0, 0, 4, 'Eligendi tepesco vorax comes condico caveo vere clarus tabernus velit. Tergiversatio velut ocer adsuesco cras.', 9140, 17, '2025-06-24 08:57:36', '2025-06-24 08:57:36'),
(0, 0, 3, 'Tredecim tandem ustilo aestas colligo curia. Conculco vesica praesentium combibo.', 10500, 28, '2024-06-13 14:01:05', '2024-06-13 14:01:05'),
(0, 0, 5, 'Natus coepi thema. Carpo tendo talus spargo correptius cedo casso degero dolorum.', 11403, 48, '2025-02-27 21:47:11', '2025-02-27 21:47:11'),
(1, 0, 10, 'Coerceo suppellex corrigo ago vulariter tricesimus. Solium clementia cunabula vitium deporto credo tergiversatio amor depraedor.', 662, 38, '2024-04-02 17:30:48', '2024-04-02 17:30:48'),
(1, 0, 10, 'Aut depromo vilitas. Placeat verto saepe decretum vae illum ducimus.', 19006, 50, '2025-07-16 00:06:35', '2025-07-16 00:06:35'),
(1, 1, 10, 'Sumo aureus patior solus assumenda vesica tibi decipio. Dignissimos casus libero cotidie agnitio.', 501, 42, '2024-12-03 00:14:29', '2024-12-03 00:14:29'),
(1, 1, 10, 'Pax ut cruentus auditor patior desolo ager communis ait ater. Accendo tondeo tempora carbo angelus tollo spiculum adipiscor volaticus abutor.', 1576, 43, '2024-09-28 18:10:25', '2024-09-28 18:10:25'),
(1, 0, 2, 'Debeo avaritia subnecto bellum vicissitudo. Absconditus vicinus adsuesco textus.', 4729, 43, '2024-08-14 06:23:27', '2024-08-14 06:23:27'),
(1, 0, 7, 'Admitto aperte cupressus somnus. Cras validus usitas consequatur voluptatum degero suspendo sto.', 19001, 46, '2024-12-20 16:54:44', '2024-12-20 16:54:44'),
(1, 0, 3, 'Dignissimos aeger argentum totidem suppellex tenax adimpleo. Tunc provident tandem casso accendo abscido balbus umquam infit via.', 3332, 38, '2025-03-31 19:23:51', '2025-03-31 19:23:51'),
(0, 0, 3, 'Utroque video victus cenaculum alveus cogo. Conventus amaritudo termes vespillo magnam.', 1413, 45, '2024-09-20 14:22:12', '2024-09-20 14:22:12'),
(0, 0, 9, 'Volo occaecati provident comparo asporto. Decimus vis volubilis consequuntur.', 10242, 20, '2025-08-11 06:28:58', '2025-08-11 06:28:58'),
(1, 0, 6, 'Terreo sono crudelis undique qui torrens clementia tremo testimonium patrocinor. Clam aedificium quidem ultio umbra patior vicinus facilis.', 8390, 30, '2024-04-26 09:01:03', '2024-04-26 09:01:03'),
(1, 0, 7, 'Causa tunc audax ventito vilicus bellum animadverto. Ultra adhaero advenio voro cognomen inflammatio.', 19189, 40, '2025-11-14 04:16:31', '2025-11-14 04:16:31'),
(0, 0, 3, 'Verumtamen vita demulceo tondeo tum celer desparatus desipio ceno curtus. Aestivus cedo aer celo speciosus repellat.', 16768, 3, '2025-11-12 17:49:35', '2025-11-12 17:49:35'),
(1, 0, 8, 'Admoneo substantia arbor utrum tepesco basium aufero. Tot repellat deleniti vapulus desidero coma admiratio cenaculum.', 3175, 47, '2024-07-22 10:53:05', '2024-07-22 10:53:05'),
(1, 0, 2, 'Cur tonsor bonus cena combibo tribuo animus. Curia admiratio caveo contego.', 9728, 9, '2024-03-15 18:02:31', '2024-03-15 18:02:31'),
(0, 0, 4, 'Depono calculus vulgus urbs. Cicuta decens cernuus talus spero natus tendo.', 15056, 18, '2024-08-23 19:43:19', '2024-08-23 19:43:19'),
(1, 0, 1, 'Maiores centum tripudio amoveo cavus bis temperantia ustilo terreo. Aqua vere deripio deficio.', 11821, 4, '2025-05-11 00:25:57', '2025-05-11 00:25:57'),
(0, 0, 8, 'Bonus defleo volo omnis vilitas cado thermae suspendo vehemens. Coniecto anser asper aperte quo demo aqua calcar super aeternus.', 3643, 31, '2024-11-27 00:17:55', '2024-11-27 00:17:55'),
(0, 0, 3, 'Quaerat appositus deorsum repellat tamen cupiditas vulgaris dapifer. Vinco autem alius trepide ut.', 17781, 27, '2025-06-22 20:54:38', '2025-06-22 20:54:38'),
(1, 0, 6, 'Commodi conicio tricesimus doloremque deprecator colo capio veritas vulgivagus alter. Varius contra theatrum cilicium adfectus cognomen omnis.', 1941, 12, '2024-03-09 11:46:47', '2024-03-09 11:46:47'),
(1, 0, 9, 'Accedo cupio combibo atrox placeat torrens. Solutio dolorum abduco confido amor caute aro vinitor animadverto.', 2236, 39, '2025-02-23 03:25:58', '2025-02-23 03:25:58'),
(0, 0, 3, 'Tripudio thalassinus deorsum. Asper suppellex totam venustas ancilla.', 2644, 22, '2025-10-09 03:09:28', '2025-10-09 03:09:28'),
(1, 1, 9, 'Voco tredecim viridis acies. Curiositas canto asper caste vomito.', 11695, 44, '2025-05-10 14:44:37', '2025-05-10 14:44:37'),
(1, 0, 8, 'Aduro nisi absque contra avaritia tabgo delectatio campana repellendus. Cerno astrum audacia addo consuasor architecto debeo demergo.', 17858, 34, '2024-05-27 16:44:48', '2024-05-27 16:44:48'),
(1, 0, 1, 'Verto armarium pecco patrocinor solvo comprehendo. Atrox baiulus vita adnuo solutio vehemens aranea cena.', 4599, 50, '2024-07-20 13:34:24', '2024-07-20 13:34:24'),
(1, 0, 10, 'Terminatio delego coruscus umerus. Umerus vigilo delectatio speculum arca vereor delectus cernuus.', 1948, 3, '2025-06-18 00:29:13', '2025-06-18 00:29:13'),
(0, 0, 3, 'Tutis substantia appositus. Cattus centum aranea cura vinitor cupressus cultura.', 5985, 43, '2023-12-16 17:58:27', '2023-12-16 17:58:27'),
(1, 0, 3, 'Doloremque amplexus explicabo balbus vulnus. Cultura aeternus antiquus angelus.', 16118, 14, '2024-01-05 15:57:58', '2024-01-05 15:57:58'),
(1, 0, 8, 'Doloribus accedo viridis. Vicissitudo careo calcar suppellex complectus peccatus arbor.', 1615, 37, '2024-07-21 07:00:06', '2024-07-21 07:00:06'),
(0, 0, 6, 'Bibo combibo admoveo doloribus canonicus casus supplanto adamo depraedor aequus. Tertius nostrum volva sumptus vorago attollo valeo.', 9896, 19, '2024-06-21 19:48:26', '2024-06-21 19:48:26'),
(1, 0, 8, 'Correptius beneficium vaco dens quod defluo cruentus amissio delicate chirographum. Tepidus collum arca ultra certus cenaculum.', 13044, 36, '2025-03-24 01:15:12', '2025-03-24 01:15:12'),
(0, 0, 4, 'Suppono sustineo nihil velit coniuratio synagoga animadverto spoliatio. Amissio tutamen tristis repellendus cavus denuo.', 4943, 33, '2025-08-05 04:26:17', '2025-08-05 04:26:17'),
(1, 0, 5, 'Urbs cultellus curiositas coerceo angulus vilicus auctor terreo attollo occaecati. Cumque solum certe supellex sopor.', 1621, 19, '2025-04-11 10:32:37', '2025-04-11 10:32:37'),
(1, 0, 7, 'Atqui delinquo cultura terror. Tunc temptatio illo sponte amoveo.', 7073, 1, '2024-08-06 01:20:37', '2024-08-06 01:20:37'),
(0, 1, 1, 'Tabesco acies vulnero tabella cursus temperantia vel cursim socius. Cubitum velum adicio deprecator colo reiciendis.', 16472, 41, '2023-12-24 22:17:43', '2023-12-24 22:17:43'),
(0, 0, 6, 'Recusandae ratione cerno recusandae verus calculus ipsum deorsum pauci conturbo. Nihil deorsum ultio vobis adeo capitulus magnam attollo admitto debitis.', 11194, 4, '2024-02-08 00:22:10', '2024-02-08 00:22:10'),
(1, 0, 3, 'Tepesco coruscus quo cultura terga tumultus viridis. Aetas arguo surculus censura colo defungo.', 416, 23, '2025-05-30 17:56:46', '2025-05-30 17:56:46'),
(1, 0, 2, 'Arca agnitio minima aperte amaritudo itaque audentia comprehendo terminatio tergum. Defendo balbus degero suscipio subvenio decet custodia.', 12719, 14, '2024-01-04 04:03:38', '2024-01-04 04:03:38'),
(1, 0, 6, 'Vivo terror voluptates cognomen cotidie. Acquiro valens summa depraedor esse curo ambitus.', 4298, 22, '2023-12-26 14:10:22', '2023-12-26 14:10:22'),
(1, 0, 5, 'Cotidie depromo vigor fuga compello cruentus antiquus theca advoco. Tres tepidus complectus aspicio cohibeo sub.', 15650, 10, '2024-05-11 08:57:57', '2024-05-11 08:57:57'),
(1, 0, 2, 'Vicinus voco vulgo depereo vapulus capillus tripudio. Umbra curto arcus vulnus cedo autus apparatus perferendis triduana.', 9586, 34, '2024-10-04 02:57:11', '2024-10-04 02:57:11'),
(1, 1, 6, 'Soleo custodia sunt suus tardus adstringo necessitatibus comptus. Adsuesco acerbitas vorax.', 17227, 4, '2025-02-16 06:19:45', '2025-02-16 06:19:45'),
(1, 0, 8, 'Aspernatur undique tres audax sopor ventosus tenax. Sperno umquam tactus combibo vulariter adipiscor creptio venustas.', 17610, 3, '2025-09-17 17:28:42', '2025-09-17 17:28:42'),
(1, 0, 1, 'Cuppedia alienus veritas vado consectetur praesentium. Demo trans tenus voluntarius.', 8193, 42, '2025-04-10 04:16:01', '2025-04-10 04:16:01'),
(1, 0, 2, 'Terebro vicissitudo aegrus. Cuppedia ciminatio vulgaris caterva unus earum vilicus nulla.', 13313, 31, '2025-05-07 14:58:42', '2025-05-07 14:58:42'),
(0, 0, 3, 'Recusandae suus summopere conitor bos casso velociter sortitus. Veniam defleo conor theatrum ex acies.', 14410, 25, '2025-08-17 21:30:23', '2025-08-17 21:30:23'),
(1, 0, 8, 'Aequitas vespillo accusamus patruus ancilla. Ante delego derelinquo.', 11744, 18, '2024-03-24 11:35:53', '2024-03-24 11:35:53'),
(1, 0, 4, 'Creator civis sustineo dapifer atrocitas demoror verumtamen vox ulterius pauci. Vulariter amicitia delego voluntarius admoneo trucido correptius auxilium.', 8835, 23, '2024-01-11 15:07:44', '2024-01-11 15:07:44'),
(0, 0, 1, 'Cibus sollicito uredo. Textus alias baiulus ipsam crapula velum celer convoco adimpleo comparo.', 16711, 16, '2025-06-28 23:18:48', '2025-06-28 23:18:48'),
(1, 0, 8, 'Conicio argumentum textus ipsam varietas conqueror thesaurus nobis. Curvo vigor utpote caste magni ter.', 15977, 19, '2025-08-22 16:04:28', '2025-08-22 16:04:28'),
(0, 1, 4, 'Valens delectus ab audio vergo vel. Sulum alioqui vulariter fugit arbustum antea facere trepide capto.', 1989, 44, '2024-07-11 07:21:27', '2024-07-11 07:21:27'),
(1, 0, 1, 'Veritatis claudeo claro. Tres cenaculum arx numquam textor.', 14118, 27, '2024-03-24 12:48:16', '2024-03-24 12:48:16'),
(0, 0, 9, 'Dicta creo utrimque eaque. Templum adulescens aegrotatio adsum depono.', 13732, 46, '2025-10-28 07:34:56', '2025-10-28 07:34:56'),
(1, 0, 1, 'Dens adsidue usitas cenaculum. Quibusdam odio vicissitudo video deprimo iusto.', 19590, 5, '2025-02-27 09:19:57', '2025-02-27 09:19:57'),
(1, 0, 2, 'Thalassinus decerno uxor voco magnam. Arbitro torqueo aestivus contigo demergo accendo quae bibo contra.', 7598, 18, '2025-01-26 02:32:19', '2025-01-26 02:32:19'),
(0, 1, 1, 'Molestiae deleniti auxilium quisquam thermae. Quibusdam cotidie uredo enim voluptate.', 9050, 30, '2024-11-27 14:51:24', '2024-11-27 14:51:24'),
(0, 0, 1, 'Verbera vigor ocer. Celo textilis terra.', 3632, 41, '2025-05-12 21:41:12', '2025-05-12 21:41:12'),
(1, 0, 9, 'Ancilla verbum bellum creta dens cur excepturi vae. Depereo tener reiciendis centum a capio vulgaris articulus cohibeo.', 4603, 47, '2024-07-13 15:44:33', '2024-07-13 15:44:33'),
(1, 0, 4, 'Trepide tepidus cultellus artificiose ubi cursus. Quis collum pauper cultura audio conatus.', 11722, 27, '2025-07-20 22:58:40', '2025-07-20 22:58:40'),
(0, 0, 10, 'Depono adsidue talus deputo aggredior commodi quas. Nostrum volup vesper defluo defero in.', 17225, 26, '2024-08-17 09:44:39', '2024-08-17 09:44:39'),
(1, 0, 1, 'Spero abbas ubi. Valde ultio vigilo armarium.', 634, 39, '2025-10-06 09:22:34', '2025-10-06 09:22:34'),
(1, 0, 3, 'Ventito adficio patrocinor pax carpo urbs alveus vulnero coadunatio. Sortitus adsidue cicuta advenio verecundia vox carmen collum.', 13733, 25, '2025-06-20 14:56:38', '2025-06-20 14:56:38'),
(0, 0, 4, 'Tonsor tamen colligo benigne. Amicitia thema aestas conturbo tunc aedificium argentum magnam.', 19565, 39, '2025-09-04 00:35:16', '2025-09-04 00:35:16'),
(0, 0, 9, 'Thymum odio sursum avarus conatus corporis compono acquiro. Textilis appositus universe vulnero conduco.', 14442, 20, '2024-05-11 02:50:31', '2024-05-11 02:50:31'),
(1, 0, 4, 'Saepe repellendus caute. Vinculum dedecor color vespillo.', 3510, 28, '2024-01-26 12:55:33', '2024-01-26 12:55:33'),
(1, 0, 3, 'Suppellex cedo absque ambitus theca paulatim voro. Comedo adulescens bene sopor assentator itaque.', 3942, 28, '2025-02-28 19:45:35', '2025-02-28 19:45:35'),
(0, 0, 2, 'Conforto beneficium ultra abutor barba agnosco. Carus clibanus amicitia caute reiciendis tactus ancilla tristis victus caste.', 10710, 6, '2023-12-30 00:07:55', '2023-12-30 00:07:55'),
(1, 0, 7, 'Thema carbo curto vergo cedo porro debeo antiquus. Sodalitas quibusdam tabernus.', 9303, 14, '2024-10-22 15:04:27', '2024-10-22 15:04:27'),
(1, 0, 5, 'Nulla nesciunt depopulo delicate nobis aspicio thermae deputo amo suppellex. Verecundia libero pecus.', 17121, 5, '2025-03-10 05:26:46', '2025-03-10 05:26:46'),
(0, 0, 2, 'Totam tamdiu asper universe cui. Ultio sumo culpa sono dicta ullus vix molestias.', 13326, 9, '2024-08-06 02:31:44', '2024-08-06 02:31:44'),
(1, 0, 2, 'Surculus eaque neque spiritus. Conduco vinitor tabgo validus.', 4788, 42, '2025-01-31 06:58:17', '2025-01-31 06:58:17'),
(0, 0, 9, 'Bibo thesis patrocinor. Aveho conservo clibanus theologus adstringo.', 16092, 37, '2025-11-16 04:18:59', '2025-11-16 04:18:59'),
(1, 0, 3, 'Cena dedico cattus angulus solvo vicissitudo aduro vomica nostrum. Copiose atqui saepe.', 100, 11, '2025-04-28 07:35:46', '2025-04-28 07:35:46'),
(0, 0, 5, 'Adipiscor demens territo pel. Doloribus ubi cultura cura tempore commodo cunae avaritia sophismata triduana.', 18875, 26, '2024-10-11 20:12:16', '2024-10-11 20:12:16'),
(1, 0, 4, 'Esse caute strues tempus coniecto tepidus astrum tam vinitor cenaculum. Avarus casso venia culpo culpa textilis tenus ver ademptio.', 18460, 2, '2025-10-06 16:06:35', '2025-10-06 16:06:35'),
(0, 0, 5, 'Arbustum incidunt tonsor terreo quasi. Taceo depulso creo cultura confugo et demoror volup.', 4064, 16, '2025-11-12 13:30:25', '2025-11-12 13:30:25'),
(0, 0, 1, 'Desparatus tersus dolorem absorbeo. Artificiose vos recusandae porro suscipio.', 5131, 44, '2025-08-02 05:54:55', '2025-08-02 05:54:55'),
(1, 0, 5, 'Tunc tenus tersus adaugeo cinis theca. Illo iusto torqueo curiositas admoveo.', 19329, 22, '2024-07-29 22:08:32', '2024-07-29 22:08:32'),
(0, 0, 9, 'Allatus vesper bos viscus adficio atrocitas corporis alveus comburo. Tolero laudantium auditor subito demens.', 7541, 38, '2024-01-25 16:03:11', '2024-01-25 16:03:11'),
(1, 0, 7, 'Adfectus temperantia degero titulus vehemens. Repellat una timidus atqui suus cavus cohibeo valde volaticus volo.', 18944, 32, '2024-12-29 17:31:25', '2024-12-29 17:31:25'),
(1, 0, 8, 'Charisma copiose curvo. Eaque comprehendo acies.', 10301, 30, '2025-12-05 22:34:50', '2025-12-05 22:34:50'),
(1, 0, 9, 'Civitas delinquo suppellex abutor tardus. Capto degero tot terga voluptatibus conforto cariosus vinco modi voluptate.', 5822, 30, '2024-02-08 05:58:26', '2024-02-08 05:58:26'),
(1, 0, 7, 'Corpus deleo consectetur cinis cunctatio. Spes vulariter canto degenero.', 18587, 4, '2025-04-21 06:36:31', '2025-04-21 06:36:31'),
(0, 0, 9, 'Mollitia depromo usque. Vado aveho sulum arbustum.', 12771, 20, '2024-11-17 07:05:07', '2024-11-17 07:05:07'),
(0, 0, 2, 'Vesco earum commodo auxilium cerno aer veritatis cicuta angulus adstringo. Absum substantia necessitatibus totidem dolorum.', 2192, 43, '2024-12-12 14:01:55', '2024-12-12 14:01:55'),
(1, 0, 7, 'Commodo amplus deprecator corrupti absorbeo admoveo. Cicuta subvenio thymbra carmen sed voluptates.', 10002, 13, '2024-04-07 15:59:09', '2024-04-07 15:59:09'),
(1, 0, 4, 'Debilito comptus amicitia admoveo audacia. Degero perspiciatis denique.', 12381, 3, '2024-07-17 19:59:44', '2024-07-17 19:59:44'),
(1, 0, 5, 'Aequus vulnero adsum venia currus spargo. Dolorum amet nobis bellum enim adficio colligo tendo reiciendis consequuntur.', 9889, 46, '2024-01-21 21:47:06', '2024-01-21 21:47:06'),
(0, 0, 4, 'Ascit corpus capitulus anser corrigo deprecator amplexus. Aeneus pectus sumo pecto est voluntarius sufficio.', 15482, 29, '2024-01-05 22:43:19', '2024-01-05 22:43:19'),
(1, 0, 5, 'Vobis subiungo non deinde adopto communis culpa nostrum demum maiores. Comitatus harum carcer pecus tergiversatio.', 4753, 15, '2024-09-21 02:50:02', '2024-09-21 02:50:02'),
(1, 0, 5, 'Angustus tenetur peior. Ars barba adnuo fugit chirographum bene universe ultra taedium suscipit.', 4142, 45, '2023-12-14 00:04:05', '2023-12-14 00:04:05'),
(1, 0, 9, 'Sumo cultura delectus candidus cervus antepono sursum repellat. Adinventitias cupressus claudeo.', 2880, 48, '2024-02-25 10:34:44', '2024-02-25 10:34:44'),
(1, 0, 8, 'Veniam defero vinitor centum arbustum sint utor. Demens inflammatio valens derelinquo volutabrum atqui casso.', 18791, 22, '2024-07-06 18:25:19', '2024-07-06 18:25:19'),
(1, 0, 1, 'Cuius dicta quas depopulo utroque. Fugiat tametsi ager.', 13881, 48, '2025-01-01 07:45:37', '2025-01-01 07:45:37'),
(0, 1, 9, 'Desipio approbo rerum voluntarius depraedor. Eum adfero clam animadverto vinculum.', 991, 41, '2024-05-06 17:55:41', '2024-05-06 17:55:41'),
(1, 0, 5, 'Urbanus illum adiuvo coruscus comes dolore. Solitudo nostrum sumptus impedit defessus abundans appello libero.', 18204, 50, '2023-12-12 03:27:45', '2023-12-12 03:27:45'),
(1, 0, 7, 'Aggredior votum vivo thymum. Angulus caritas facilis suus.', 9056, 38, '2025-06-12 07:11:19', '2025-06-12 07:11:19'),
(0, 0, 5, 'Nemo spiculum coruscus curia debeo claustrum aetas. Suspendo adficio calculus cogo cauda spoliatio nobis adulatio decimus.', 17474, 11, '2025-03-09 18:16:55', '2025-03-09 18:16:55'),
(0, 0, 8, 'Umerus angustus vacuus bonus animi amor clamo summopere curvo aequus. Comedo hic aurum ullus suus patria una defluo vobis.', 8545, 21, '2025-09-17 07:02:11', '2025-09-17 07:02:11'),
(1, 0, 4, 'Aro porro coniecto deprecator velum coaegresco adfero comptus quisquam totidem. Impedit validus tergum vulariter caute cresco usitas suasoria beatae stabilis.', 13781, 7, '2024-11-06 15:28:17', '2024-11-06 15:28:17'),
(1, 0, 1, 'Vesper sto thema recusandae calcar doloribus illum. Colo sortitus caelum.', 11420, 50, '2024-05-18 02:10:44', '2024-05-18 02:10:44'),
(0, 0, 9, 'Contigo cubo quis concedo culpo calco uter substantia tantum absens. Asporto delinquo ventus bellum dignissimos.', 17910, 41, '2025-10-19 16:09:29', '2025-10-19 16:09:29'),
(1, 0, 3, 'Volubilis creator demonstro qui vomer teneo alius vere vesco. Animadverto patior celo.', 4446, 33, '2025-05-15 02:13:58', '2025-05-15 02:13:58'),
(0, 0, 7, 'Certe bellicus aperio. Conscendo tabula defaeco decerno carmen solium apud verto vitiosus.', 4805, 8, '2024-06-13 00:54:23', '2024-06-13 00:54:23'),
(1, 0, 3, 'Ustulo creta labore tepesco quaerat comes inflammatio clibanus tollo asporto. Nobis thesis degusto vulgivagus non supplanto temporibus uter sursum cornu.', 19692, 20, '2025-06-06 18:44:32', '2025-06-06 18:44:32'),
(1, 0, 5, 'Tonsor acervus deficio suffragium volva excepturi tenus degenero voco. Tristis aliquam solio vinculum ratione civis vilitas aeneus beneficium.', 16491, 50, '2024-08-24 14:13:04', '2024-08-24 14:13:04'),
(1, 0, 4, 'Chirographum ratione arbor causa adficio tendo. Celebrer comes virtus debitis cilicium inventore defessus cras tollo.', 1146, 44, '2024-04-20 14:46:00', '2024-04-20 14:46:00'),
(1, 0, 10, 'Doloribus dolorem arcus astrum pecto. Adiuvo adulatio valde suffragium fugit deprimo curis.', 9300, 8, '2024-10-10 13:05:55', '2024-10-10 13:05:55'),
(1, 1, 5, 'Sit aequus confero odio. Dignissimos abeo eligendi atqui adeptio abscido unus sufficio.', 9300, 16, '2024-08-02 06:20:27', '2024-08-02 06:20:27'),
(1, 0, 8, 'Thesis conduco aufero quod cerno thermae beatus similique collum. Assentator ars torrens vulgaris.', 11940, 22, '2024-11-01 14:41:01', '2024-11-01 14:41:01'),
(0, 0, 4, 'Sustineo quia tum vitiosus asporto ab absens. Debilito ad aedificium fuga arceo expedita cena tredecim.', 12268, 20, '2024-06-29 23:28:47', '2024-06-29 23:28:47'),
(1, 0, 2, 'Saepe natus quidem acies credo cursim tergiversatio solvo. Carus voluptatibus tabella subseco crepusculum crinis.', 19001, 6, '2024-12-04 01:51:05', '2024-12-04 01:51:05'),
(1, 0, 3, 'Nobis beneficium turpis adeptio dicta. Collum aeneus convoco tantillus sollicito qui tabella censura tunc admoveo.', 13378, 48, '2024-01-25 21:22:03', '2024-01-25 21:22:03'),
(1, 0, 2, 'Reprehenderit arx crepusculum adimpleo umbra cena voluptas. Error esse ipsa.', 5806, 17, '2023-12-15 22:52:41', '2023-12-15 22:52:41'),
(1, 0, 8, 'Degusto thymbra comburo placeat tunc capio magnam cenaculum creator copiose. Depereo vito aeneus creta cervus laboriosam.', 11650, 24, '2024-12-01 23:39:09', '2024-12-01 23:39:09'),
(1, 0, 8, 'Communis cohaero error molestias carcer. Volup alienus cresco quis.', 2111, 31, '2024-02-20 04:20:08', '2024-02-20 04:20:08'),
(0, 0, 6, 'Somniculosus acidus pecto utique eius conturbo tenetur synagoga. Vicinus tardus communis.', 3368, 21, '2024-07-13 07:58:05', '2024-07-13 07:58:05'),
(0, 0, 5, 'Aestas dedico acceptus caterva tricesimus coniuratio atqui suasoria. Dolor sodalitas eveniet cras.', 2526, 27, '2024-02-10 22:37:54', '2024-02-10 22:37:54'),
(1, 0, 5, 'Demum varietas considero ut comes compono catena. Paulatim ater custodia patria.', 13563, 43, '2024-10-03 00:27:31', '2024-10-03 00:27:31'),
(1, 0, 3, 'Coepi non coerceo compello tendo. Tardus subseco adulatio veritatis reiciendis summopere deprecator caecus delego.', 15947, 26, '2024-01-31 12:34:09', '2024-01-31 12:34:09'),
(1, 0, 5, 'Eum vulnero caelum hic alii accusamus taceo circumvenio. Viriliter aranea verecundia vitium aveho venio nesciunt.', 17835, 12, '2025-08-09 07:53:39', '2025-08-09 07:53:39'),
(1, 0, 5, 'Cito demitto ipsa minus cognatus venio eligendi. Clibanus tantum abduco tametsi accusantium tabesco et vilis spes ventosus.', 459, 21, '2025-10-08 18:20:58', '2025-10-08 18:20:58'),
(0, 1, 6, 'Autus colligo conscendo alius valetudo arceo carus abeo. Exercitationem demergo arma odit viscus.', 7128, 39, '2024-06-21 06:46:49', '2024-06-21 06:46:49'),
(1, 0, 4, 'Titulus accommodo attollo vetus. Censura tot cubitum aedificium anser cena adsum doloremque adflicto arcesso.', 18760, 42, '2025-03-27 11:43:20', '2025-03-27 11:43:20'),
(0, 0, 9, 'Vesica nobis eius theatrum. Caput tametsi cinis vomito calco ustulo crapula tepesco.', 374, 18, '2023-12-18 19:04:32', '2023-12-18 19:04:32'),
(1, 0, 9, 'Demoror caelestis coadunatio. Demitto valeo brevis.', 12448, 23, '2024-03-26 05:42:37', '2024-03-26 05:42:37'),
(1, 0, 9, 'Enim arceo molestias pectus voco. Tot certe demulceo terra compono contra.', 1265, 49, '2024-06-11 01:19:06', '2024-06-11 01:19:06'),
(1, 0, 10, 'Dolorem capillus cum capto tenus correptius excepturi tardus. Ademptio summa spiritus spero.', 1503, 28, '2024-08-15 06:53:53', '2024-08-15 06:53:53'),
(0, 0, 8, 'Stella degero trepide. Viriliter subnecto praesentium et succurro textilis terga asper tolero adhuc.', 5064, 14, '2024-01-16 11:43:57', '2024-01-16 11:43:57'),
(0, 0, 6, 'Traho incidunt clam combibo civis usus. Temeritas deleo creo.', 10372, 29, '2024-02-13 14:58:39', '2024-02-13 14:58:39'),
(1, 0, 3, 'Creo suggero corroboro casso repellat vetus argentum stultus. Amplexus caelum sursum tibi cornu solutio amoveo curtus vindico cinis.', 15283, 41, '2024-02-16 23:30:22', '2024-02-16 23:30:22'),
(1, 0, 4, 'Sordeo corrupti aqua alienus animi quae corrigo. Urbs surculus thermae quos demens capto sortitus coniuratio.', 17086, 9, '2024-12-24 02:41:25', '2024-12-24 02:41:25'),
(0, 0, 5, 'Curis deludo utilis vulgus cognatus. Supra mollitia solitudo blandior.', 6402, 15, '2024-04-18 10:30:59', '2024-04-18 10:30:59'),
(1, 0, 4, 'Carcer demo cupiditate deleo succurro cupiditas accedo curso corporis. Summisse ratione canis quam.', 171, 41, '2023-12-15 09:28:50', '2023-12-15 09:28:50'),
(1, 0, 7, 'Degenero eaque subnecto volutabrum via itaque voluptatibus. Qui dedecor comptus videlicet nobis tepesco terga.', 6802, 33, '2025-07-20 20:20:28', '2025-07-20 20:20:28'),
(1, 0, 2, 'Ipsa crapula sollicito acer antiquus clam. Advenio aggredior cariosus tumultus autus benevolentia voco aiunt amoveo caveo.', 10150, 13, '2024-11-23 06:12:40', '2024-11-23 06:12:40'),
(1, 0, 7, 'Caelum auctus turbo thesis teneo absorbeo una sopor delibero absque. Carbo adulescens summa super defungo universe pecco vulpes.', 17422, 22, '2024-08-20 02:14:51', '2024-08-20 02:14:51'),
(0, 0, 7, 'Benigne vilis ancilla benevolentia patrocinor. Terror convoco antiquus veniam stips dolore adipisci coadunatio subiungo circumvenio.', 9161, 29, '2024-06-11 11:00:59', '2024-06-11 11:00:59'),
(0, 0, 7, 'Suffragium corrumpo decimus textus tribuo administratio explicabo cena. Praesentium centum carus abbas.', 7661, 19, '2024-12-21 18:41:07', '2024-12-21 18:41:07'),
(1, 0, 7, 'Cogito confero crastinus itaque allatus collum accusantium benigne amissio. Neque tribuo tibi conforto architecto.', 16251, 44, '2024-01-01 00:36:11', '2024-01-01 00:36:11'),
(0, 1, 1, 'Varius cresco demulceo vesica inflammatio argentum error perspiciatis. Adimpleo vicissitudo cito.', 13085, 26, '2024-12-19 12:44:50', '2024-12-19 12:44:50'),
(0, 0, 2, 'Vir crepusculum corrupti ago cura communis. Defluo surculus vito creber.', 15375, 44, '2024-05-27 08:05:49', '2024-05-27 08:05:49'),
(1, 1, 9, 'Ciminatio suggero volubilis aspicio demonstro. Subnecto deserunt arcesso.', 16989, 7, '2024-01-12 19:56:20', '2024-01-12 19:56:20'),
(1, 0, 4, 'Armarium demitto trans cavus verbum decipio subseco anser cur. Appello vivo sint denego torqueo.', 14001, 42, '2025-05-13 05:48:44', '2025-05-13 05:48:44'),
(0, 0, 7, 'Comprehendo numquam denuo thalassinus adiuvo conservo una delego. Ea tyrannus solio tutis summa pauci cur tam.', 19589, 39, '2025-04-02 09:04:45', '2025-04-02 09:04:45'),
(1, 1, 9, 'Tenax terra tonsor praesentium statim temeritas strues pariatur terebro cicuta. Tutis apud damno canonicus.', 2004, 27, '2024-07-06 21:04:38', '2024-07-06 21:04:38'),
(1, 0, 2, 'Deprecator tracto terreo ciminatio texo supellex inflammatio balbus aiunt. Tot cur nulla cultellus valens quis teres conforto suscipio stabilis.', 2847, 14, '2025-06-22 04:13:19', '2025-06-22 04:13:19'),
(1, 0, 1, 'Harum cunctatio toties via eaque colligo deprimo sperno aufero doloribus. Succedo cibo cornu contego tres.', 6874, 45, '2025-04-14 02:08:57', '2025-04-14 02:08:57'),
(1, 0, 1, 'Avaritia amitto cedo terreo aiunt harum. Tres cibus nesciunt cultura quae usque.', 12819, 7, '2025-06-23 07:48:58', '2025-06-23 07:48:58'),
(1, 1, 2, 'Color charisma delectatio crebro vae cado vomer admoveo pel. Beneficium cetera volubilis.', 15766, 3, '2024-03-29 03:37:09', '2024-03-29 03:37:09'),
(1, 0, 8, 'Viscus ubi caecus vinum copiose contabesco. Aer urbs candidus.', 13867, 14, '2025-08-22 21:02:14', '2025-08-22 21:02:14'),
(1, 0, 6, 'Curia tibi vestigium quaerat vehemens. Reprehenderit combibo molestiae arbustum vilitas abscido quasi aliquid usitas.', 3139, 39, '2025-11-21 09:06:53', '2025-11-21 09:06:53'),
(1, 0, 3, 'Vulticulus clamo cuius claudeo contego supra vaco tactus depromo. Deripio super quis vomica id censura amor.', 9415, 32, '2025-04-26 17:14:04', '2025-04-26 17:14:04'),
(1, 0, 10, 'Amitto aegrotatio surculus spiritus. Comburo conitor sulum adinventitias cumque conscendo cado teneo copia caries.', 15894, 16, '2025-04-16 22:13:59', '2025-04-16 22:13:59'),
(1, 0, 8, 'Degusto cumque crastinus averto damnatio. Cupressus communis tepidus cenaculum tenuis et tubineus.', 19069, 6, '2025-09-14 07:49:32', '2025-09-14 07:49:32'),
(0, 0, 8, 'Terra timor vilicus pauci tyrannus cognatus repellendus vis cauda. Aeger cupio sopor.', 18159, 8, '2024-08-29 17:04:35', '2024-08-29 17:04:35'),
(1, 0, 8, 'Aetas ascit tabernus. Desino ea brevis.', 1840, 47, '2024-04-24 22:50:55', '2024-04-24 22:50:55'),
(1, 0, 2, 'Carpo cognomen possimus uterque nesciunt. Sonitus caries paulatim perferendis torrens beatus.', 15528, 25, '2024-07-05 06:20:14', '2024-07-05 06:20:14'),
(1, 0, 4, 'Textus doloribus ambitus vehemens crux laudantium. Acidus abbas molestiae ducimus dignissimos adhaero via.', 3910, 13, '2024-04-06 20:50:42', '2024-04-06 20:50:42'),
(1, 0, 6, 'Comitatus sollers arcus. Verecundia degenero quod spargo fugiat vita nam.', 19529, 13, '2024-11-04 12:56:27', '2024-11-04 12:56:27'),
(1, 0, 8, 'Celebrer defessus super apud carpo vilis coadunatio ago celebrer supellex. Comparo tametsi comis bis xiphias conturbo vulticulus vox verecundia adaugeo.', 11976, 18, '2024-11-20 23:57:00', '2024-11-20 23:57:00'),
(1, 1, 9, 'Cena allatus minima taceo. Cohors denego usitas angelus vigilo adulescens uterque.', 19617, 39, '2025-12-03 06:09:32', '2025-12-03 06:09:32'),
(0, 0, 2, 'Adinventitias cotidie abscido timidus. Argumentum ter tamisium votum suspendo conitor bibo cunabula ex placeat.', 7220, 46, '2025-01-28 08:49:56', '2025-01-28 08:49:56'),
(1, 0, 5, 'Crebro curiositas coniecto abduco comminor abstergo minima comparo cruciamentum velit. Autus curvo claustrum creta thesaurus tempore adeo tumultus substantia desidero.', 10159, 21, '2024-10-28 04:29:49', '2024-10-28 04:29:49'),
(0, 0, 7, 'Dolorem agnosco conatus comedo rem termes neque vitium adaugeo. Coepi thymbra nulla vitiosus velit statua deleniti.', 14156, 18, '2025-04-26 07:14:00', '2025-04-26 07:14:00'),
(1, 0, 3, 'Minima verumtamen casus attonbitus viscus excepturi una. Sono adnuo conicio dolor et pecco undique abundans.', 19008, 19, '2024-08-09 05:09:47', '2024-08-09 05:09:47'),
(1, 0, 3, 'Decor amicitia volubilis distinctio articulus dens. Speciosus voluptate absconditus ter bene decor incidunt despecto adsuesco vinitor.', 7951, 33, '2024-10-12 13:14:33', '2024-10-12 13:14:33'),
(1, 1, 3, 'Apud repellendus dolore vigor assumenda quisquam. Deserunt quibusdam damno venia taceo aranea vapulus.', 12027, 26, '2025-08-09 05:55:51', '2025-08-09 05:55:51'),
(1, 0, 3, 'Autem curvo adfero causa angulus. Tenax victus vero totus cohors vero demum.', 180, 41, '2025-03-26 04:24:38', '2025-03-26 04:24:38'),
(1, 0, 4, 'Cresco currus sol acies thymum cauda tempore conitor. Eos coepi laboriosam fuga abduco auditor caries concedo.', 5576, 26, '2025-11-02 03:31:28', '2025-11-02 03:31:28'),
(1, 0, 3, 'Confero ventus aureus convoco minus utroque deinde. Congregatio subseco aufero debitis valetudo titulus.', 2493, 16, '2024-03-15 09:49:37', '2024-03-15 09:49:37'),
(1, 0, 10, 'Theologus supplanto ventosus. Contigo censura audacia vulgivagus comburo viridis deprimo clarus.', 6370, 6, '2024-10-10 07:33:38', '2024-10-10 07:33:38'),
(1, 1, 7, 'Turbo terror stipes aetas coepi xiphias ultra summa concedo. Decor abbas admiratio curtus placeat nam.', 753, 45, '2024-07-27 18:48:09', '2024-07-27 18:48:09'),
(1, 0, 1, 'Rerum impedit tutis somniculosus speciosus casso ducimus cruciamentum deleniti. Benigne accendo tantum vociferor depereo solium tepidus aequitas.', 4337, 28, '2025-03-30 07:05:28', '2025-03-30 07:05:28'),
(0, 0, 4, 'Amoveo eveniet adulatio nostrum crastinus quidem agnitio tepesco bardus mollitia. Bardus demo appono absum.', 17497, 2, '2024-07-28 07:31:38', '2024-07-28 07:31:38'),
(1, 0, 7, 'Nisi suffoco terror ulciscor amo spero corpus allatus ustulo comedo. Super vitium cresco traho.', 16368, 21, '2025-08-13 17:11:50', '2025-08-13 17:11:50'),
(1, 0, 2, 'Adeptio spes cupressus agnosco versus. Cauda fugiat tres laborum capitulus tripudio defessus aestas thorax absens.', 1176, 33, '2024-07-05 17:51:32', '2024-07-05 17:51:32'),
(1, 0, 6, 'Vulpes somnus defleo voluptas cunae arma utrum thymbra caterva. Vulnus tametsi trepide adiuvo.', 2402, 5, '2025-11-01 12:05:26', '2025-11-01 12:05:26'),
(1, 0, 10, 'Benigne victoria depraedor inflammatio torrens tondeo aedificium quae vita sursum. Aufero molestiae avaritia confugo verecundia compello.', 15874, 19, '2025-04-01 01:12:29', '2025-04-01 01:12:29'),
(1, 0, 3, 'Cursim demergo sublime alii conatus pax. Votum sequi cognatus.', 17739, 25, '2024-05-08 08:15:01', '2024-05-08 08:15:01'),
(0, 0, 9, 'Vilitas doloremque curriculum. Omnis contego demonstro pecco maiores perferendis concedo repudiandae.', 9054, 22, '2024-11-08 05:58:46', '2024-11-08 05:58:46'),
(0, 0, 1, 'Ipsum tracto campana solitudo suppono aestivus sordeo deficio campana quod. Crudelis pauci talus pauci vorago stipes paulatim aer.', 3658, 42, '2024-11-04 02:42:00', '2024-11-04 02:42:00'),
(1, 0, 1, 'Volubilis tremo suasoria dicta defero comedo. Tepidus astrum coma arceo ex curso recusandae.', 13049, 19, '2025-02-19 01:12:20', '2025-02-19 01:12:20'),
(1, 0, 8, 'Taceo aptus arx vigilo ulterius. Desino tutamen conatus temeritas tabesco alii cuppedia curatio cursus aliquid.', 7467, 22, '2024-11-14 00:52:47', '2024-11-14 00:52:47'),
(0, 0, 7, 'Curriculum confido tabernus corpus subiungo alii dens color taedium culpo. Aetas ducimus nisi taceo armarium contigo turbo strues adhaero super.', 15201, 19, '2024-06-15 19:04:15', '2024-06-15 19:04:15'),
(1, 0, 8, 'Facere argumentum casso artificiose tamdiu villa distinctio subnecto termes. Turpis deorsum amita aperio teneo tres accusator abscido aliqua utroque.', 3737, 20, '2024-12-15 14:38:56', '2024-12-15 14:38:56'),
(1, 0, 3, 'Porro tener cupressus. Vacuus arbitro accendo.', 5773, 18, '2024-10-06 15:46:16', '2024-10-06 15:46:16'),
(1, 0, 3, 'Sophismata adulatio defero valens ullus tutamen error corrigo concedo. Alienus suggero suffragium cui victus.', 3683, 25, '2025-08-22 06:45:23', '2025-08-22 06:45:23'),
(1, 0, 4, 'Denique consuasor civis viscus civitas. Numquam subseco teres utroque denuncio.', 13907, 24, '2024-05-23 11:15:49', '2024-05-23 11:15:49'),
(0, 0, 9, 'Dolore bene acidus adhaero. Itaque aspicio coma adamo ante cumque cimentarius despecto careo tener.', 13797, 24, '2025-03-01 11:09:22', '2025-03-01 11:09:22'),
(0, 0, 3, 'Non voluptatem eum turpis summisse derideo peccatus communis usitas vestigium. Anser acceptus conatus aestivus.', 10807, 11, '2024-01-09 23:08:14', '2024-01-09 23:08:14'),
(0, 0, 5, 'Adduco decerno aranea decerno supplanto aspicio cursus commemoro timidus aureus. Clamo centum adhuc talio abbas.', 9944, 16, '2025-09-14 12:24:02', '2025-09-14 12:24:02'),
(0, 0, 8, 'Ademptio supellex vitiosus corporis deripio tergo. Sperno tergum culpo consuasor voveo sopor termes voluptas varius.', 2102, 5, '2024-08-10 17:36:08', '2024-08-10 17:36:08'),
(1, 0, 6, 'Quod certe quos. Ex comminor teres.', 2507, 15, '2024-09-13 10:19:48', '2024-09-13 10:19:48'),
(0, 0, 10, 'Depromo sui perspiciatis quisquam expedita creo quibusdam teres. Viridis carmen caste caute denuncio fuga.', 5536, 18, '2025-01-06 13:43:38', '2025-01-06 13:43:38'),
(1, 0, 9, 'Decipio uberrime vado stabilis coaegresco temptatio. Cognatus urbanus adversus.', 1576, 18, '2025-05-26 18:35:34', '2025-05-26 18:35:34'),
(0, 0, 6, 'Suus tubineus beneficium admitto totidem deorsum. Tamdiu pecus trans.', 15162, 47, '2024-08-10 10:48:05', '2024-08-10 10:48:05'),
(1, 0, 1, 'Vito bellicus aegrus coadunatio audentia videlicet. Coma officiis volva vulpes aperte crepusculum vis validus.', 4219, 21, '2024-09-21 00:13:34', '2024-09-21 00:13:34'),
(0, 0, 2, 'Censura verecundia adhaero tantum synagoga vomica victoria usque. Cado ad tenuis universe dapifer officia cavus inflammatio dignissimos uxor.', 5602, 16, '2024-04-30 11:09:21', '2024-04-30 11:09:21'),
(1, 0, 7, 'Aestus est provident crustulum porro decerno agnitio caste curo astrum. Supellex minima vomito armarium molestias certus tribuo argentum.', 16942, 50, '2025-05-04 08:01:57', '2025-05-04 08:01:57'),
(1, 0, 10, 'Bis uberrime sumptus uberrime expedita. Cunctatio soluta censura conturbo tepidus alveus termes decor tenuis.', 664, 1, '2024-01-15 07:50:05', '2024-01-15 07:50:05'),
(1, 0, 8, 'Video desino conculco illo amplus comptus. Balbus tui quod convoco.', 7137, 21, '2025-01-06 10:01:37', '2025-01-06 10:01:37'),
(0, 0, 2, 'Super copiose canis peccatus volaticus bardus veniam venustas officia. Complectus patria civis debilito arx aspernatur.', 2758, 31, '2025-05-26 03:23:17', '2025-05-26 03:23:17'),
(1, 0, 1, 'Dicta contigo textilis tum condico vergo. Utrum beatus clarus cohors peior aggredior arceo canonicus quibusdam aliquam.', 16956, 47, '2025-08-13 09:27:44', '2025-08-13 09:27:44'),
(1, 0, 9, 'Uter clamo ulciscor vespillo dens alii degenero vulgivagus paens. Amor vomito terra demo eveniet summa atque nisi caveo.', 3680, 32, '2025-04-04 10:08:43', '2025-04-04 10:08:43'),
(1, 0, 7, 'Denuncio vestrum utique cotidie crepusculum vacuus tubineus terga denuncio. Sequi dolores textilis corpus thema adulescens arceo iusto comptus.', 2622, 11, '2024-12-25 04:59:37', '2024-12-25 04:59:37'),
(1, 0, 4, 'Caritas vorago defero incidunt aggredior cilicium cattus paens esse. Cupressus alter auxilium tricesimus amplitudo conturbo cerno depraedor commodo timor.', 2411, 4, '2025-05-08 23:25:22', '2025-05-08 23:25:22'),
(1, 0, 7, 'Eum tredecim ara verecundia vestigium defleo. Deripio testimonium tibi hic attonbitus molestiae repudiandae animadverto catena solutio.', 18263, 4, '2025-03-02 10:54:13', '2025-03-02 10:54:13'),
(1, 0, 10, 'Teneo ademptio vinculum cauda. Illum thymum thymbra amet vulgivagus conicio thalassinus terreo caterva.', 1218, 1, '2025-06-09 05:41:11', '2025-06-09 05:41:11'),
(1, 0, 2, 'Abundans theatrum abscido crux tui tepesco. Statua admitto brevis.', 15210, 27, '2025-04-06 16:08:16', '2025-04-06 16:08:16'),
(1, 1, 4, 'Amissio ocer torqueo defungo comes. Fuga valde creber audio sumo tero atrox clarus.', 6497, 49, '2025-02-03 22:57:20', '2025-02-03 22:57:20'),
(1, 0, 4, 'Apostolus strues via arca tego thymum stella vere vito tametsi. Dolores beatae quasi tum.', 17059, 8, '2024-10-24 08:27:43', '2024-10-24 08:27:43'),
(1, 0, 7, 'Argumentum sustineo absens culpa. Stipes pecus coma aureus defluo.', 9136, 44, '2024-04-01 09:38:15', '2024-04-01 09:38:15'),
(1, 0, 5, 'Cursim spiritus reprehenderit curtus adopto cado expedita callide spoliatio nesciunt. Decerno delectus abundans antiquus conicio.', 2398, 44, '2025-06-27 22:03:51', '2025-06-27 22:03:51'),
(1, 0, 3, 'Comedo tamen animus solutio complectus. Sui vulnero voro ascit.', 5985, 45, '2024-01-12 14:08:45', '2024-01-12 14:08:45'),
(0, 0, 6, 'Bene administratio somniculosus universe coma adiuvo denuncio ademptio. Auctor maxime a labore taceo civis laborum stultus delectatio sapiente.', 12498, 12, '2024-01-02 12:40:28', '2024-01-02 12:40:28'),
(0, 0, 3, 'Curvo vox cogito aggero adfectus. Cresco tersus abeo vilitas copia.', 4342, 17, '2025-07-26 08:31:37', '2025-07-26 08:31:37'),
(1, 0, 5, 'Error vitium textus deserunt amiculum spero cumque claro antepono. Vomer decimus vigor.', 14555, 31, '2025-11-23 08:41:27', '2025-11-23 08:41:27'),
(1, 1, 5, 'Peior vicissitudo valens tempora. Pauper vero video patrocinor voveo vester sulum.', 1811, 31, '2025-11-01 03:17:13', '2025-11-01 03:17:13'),
(1, 0, 2, 'Adhaero solium quam spero accendo tabella appositus. Facere cultura solvo curo.', 8655, 34, '2025-01-29 23:28:57', '2025-01-29 23:28:57'),
(1, 0, 10, 'Adflicto alius unus abscido amoveo adficio. Solutio usque testimonium in vulgo.', 931, 46, '2024-01-21 05:34:13', '2024-01-21 05:34:13'),
(1, 0, 1, 'Usitas caute vilicus rem. Adfectus adficio acceptus vomica vinum quibusdam veniam calcar victus fugit.', 11314, 17, '2025-09-12 14:14:51', '2025-09-12 14:14:51'),
(1, 0, 9, 'Tepesco tremo traho vereor. Pectus pecco conduco.', 990, 50, '2025-11-22 14:26:22', '2025-11-22 14:26:22'),
(0, 1, 2, 'Audeo ab studio modi. Considero apparatus somniculosus.', 6039, 12, '2024-12-06 15:18:34', '2024-12-06 15:18:34'),
(1, 0, 4, 'Iste degusto vita asperiores verbum tollo suppono. Vito vix caelestis cruentus asporto temeritas bene desipio adhaero.', 8442, 15, '2025-08-09 22:48:26', '2025-08-09 22:48:26'),
(1, 0, 4, 'Sponte asper rem. Socius annus ea conscendo debitis sub.', 10351, 1, '2024-06-18 23:48:18', '2024-06-18 23:48:18'),
(1, 0, 5, 'Incidunt conatus sponte textus dolor delectatio vilitas clibanus asper alii. Vulariter attero artificiose undique dolores earum vapulus calcar virtus adsum.', 10471, 38, '2024-09-03 22:16:58', '2024-09-03 22:16:58'),
(0, 0, 4, 'Thorax vivo copiose. Accusamus strues stabilis.', 6568, 16, '2025-01-22 20:10:03', '2025-01-22 20:10:03'),
(1, 0, 4, 'Tergeo damnatio absque temptatio. Virgo adsuesco aufero carbo suscipio adipiscor.', 14237, 41, '2025-05-26 08:03:00', '2025-05-26 08:03:00'),
(1, 0, 4, 'Stultus aspicio ventus sublime acies vicinus comparo cenaculum damnatio copia. Thorax valeo comitatus qui audeo cedo vulticulus voluptatem corrupti antea.', 19050, 44, '2024-11-14 03:47:20', '2024-11-14 03:47:20'),
(0, 0, 8, 'Agnitio tersus vereor umbra. Aetas consequuntur terra audax addo deprimo.', 6799, 49, '2024-06-29 15:57:15', '2024-06-29 15:57:15'),
(1, 0, 8, 'Basium derelinquo arbustum demulceo soleo. Aduro copia tersus consuasor.', 6462, 23, '2024-10-06 11:27:01', '2024-10-06 11:27:01'),
(1, 0, 10, 'Cauda tabula tero. Fuga adeptio amet cogito placeat deprimo coma validus decretum.', 4050, 33, '2024-04-17 06:06:00', '2024-04-17 06:06:00'),
(0, 0, 3, 'Desparatus stabilis beatus coruscus volo appello subseco arguo caelum. Cavus tamdiu abscido.', 1821, 46, '2025-10-13 07:28:43', '2025-10-13 07:28:43'),
(1, 0, 2, 'Arbor carpo velociter conculco baiulus cupiditas ventosus. Spiritus pariatur allatus cunabula averto.', 14861, 46, '2024-04-08 15:29:52', '2024-04-08 15:29:52'),
(0, 0, 10, 'Carpo comedo pecto demo ipsum comedo tamisium voluntarius venia desolo. Cervus corporis candidus.', 8833, 25, '2024-07-23 08:49:14', '2024-07-23 08:49:14'),
(0, 0, 2, 'Officiis verus vita tollo. Terreo tunc aestus occaecati xiphias.', 4630, 34, '2025-01-03 11:08:51', '2025-01-03 11:08:51'),
(0, 0, 3, 'Avarus callide crinis quam odit timidus. Solum non sui truculenter crapula aranea.', 7203, 24, '2025-02-10 02:11:46', '2025-02-10 02:11:46'),
(1, 0, 1, 'Aspernatur corroboro magnam acervus acies catena vilitas summisse. Tenetur vulariter cribro deinde currus vado ipsum porro quo.', 1714, 32, '2024-05-31 18:02:59', '2024-05-31 18:02:59'),
(1, 0, 6, 'Adduco argentum cenaculum cura vis. Spoliatio reprehenderit cupio absorbeo adfero summa tondeo.', 5022, 27, '2024-07-31 02:29:09', '2024-07-31 02:29:09'),
(0, 0, 7, 'Inflammatio damno adnuo autem deprecator. Auctor beatus solus architecto aliqua volutabrum ceno vester suffoco tunc.', 11225, 5, '2025-03-04 23:20:30', '2025-03-04 23:20:30'),
(0, 0, 7, 'Adstringo conventus earum deprecator similique aestivus facere vapulus pariatur. Advenio quos vito credo cetera.', 9927, 39, '2024-08-23 04:48:53', '2024-08-23 04:48:53'),
(1, 0, 9, 'Coruscus adeptio aliquid demum consuasor error. Compello tamdiu campana curvo terror atque vos brevis.', 15620, 49, '2024-08-27 20:10:08', '2024-08-27 20:10:08'),
(1, 0, 5, 'Tui textilis acer aeger contra adipiscor. Teres acsi cotidie eius vomer quibusdam alius cunabula comburo vigor.', 1439, 47, '2025-01-27 02:21:33', '2025-01-27 02:21:33'),
(0, 0, 3, 'Urbanus trepide admoneo vomica rem charisma subiungo alienus abduco. Basium textus blanditiis sunt accusator voluntarius deprimo traho.', 8999, 21, '2025-01-05 15:47:48', '2025-01-05 15:47:48');

-- Watch Comments
INSERT INTO watch_comments (liked, comment_text, user_id, watch_id, created_at, updated_at) VALUES
(1, 'Cumque absum ulciscor error versus spiculum.', 50, 177, '2024-12-30 21:22:57', '2024-12-30 21:22:57'),
(1, 'Spes certe versus urbanus.', 34, 108, '2025-03-24 22:10:40', '2025-03-24 22:10:40'),
(0, 'Cohaero aiunt pel decet minima veritas catena tondeo tricesimus tristis.', 17, 401, '2025-04-17 23:40:36', '2025-04-17 23:40:36'),
(0, 'Recusandae clam eveniet aeneus sulum capitulus alo surgo.', 21, 493, '2025-11-20 05:03:26', '2025-11-20 05:03:26'),
(0, 'Stabilis adulatio victus curto.', 7, 460, '2025-06-04 00:47:00', '2025-06-04 00:47:00'),
(1, 'Acervus accusamus tandem.', 41, 499, '2025-01-27 09:29:02', '2025-01-27 09:29:02'),
(0, 'Spargo cohibeo vergo curso tutamen voluptates acquiro bestia.', 45, 204, '2025-02-26 00:52:36', '2025-02-26 00:52:36'),
(1, 'Centum terebro speculum cenaculum suadeo capto.', 8, 323, '2025-09-01 03:34:48', '2025-09-01 03:34:48'),
(0, 'Crustulum culpo voveo desipio basium voluptatibus ante suppono strenuus.', 50, 148, '2025-11-07 08:52:14', '2025-11-07 08:52:14'),
(1, 'Chirographum voco spectaculum.', 27, 379, '2025-09-16 20:05:10', '2025-09-16 20:05:10'),
(0, 'Universe civitas suffragium tener velit sufficio.', 46, 325, '2025-07-15 08:34:02', '2025-07-15 08:34:02'),
(1, 'Veniam cresco beatae ambulo vir claustrum.', 1, 460, '2025-06-29 21:18:13', '2025-06-29 21:18:13'),
(1, 'Torrens maxime peccatus ratione compono cuius vado articulus.', 41, 123, '2025-05-04 00:34:26', '2025-05-04 00:34:26'),
(1, 'Ullus ademptio assumenda templum conforto esse.', 21, 438, '2025-11-11 07:10:19', '2025-11-11 07:10:19'),
(1, 'Alveus certus tero tepidus color atqui videlicet beatae.', 3, 33, '2025-02-07 05:19:58', '2025-02-07 05:19:58'),
(1, 'Auxilium aegre ultra comedo vomica vel officiis.', 20, 288, '2025-06-29 03:23:44', '2025-06-29 03:23:44'),
(1, 'Talus admoneo canis.', 15, 284, '2025-01-07 09:00:37', '2025-01-07 09:00:37'),
(0, 'Depraedor doloribus despecto explicabo suspendo calamitas.', 29, 67, '2025-06-27 01:35:57', '2025-06-27 01:35:57'),
(1, 'Suffragium facilis denuncio tredecim adnuo denego curo suspendo.', 44, 368, '2025-05-31 05:24:01', '2025-05-31 05:24:01'),
(1, 'Provident totidem ultra.', 31, 294, '2025-09-22 05:04:47', '2025-09-22 05:04:47'),
(0, 'Tamen valens suppellex cariosus arbitro cribro tergiversatio.', 19, 481, '2025-01-19 08:32:00', '2025-01-19 08:32:00'),
(0, 'Adulatio commemoro consectetur suasoria quod copiose terra degenero studio defetiscor.', 38, 217, '2025-06-26 02:43:17', '2025-06-26 02:43:17'),
(1, 'Cubitum uberrime audio.', 25, 5, '2025-03-11 07:01:36', '2025-03-11 07:01:36'),
(1, 'Curis sumptus summopere tristis.', 1, 176, '2025-02-27 00:54:50', '2025-02-27 00:54:50'),
(1, 'Apto solum vulgaris voluptatum cena autem tunc capillus timor cubitum.', 19, 175, '2025-01-06 14:18:09', '2025-01-06 14:18:09'),
(1, 'Nulla aeternus soluta.', 25, 233, '2025-01-30 07:21:02', '2025-01-30 07:21:02'),
(0, 'Utique libero sonitus nobis timidus arbustum strues.', 38, 369, '2025-02-09 23:19:44', '2025-02-09 23:19:44'),
(1, 'Similique optio tergeo sperno dolore.', 19, 28, '2025-01-06 08:40:50', '2025-01-06 08:40:50'),
(0, 'Vehemens sublime tumultus comprehendo sum.', 45, 78, '2025-01-24 04:48:49', '2025-01-24 04:48:49'),
(0, 'Tutis addo dens.', 24, 26, '2025-07-18 12:14:20', '2025-07-18 12:14:20'),
(1, 'Cado cubitum eaque tondeo.', 19, 126, '2025-10-11 10:19:55', '2025-10-11 10:19:55'),
(0, 'Angelus error coma cavus desolo.', 6, 323, '2025-10-20 11:10:13', '2025-10-20 11:10:13'),
(1, 'Corroboro sopor cognomen cohaero aliquam arguo fuga conatus consequatur.', 13, 108, '2025-04-10 18:12:43', '2025-04-10 18:12:43'),
(1, 'Baiulus confugo carpo super cupio depopulo uberrime.', 7, 203, '2025-11-07 05:23:43', '2025-11-07 05:23:43'),
(0, 'Excepturi autem solum voluntarius sponte spargo solvo clibanus trado.', 15, 51, '2025-01-18 11:33:50', '2025-01-18 11:33:50'),
(1, 'Capio voluntarius vir cito custodia.', 1, 138, '2025-07-20 17:22:45', '2025-07-20 17:22:45'),
(1, 'Antiquus sapiente decretum dolorum certe antepono vorago.', 45, 152, '2025-08-27 17:05:06', '2025-08-27 17:05:06'),
(0, 'Fuga calculus ventito callide templum coruscus ciminatio ducimus.', 10, 326, '2025-03-18 10:55:18', '2025-03-18 10:55:18'),
(1, 'Adhuc agnosco cogito volva cupressus contego administratio cruciamentum accusator abbas.', 14, 357, '2025-09-25 16:04:18', '2025-09-25 16:04:18'),
(0, 'Cresco cariosus censura confero mollitia atqui artificiose collum approbo.', 30, 376, '2025-05-07 01:47:16', '2025-05-07 01:47:16'),
(0, 'Suffragium vorax cilicium crapula pecus sollers.', 49, 198, '2025-09-14 16:14:43', '2025-09-14 16:14:43'),
(1, 'Arx aufero decretum arbor quibusdam.', 49, 13, '2025-08-23 12:57:12', '2025-08-23 12:57:12'),
(1, 'Damnatio clibanus blanditiis bellicus caterva somnus absens trado admiratio eligendi.', 47, 456, '2025-06-23 04:10:16', '2025-06-23 04:10:16'),
(0, 'Atrocitas valens decor quibusdam super barba dolorem demum.', 1, 402, '2025-11-01 02:33:54', '2025-11-01 02:33:54'),
(1, 'Fuga suadeo cohibeo facere.', 24, 36, '2025-09-29 19:16:00', '2025-09-29 19:16:00'),
(0, 'Illum temptatio confido crinis cuppedia coma traho conforto varius.', 50, 93, '2025-08-01 12:13:29', '2025-08-01 12:13:29'),
(1, 'Caute tantillus volup.', 26, 306, '2025-09-08 09:21:00', '2025-09-08 09:21:00'),
(0, 'Iusto causa ventosus theatrum amet tenetur defleo delectatio capio suscipio.', 2, 334, '2025-01-15 09:33:55', '2025-01-15 09:33:55'),
(1, 'Dignissimos infit sono soluta vestrum ciminatio ceno vae.', 41, 173, '2025-05-18 15:06:56', '2025-05-18 15:06:56'),
(0, 'Verbum toties pecto celer triduana adiuvo.', 33, 81, '2025-07-22 05:09:16', '2025-07-22 05:09:16'),
(1, 'Eius animus sponte eveniet comparo spargo fugiat cur admiratio.', 40, 349, '2024-12-24 04:21:55', '2024-12-24 04:21:55'),
(1, 'Validus cunae accusantium fugit asporto crepusculum vos ultio.', 33, 423, '2024-12-30 07:30:14', '2024-12-30 07:30:14'),
(0, 'Aveho vetus delicate ambulo tripudio.', 10, 144, '2025-10-06 20:50:19', '2025-10-06 20:50:19'),
(0, 'Crapula porro rerum.', 29, 73, '2025-12-01 08:44:20', '2025-12-01 08:44:20'),
(1, 'Somniculosus alienus cinis aiunt tutis aequus.', 46, 281, '2025-10-29 22:03:33', '2025-10-29 22:03:33'),
(0, 'Solutio curiositas amo avaritia vinculum ademptio.', 36, 416, '2025-10-27 17:23:40', '2025-10-27 17:23:40'),
(1, 'Adstringo possimus numquam.', 11, 372, '2025-04-20 19:42:22', '2025-04-20 19:42:22'),
(1, 'Aliquid defendo voluptatum strues ubi trucido coniuratio.', 6, 442, '2025-04-13 15:22:34', '2025-04-13 15:22:34'),
(1, 'Cunabula suppellex succurro asperiores testimonium arto cribro caries adsuesco nobis.', 13, 3, '2025-12-02 06:13:48', '2025-12-02 06:13:48'),
(0, 'Tantillus uxor succurro subvenio capto commodo.', 45, 241, '2025-04-06 03:10:17', '2025-04-06 03:10:17'),
(1, 'Abduco alienus compello ipsam cognomen tum aliqua harum constans.', 18, 363, '2025-09-30 00:51:06', '2025-09-30 00:51:06'),
(0, 'Apparatus corporis tenax surculus tergeo cotidie vinco caries officiis venio.', 8, 158, '2025-09-02 22:31:05', '2025-09-02 22:31:05'),
(1, 'Dedico amissio ara decimus caveo delectatio.', 35, 438, '2025-01-30 02:57:11', '2025-01-30 02:57:11'),
(1, 'Talus summisse vado voveo cribro adipiscor.', 17, 214, '2025-03-11 15:36:37', '2025-03-11 15:36:37'),
(1, 'Cibo deinde taceo cursus cetera.', 30, 57, '2025-10-06 03:55:15', '2025-10-06 03:55:15'),
(0, 'Tonsor vitiosus usus laboriosam titulus absconditus adulescens.', 49, 47, '2025-08-11 06:16:00', '2025-08-11 06:16:00'),
(1, 'Inventore spes degenero damnatio damno celebrer colo sapiente explicabo.', 26, 447, '2025-10-06 07:52:22', '2025-10-06 07:52:22'),
(0, 'Contra concido enim aer.', 9, 270, '2025-03-07 13:34:02', '2025-03-07 13:34:02'),
(1, 'Facilis officia versus arceo terra capitulus.', 32, 183, '2025-07-16 01:02:59', '2025-07-16 01:02:59'),
(0, 'Vilitas ullam sollers adflicto trans quia viridis architecto strues.', 9, 266, '2025-04-19 17:02:18', '2025-04-19 17:02:18'),
(0, 'Crinis condico ventus amita alius appono aetas aspicio.', 18, 387, '2025-08-01 00:37:16', '2025-08-01 00:37:16'),
(1, 'Dapifer laborum versus.', 26, 383, '2025-11-14 23:50:14', '2025-11-14 23:50:14'),
(0, 'Tenax apud terebro votum sequi coadunatio claudeo consectetur vociferor.', 30, 342, '2025-07-03 01:32:03', '2025-07-03 01:32:03'),
(0, 'Adsuesco ara utrum crebro quae claro magni considero universe.', 41, 133, '2025-02-02 02:04:05', '2025-02-02 02:04:05'),
(1, 'Demo deficio ipsam cornu acquiro compono cui cervus communis cervus.', 32, 479, '2025-01-11 00:59:50', '2025-01-11 00:59:50'),
(1, 'Charisma quis delectus cetera amicitia.', 23, 151, '2025-04-02 23:22:35', '2025-04-02 23:22:35'),
(1, 'Fuga delego denuncio ventito stultus cursim agnitio sonitus.', 27, 475, '2025-05-14 09:23:45', '2025-05-14 09:23:45'),
(0, 'Terror vomica astrum maiores.', 29, 196, '2025-06-06 18:45:41', '2025-06-06 18:45:41'),
(0, 'Recusandae caelum video minima ambulo.', 11, 355, '2025-01-26 22:16:32', '2025-01-26 22:16:32'),
(1, 'Cito terror attero tutamen id una vociferor theatrum cunae unde.', 33, 215, '2025-04-14 23:46:05', '2025-04-14 23:46:05'),
(1, 'Absque nemo appono demo studio ultio.', 33, 4, '2025-06-25 05:58:08', '2025-06-25 05:58:08'),
(1, 'Denuo sequi talio thymbra peccatus anser suadeo aegrus spiritus aetas.', 49, 461, '2024-12-12 11:44:48', '2024-12-12 11:44:48'),
(0, 'Pel tero spiritus arceo cultura convoco.', 49, 64, '2025-04-26 13:56:41', '2025-04-26 13:56:41'),
(0, 'At vorago attero adversus amor bellum suspendo amissio vaco.', 12, 357, '2025-07-05 04:32:03', '2025-07-05 04:32:03'),
(1, 'Impedit succurro angustus cribro asporto angulus tamisium spargo.', 7, 360, '2025-04-08 01:51:27', '2025-04-08 01:51:27'),
(1, 'Colligo tepidus defleo comedo auditor.', 31, 82, '2025-03-06 14:28:42', '2025-03-06 14:28:42'),
(0, 'Cupressus aetas unus commodi admoneo casso ager.', 50, 33, '2025-04-13 09:39:05', '2025-04-13 09:39:05'),
(0, 'Dignissimos peccatus coepi optio laudantium coniecto conscendo venia vero dignissimos.', 37, 315, '2025-07-03 09:39:51', '2025-07-03 09:39:51'),
(1, 'Adipiscor sulum balbus.', 29, 434, '2025-09-26 07:15:56', '2025-09-26 07:15:56'),
(1, 'Curo sufficio spargo adeptio.', 16, 277, '2025-09-09 03:27:09', '2025-09-09 03:27:09'),
(1, 'Similique acsi vulgo desolo crinis carcer somniculosus.', 25, 251, '2025-04-22 13:36:28', '2025-04-22 13:36:28'),
(1, 'Compello consequatur aeneus deprecator aranea utrimque conduco talio suus.', 28, 122, '2025-08-07 17:12:03', '2025-08-07 17:12:03'),
(1, 'Adhuc auditor vae spiculum stipes amaritudo volva tenax.', 2, 273, '2025-10-13 09:54:27', '2025-10-13 09:54:27'),
(0, 'Repellendus vereor timor tutamen crux deludo thesis atqui veritas totam.', 47, 82, '2025-09-08 00:11:10', '2025-09-08 00:11:10'),
(1, 'Curriculum volubilis adamo viscus reprehenderit.', 34, 158, '2025-05-09 18:17:24', '2025-05-09 18:17:24'),
(1, 'Sodalitas possimus torqueo contabesco spes quod culpa denuo itaque.', 30, 394, '2025-09-24 19:21:19', '2025-09-24 19:21:19'),
(0, 'Vicissitudo subnecto solum dolorum carpo appositus.', 41, 117, '2024-12-16 14:52:24', '2024-12-16 14:52:24'),
(0, 'Quasi eligendi tergo eligendi provident accedo arbitro.', 44, 34, '2025-07-06 10:28:23', '2025-07-06 10:28:23'),
(1, 'Expedita ex consequatur colligo tum strenuus.', 43, 192, '2025-01-30 17:48:27', '2025-01-30 17:48:27'),
(1, 'Doloribus cras vapulus celer utroque.', 3, 5, '2024-12-19 05:19:03', '2024-12-19 05:19:03'),
(0, 'Thorax dicta conicio tubineus.', 7, 312, '2025-01-14 11:57:02', '2025-01-14 11:57:02'),
(1, 'Voluptatum crebro defungo ad solium placeat aliqua cupiditate.', 27, 342, '2025-07-10 17:50:16', '2025-07-10 17:50:16'),
(1, 'Cribro vomer delicate ars concedo cariosus acies deorsum.', 38, 194, '2025-02-04 14:06:35', '2025-02-04 14:06:35'),
(1, 'Suscipit illo vulariter alter veritas voluptate demo tenax comedo voluntarius.', 27, 199, '2025-07-13 12:51:54', '2025-07-13 12:51:54'),
(1, 'Averto sonitus spero.', 28, 230, '2025-07-07 00:49:22', '2025-07-07 00:49:22'),
(1, 'Nulla conventus stillicidium.', 23, 491, '2024-12-18 01:30:21', '2024-12-18 01:30:21'),
(1, 'Calculus cubicularis quasi.', 16, 134, '2025-10-21 11:50:51', '2025-10-21 11:50:51'),
(1, 'Adipiscor arto possimus crustulum arto cito conservo veritatis modi aro.', 24, 74, '2025-05-09 04:31:42', '2025-05-09 04:31:42'),
(1, 'Denique aspicio depromo caute somnus.', 34, 477, '2025-03-20 04:37:40', '2025-03-20 04:37:40'),
(1, 'Aer caelum argentum censura urbs coepi suffoco solium xiphias.', 29, 360, '2025-03-27 09:01:40', '2025-03-27 09:01:40'),
(1, 'Depereo distinctio deprimo statim tener depromo magnam cum asper.', 45, 446, '2025-04-05 00:52:17', '2025-04-05 00:52:17'),
(0, 'Abutor ustilo textor.', 6, 156, '2025-06-02 08:05:14', '2025-06-02 08:05:14'),
(0, 'Censura antepono eos vulnus correptius ipsam comburo occaecati decerno.', 11, 391, '2025-12-01 16:32:32', '2025-12-01 16:32:32'),
(1, 'Confugo libero denuncio.', 14, 462, '2025-10-17 13:35:30', '2025-10-17 13:35:30'),
(1, 'Verumtamen quasi bos adeo venia.', 23, 123, '2025-08-21 05:25:22', '2025-08-21 05:25:22'),
(1, 'Depulso aranea video ducimus combibo quo.', 6, 121, '2025-05-25 00:21:34', '2025-05-25 00:21:34'),
(1, 'Impedit dolorem deleniti studio damnatio vae.', 14, 496, '2025-03-09 22:38:35', '2025-03-09 22:38:35'),
(0, 'Eveniet conculco temeritas fugiat stabilis agnitio exercitationem tener.', 5, 11, '2025-03-27 05:22:48', '2025-03-27 05:22:48'),
(1, 'Auxilium amo laboriosam accendo curriculum praesentium natus depraedor demitto taedium.', 1, 171, '2025-09-03 06:18:23', '2025-09-03 06:18:23'),
(1, 'Sonitus ab depopulo abundans aegre conor libero clamo non.', 48, 24, '2025-09-27 20:04:13', '2025-09-27 20:04:13'),
(0, 'Addo verbera validus strues vel sumptus vivo vulgus.', 24, 252, '2025-09-12 09:33:44', '2025-09-12 09:33:44'),
(1, 'Tandem appono depono tergum iste patior sordeo voco.', 1, 110, '2025-07-15 00:49:30', '2025-07-15 00:49:30'),
(1, 'Solutio crur approbo.', 11, 454, '2025-08-28 15:03:24', '2025-08-28 15:03:24'),
(0, 'Sub aetas caries.', 31, 228, '2025-06-10 21:34:17', '2025-06-10 21:34:17'),
(0, 'Cimentarius crastinus adinventitias demens.', 17, 293, '2025-07-17 07:45:43', '2025-07-17 07:45:43'),
(1, 'Tego strenuus porro conforto tribuo alias adflicto.', 30, 455, '2025-05-08 08:16:50', '2025-05-08 08:16:50'),
(1, 'Conforto virgo abutor.', 15, 123, '2025-06-18 17:27:48', '2025-06-18 17:27:48'),
(0, 'Velit civis civis uxor baiulus arcus turpis adamo virga repudiandae.', 40, 347, '2025-05-29 03:26:39', '2025-05-29 03:26:39'),
(1, 'Accendo conicio coadunatio amita arma velum uxor aufero harum.', 1, 367, '2024-12-27 07:21:03', '2024-12-27 07:21:03'),
(0, 'Corona cognatus vir despecto certe sonitus cometes libero at arcesso.', 33, 242, '2025-06-30 01:58:42', '2025-06-30 01:58:42'),
(1, 'Temporibus audax circumvenio adopto aestas cruentus pel.', 9, 500, '2025-07-31 20:27:08', '2025-07-31 20:27:08'),
(1, 'Cognatus utilis carbo.', 39, 369, '2024-12-19 12:30:27', '2024-12-19 12:30:27'),
(1, 'Caput conqueror quam caveo adopto demum.', 27, 479, '2025-06-06 12:24:28', '2025-06-06 12:24:28'),
(1, 'Similique dolorum adulescens ab vacuus avaritia architecto damno.', 26, 452, '2025-06-14 15:05:30', '2025-06-14 15:05:30'),
(1, 'Temperantia accommodo venio minima voco absens approbo terga arcesso.', 2, 439, '2025-10-31 21:17:29', '2025-10-31 21:17:29'),
(1, 'Tergeo vulgo somnus compello apparatus virgo adeptio vereor depraedor.', 45, 237, '2025-11-17 17:43:41', '2025-11-17 17:43:41'),
(1, 'Sollers deinde asperiores odio fuga crudelis calculus.', 28, 96, '2025-10-29 23:05:32', '2025-10-29 23:05:32'),
(1, 'Eligendi sto exercitationem cursim.', 44, 59, '2025-01-15 06:28:58', '2025-01-15 06:28:58'),
(1, 'Spes aduro depulso texo dens.', 9, 302, '2025-07-20 20:18:06', '2025-07-20 20:18:06'),
(0, 'Tenuis validus curiositas apparatus ascisco quo ea statua subseco stella.', 30, 283, '2025-02-22 03:32:01', '2025-02-22 03:32:01'),
(1, 'Vero debitis triduana talio ambulo tantillus alienus volva decumbo.', 50, 18, '2025-05-13 22:56:21', '2025-05-13 22:56:21'),
(0, 'Strues denique conforto perferendis tergiversatio demulceo bibo amoveo decumbo.', 9, 53, '2025-11-17 19:56:08', '2025-11-17 19:56:08'),
(1, 'Assentator vomer abduco cauda tristis subnecto aegre allatus subseco dens.', 33, 422, '2025-03-01 17:55:27', '2025-03-01 17:55:27'),
(1, 'Arbustum ratione valeo tametsi cimentarius tego assumenda vos textilis taceo.', 48, 377, '2025-10-04 16:46:11', '2025-10-04 16:46:11'),
(1, 'Clibanus aggredior suffragium vulgaris.', 34, 153, '2025-11-02 16:32:32', '2025-11-02 16:32:32'),
(0, 'Vulticulus labore decens quam.', 5, 42, '2025-02-21 10:23:42', '2025-02-21 10:23:42'),
(1, 'Adsum neque voro timor tenus.', 39, 20, '2025-02-11 05:59:01', '2025-02-11 05:59:01'),
(1, 'Calcar appositus acceptus volaticus.', 15, 116, '2025-08-16 07:58:55', '2025-08-16 07:58:55'),
(1, 'Arbitro cenaculum solum tres quod canis.', 33, 119, '2025-10-17 20:20:27', '2025-10-17 20:20:27'),
(1, 'Facilis antea debitis ars totam rerum avarus torqueo creo cubo.', 18, 489, '2025-06-13 08:37:18', '2025-06-13 08:37:18'),
(0, 'Umbra baiulus tabella sopor accedo.', 12, 56, '2025-02-18 01:16:07', '2025-02-18 01:16:07'),
(0, 'Vestigium aveho adipiscor audeo animi degusto curso verumtamen vestigium.', 50, 52, '2024-12-28 16:01:45', '2024-12-28 16:01:45'),
(1, 'Velut angulus advoco arbor tabgo terror thermae perferendis cattus.', 46, 231, '2025-02-01 14:30:55', '2025-02-01 14:30:55'),
(1, 'Autus nisi ustilo strenuus terminatio tristis uxor neque voluptatibus.', 20, 316, '2025-06-26 11:34:34', '2025-06-26 11:34:34'),
(1, 'Artificiose ars balbus.', 44, 420, '2025-07-24 12:15:24', '2025-07-24 12:15:24'),
(1, 'Sum creta tremo turbo.', 47, 35, '2025-04-29 10:00:02', '2025-04-29 10:00:02'),
(1, 'Sum asper aut sto tondeo.', 35, 457, '2025-01-15 03:44:22', '2025-01-15 03:44:22'),
(1, 'Admoveo patior maiores astrum placeat vociferor demitto volva doloribus.', 47, 168, '2025-01-31 13:36:47', '2025-01-31 13:36:47'),
(0, 'Carmen adeptio ventus supra.', 45, 284, '2025-08-07 17:17:54', '2025-08-07 17:17:54'),
(1, 'Thesaurus tripudio conculco laborum.', 1, 248, '2025-09-17 14:44:25', '2025-09-17 14:44:25'),
(1, 'Vapulus consequuntur caritas optio curso cupio eius.', 46, 120, '2025-07-20 05:04:02', '2025-07-20 05:04:02'),
(0, 'Conor varietas placeat varius cupiditas veniam.', 14, 114, '2025-10-21 08:39:59', '2025-10-21 08:39:59'),
(1, 'Demulceo ancilla admiratio adstringo ambulo tersus spargo architecto.', 31, 3, '2025-03-01 02:35:51', '2025-03-01 02:35:51'),
(0, 'Tener architecto temperantia velit cribro.', 38, 377, '2025-01-19 00:10:46', '2025-01-19 00:10:46'),
(1, 'Accusantium possimus tamquam peior cotidie cibus damno cattus.', 37, 422, '2025-07-07 00:05:27', '2025-07-07 00:05:27'),
(0, 'Accusantium voluptas deleniti uter coerceo angelus.', 25, 301, '2025-07-14 07:01:11', '2025-07-14 07:01:11'),
(1, 'Volubilis ustulo capio corrupti cerno condico defleo constans tyrannus verbum.', 14, 464, '2025-03-09 04:26:41', '2025-03-09 04:26:41'),
(0, 'Accommodo veritatis patrocinor arca vix studio vomica tamdiu.', 10, 66, '2025-04-05 15:44:35', '2025-04-05 15:44:35'),
(1, 'Degusto advoco suggero cribro coniecto coniecto tondeo sophismata.', 46, 301, '2025-07-16 06:16:15', '2025-07-16 06:16:15'),
(0, 'Exercitationem argentum corroboro decerno.', 25, 31, '2025-09-07 20:48:08', '2025-09-07 20:48:08'),
(1, 'Ex textor thesis usque deludo voluptates canto vox cultura.', 3, 488, '2025-11-29 17:00:31', '2025-11-29 17:00:31'),
(1, 'Votum victus pax crudelis canis vita demitto barba demo.', 47, 364, '2025-01-15 13:32:56', '2025-01-15 13:32:56'),
(1, 'Clam repudiandae debitis.', 30, 220, '2025-07-17 08:43:54', '2025-07-17 08:43:54'),
(0, 'Amor voluptatum turpis antiquus balbus textus benevolentia voluptate catena.', 26, 326, '2025-09-27 20:32:07', '2025-09-27 20:32:07'),
(0, 'Dolore bardus patria tonsor crux comis aequitas vigilo.', 13, 42, '2025-05-26 19:44:52', '2025-05-26 19:44:52'),
(0, 'Undique vicinus ager uberrime aestas vinco admoveo odit voco.', 21, 170, '2025-07-15 05:53:48', '2025-07-15 05:53:48'),
(0, 'Sint creta carcer vis cubicularis.', 20, 428, '2025-07-14 04:35:14', '2025-07-14 04:35:14'),
(1, 'Cogo pauper adsum solitudo vergo ex caelestis decretum.', 13, 63, '2025-10-12 18:59:12', '2025-10-12 18:59:12'),
(0, 'Desparatus defero tepidus paens sublime confugo substantia voluptatem spiculum.', 15, 499, '2025-08-16 23:22:01', '2025-08-16 23:22:01'),
(1, 'Tactus atrocitas cibo auxilium vesco thema cupio creber averto.', 9, 377, '2025-08-27 00:36:01', '2025-08-27 00:36:01'),
(0, 'Cupio utroque cruentus.', 44, 311, '2025-07-02 12:17:18', '2025-07-02 12:17:18'),
(1, 'Velociter vaco degero ago cervus vado cubicularis admoneo crastinus.', 1, 357, '2025-09-19 02:41:17', '2025-09-19 02:41:17'),
(1, 'Virga nisi convoco decet uxor adopto virtus corrigo terror.', 12, 464, '2025-01-08 23:05:23', '2025-01-08 23:05:23'),
(1, 'Ceno deporto cohaero cubo aeternus beatus quam.', 13, 186, '2025-01-04 02:10:35', '2025-01-04 02:10:35'),
(1, 'Nemo quis appello desidero synagoga uredo decipio ustilo.', 45, 420, '2025-04-19 20:27:18', '2025-04-19 20:27:18'),
(0, 'Virtus vigor stultus agnitio.', 42, 228, '2025-01-23 16:57:25', '2025-01-23 16:57:25'),
(1, 'Veritas curtus templum talus.', 2, 44, '2025-11-20 06:54:47', '2025-11-20 06:54:47'),
(1, 'Abbas vulgus aperte ustulo coniuratio creator curo.', 14, 100, '2025-11-02 03:00:04', '2025-11-02 03:00:04'),
(0, 'Astrum absens sustineo ventosus caelum apto vulnero.', 48, 441, '2025-07-04 00:39:15', '2025-07-04 00:39:15'),
(1, 'Absque cras attonbitus cuppedia vulgo summisse vulpes crudelis quia.', 37, 343, '2025-09-08 23:39:31', '2025-09-08 23:39:31'),
(0, 'Basium suppono vacuus ventus calamitas aer delibero.', 13, 338, '2025-10-05 04:05:25', '2025-10-05 04:05:25'),
(1, 'Acquiro commodi deduco substantia spoliatio velut administratio crustulum nobis vehemens.', 10, 266, '2024-12-27 13:41:46', '2024-12-27 13:41:46'),
(0, 'Vilicus qui cohaero adimpleo aspernatur tumultus avaritia agnosco.', 35, 32, '2025-06-22 12:26:05', '2025-06-22 12:26:05'),
(0, 'Thermae benevolentia laudantium subiungo nemo creber tamdiu vulticulus conforto.', 30, 241, '2025-04-29 16:01:43', '2025-04-29 16:01:43'),
(1, 'Vulgivagus nam concido comitatus contigo comis calcar pax corporis enim.', 7, 449, '2025-12-03 07:17:04', '2025-12-03 07:17:04'),
(1, 'Vacuus voco vulnero statim defendo.', 38, 86, '2025-11-11 17:45:51', '2025-11-11 17:45:51'),
(0, 'Ancilla vulgaris bellum eveniet bibo cena quis vere.', 48, 33, '2025-08-01 17:25:39', '2025-08-01 17:25:39'),
(0, 'Tremo acquiro adeo tolero demum tactus angulus sonitus.', 44, 492, '2024-12-13 13:54:34', '2024-12-13 13:54:34'),
(0, 'Conservo depromo vesco conicio depono tabula vorago.', 35, 403, '2025-01-23 17:25:25', '2025-01-23 17:25:25'),
(0, 'Bardus sperno debeo.', 19, 110, '2024-12-25 20:59:53', '2024-12-25 20:59:53');
